ISO-10303-21;
HEADER;
/* Generated by software containing ST-Developer
 * from STEP Tools, Inc. (www.steptools.com) 
 */

FILE_DESCRIPTION(
/* description */ (''),
/* implementation_level */ '2;1');

FILE_NAME(
/* name */ 'Pan-Tilt.step',
/* time_stamp */ '2026-09-03T12:27:38+03:00',
/* author */ (''),
/* organization */ (''),
/* preprocessor_version */ 'ST-DEVELOPER v20.1',
/* originating_system */ 'Autodesk Translation Framework v15.8.0.0',
/* authorisation */ '');

FILE_SCHEMA (('AUTOMOTIVE_DESIGN { 1 0 10303 214 3 1 1 }'));
ENDSEC;

DATA;
#10=MECHANICAL_DESIGN_GEOMETRIC_PRESENTATION_REPRESENTATION('',(#57,#58,
#59,#60,#61,#62,#63,#64),#8283);
#11=ITEM_DEFINED_TRANSFORMATION($,$,#5030,#5453);
#12=ITEM_DEFINED_TRANSFORMATION($,$,#5083,#5454);
#13=ITEM_DEFINED_TRANSFORMATION($,$,#5170,#5455);
#14=ITEM_DEFINED_TRANSFORMATION($,$,#5226,#5456);
#15=ITEM_DEFINED_TRANSFORMATION($,$,#5279,#5457);
#16=ITEM_DEFINED_TRANSFORMATION($,$,#5345,#5458);
#17=ITEM_DEFINED_TRANSFORMATION($,$,#5374,#5459);
#18=(
REPRESENTATION_RELATIONSHIP($,$,#8312,#8311)
REPRESENTATION_RELATIONSHIP_WITH_TRANSFORMATION(#11)
SHAPE_REPRESENTATION_RELATIONSHIP()
);
#19=(
REPRESENTATION_RELATIONSHIP($,$,#8313,#8311)
REPRESENTATION_RELATIONSHIP_WITH_TRANSFORMATION(#12)
SHAPE_REPRESENTATION_RELATIONSHIP()
);
#20=(
REPRESENTATION_RELATIONSHIP($,$,#8314,#8311)
REPRESENTATION_RELATIONSHIP_WITH_TRANSFORMATION(#13)
SHAPE_REPRESENTATION_RELATIONSHIP()
);
#21=(
REPRESENTATION_RELATIONSHIP($,$,#8315,#8311)
REPRESENTATION_RELATIONSHIP_WITH_TRANSFORMATION(#14)
SHAPE_REPRESENTATION_RELATIONSHIP()
);
#22=(
REPRESENTATION_RELATIONSHIP($,$,#8316,#8311)
REPRESENTATION_RELATIONSHIP_WITH_TRANSFORMATION(#15)
SHAPE_REPRESENTATION_RELATIONSHIP()
);
#23=(
REPRESENTATION_RELATIONSHIP($,$,#8317,#8311)
REPRESENTATION_RELATIONSHIP_WITH_TRANSFORMATION(#16)
SHAPE_REPRESENTATION_RELATIONSHIP()
);
#24=(
REPRESENTATION_RELATIONSHIP($,$,#8318,#8311)
REPRESENTATION_RELATIONSHIP_WITH_TRANSFORMATION(#17)
SHAPE_REPRESENTATION_RELATIONSHIP()
);
#25=CONTEXT_DEPENDENT_SHAPE_REPRESENTATION(#18,#8304);
#26=CONTEXT_DEPENDENT_SHAPE_REPRESENTATION(#19,#8305);
#27=CONTEXT_DEPENDENT_SHAPE_REPRESENTATION(#20,#8306);
#28=CONTEXT_DEPENDENT_SHAPE_REPRESENTATION(#21,#8307);
#29=CONTEXT_DEPENDENT_SHAPE_REPRESENTATION(#22,#8308);
#30=CONTEXT_DEPENDENT_SHAPE_REPRESENTATION(#23,#8309);
#31=CONTEXT_DEPENDENT_SHAPE_REPRESENTATION(#24,#8310);
#32=NEXT_ASSEMBLY_USAGE_OCCURRENCE('Pan-Tilt base-connector:1',
'Pan-Tilt base-connector:1','Pan-Tilt base-connector:1',#8320,#8321,
'Pan-Tilt base-connector:1');
#33=NEXT_ASSEMBLY_USAGE_OCCURRENCE('Pan-Tilt Base:1','Pan-Tilt Base:1',
'Pan-Tilt Base:1',#8320,#8322,'Pan-Tilt Base:1');
#34=NEXT_ASSEMBLY_USAGE_OCCURRENCE('Pan-Tilt Main Body:1',
'Pan-Tilt Main Body:1','Pan-Tilt Main Body:1',#8320,#8323,
'Pan-Tilt Main Body:1');
#35=NEXT_ASSEMBLY_USAGE_OCCURRENCE('Pan-Tilt Left Domsdlay:1',
'Pan-Tilt Left Domsdlay:1','Pan-Tilt Left Domsdlay:1',#8320,#8324,
'Pan-Tilt Left Domsdlay:1');
#36=NEXT_ASSEMBLY_USAGE_OCCURRENCE('Pan-Tilt Right Domsdlay:1',
'Pan-Tilt Right Domsdlay:1','Pan-Tilt Right Domsdlay:1',#8320,#8325,
'Pan-Tilt Right Domsdlay:1');
#37=NEXT_ASSEMBLY_USAGE_OCCURRENCE('Pan-Tilt Horn:1','Pan-Tilt Horn:1',
'Pan-Tilt Horn:1',#8320,#8326,'Pan-Tilt Horn:1');
#38=NEXT_ASSEMBLY_USAGE_OCCURRENCE('pantilt_3_Domyslna:1',
'pantilt_3_Domyslna:1','pantilt_3_Domyslna:1',#8320,#8327,
'pantilt_3_Domyslna:1');
#39=ELLIPSE('',#5247,1.4143902182187,1.);
#40=ELLIPSE('',#5255,1.4143902182187,1.);
#41=ELLIPSE('',#5304,1.4142135623731,1.);
#42=ELLIPSE('',#5314,1.41421356237309,0.999999999999999);
#43=SHAPE_REPRESENTATION_RELATIONSHIP('SRR','None',#8312,#50);
#44=SHAPE_REPRESENTATION_RELATIONSHIP('SRR','None',#8313,#51);
#45=SHAPE_REPRESENTATION_RELATIONSHIP('SRR','None',#8314,#52);
#46=SHAPE_REPRESENTATION_RELATIONSHIP('SRR','None',#8315,#53);
#47=SHAPE_REPRESENTATION_RELATIONSHIP('SRR','None',#8316,#54);
#48=SHAPE_REPRESENTATION_RELATIONSHIP('SRR','None',#8317,#55);
#49=SHAPE_REPRESENTATION_RELATIONSHIP('SRR','None',#8318,#56);
#50=ADVANCED_BREP_SHAPE_REPRESENTATION('',(#65),#8276);
#51=ADVANCED_BREP_SHAPE_REPRESENTATION('',(#66),#8277);
#52=ADVANCED_BREP_SHAPE_REPRESENTATION('',(#67),#8278);
#53=ADVANCED_BREP_SHAPE_REPRESENTATION('',(#68),#8279);
#54=ADVANCED_BREP_SHAPE_REPRESENTATION('',(#69,#70),#8280);
#55=ADVANCED_BREP_SHAPE_REPRESENTATION('',(#71),#8281);
#56=ADVANCED_BREP_SHAPE_REPRESENTATION('',(#72),#8282);
#57=STYLED_ITEM('',(#8355),#65);
#58=STYLED_ITEM('',(#8355),#66);
#59=STYLED_ITEM('',(#8355),#67);
#60=STYLED_ITEM('',(#8355),#68);
#61=STYLED_ITEM('',(#8355),#69);
#62=STYLED_ITEM('',(#8355),#70);
#63=STYLED_ITEM('',(#8355),#71);
#64=STYLED_ITEM('',(#8356),#72);
#65=MANIFOLD_SOLID_BREP('Body1',#4943);
#66=MANIFOLD_SOLID_BREP('Body1',#4944);
#67=MANIFOLD_SOLID_BREP('Body1',#4945);
#68=MANIFOLD_SOLID_BREP('Body1',#4946);
#69=MANIFOLD_SOLID_BREP('Body1',#4947);
#70=MANIFOLD_SOLID_BREP('Body3',#4948);
#71=MANIFOLD_SOLID_BREP('Body1',#4949);
#72=MANIFOLD_SOLID_BREP('Body1',#4950);
#73=FACE_BOUND('',#585,.T.);
#74=FACE_BOUND('',#588,.T.);
#75=FACE_BOUND('',#593,.T.);
#76=FACE_BOUND('',#595,.T.);
#77=FACE_BOUND('',#597,.T.);
#78=FACE_BOUND('',#623,.T.);
#79=FACE_BOUND('',#624,.T.);
#80=FACE_BOUND('',#625,.T.);
#81=FACE_BOUND('',#626,.T.);
#82=FACE_BOUND('',#627,.T.);
#83=FACE_BOUND('',#630,.T.);
#84=FACE_BOUND('',#633,.T.);
#85=FACE_BOUND('',#636,.T.);
#86=FACE_BOUND('',#639,.T.);
#87=FACE_BOUND('',#646,.T.);
#88=FACE_BOUND('',#647,.T.);
#89=FACE_BOUND('',#648,.T.);
#90=FACE_BOUND('',#649,.T.);
#91=FACE_BOUND('',#650,.T.);
#92=FACE_BOUND('',#654,.T.);
#93=FACE_BOUND('',#668,.T.);
#94=FACE_BOUND('',#669,.T.);
#95=FACE_BOUND('',#670,.T.);
#96=FACE_BOUND('',#671,.T.);
#97=FACE_BOUND('',#672,.T.);
#98=FACE_BOUND('',#674,.T.);
#99=FACE_BOUND('',#675,.T.);
#100=FACE_BOUND('',#676,.T.);
#101=FACE_BOUND('',#677,.T.);
#102=FACE_BOUND('',#678,.T.);
#103=FACE_BOUND('',#681,.T.);
#104=FACE_BOUND('',#684,.T.);
#105=FACE_BOUND('',#694,.T.);
#106=FACE_BOUND('',#699,.T.);
#107=FACE_BOUND('',#707,.T.);
#108=FACE_BOUND('',#724,.T.);
#109=FACE_BOUND('',#725,.T.);
#110=FACE_BOUND('',#771,.T.);
#111=FACE_BOUND('',#799,.T.);
#112=FACE_BOUND('',#801,.T.);
#113=FACE_BOUND('',#805,.T.);
#114=FACE_BOUND('',#807,.T.);
#115=FACE_BOUND('',#815,.T.);
#116=FACE_BOUND('',#818,.T.);
#117=FACE_BOUND('',#820,.T.);
#118=FACE_BOUND('',#825,.T.);
#119=FACE_BOUND('',#826,.T.);
#120=FACE_BOUND('',#828,.T.);
#121=FACE_BOUND('',#829,.T.);
#122=FACE_BOUND('',#830,.T.);
#123=FACE_BOUND('',#848,.T.);
#124=FACE_BOUND('',#879,.T.);
#125=PLANE('',#5034);
#126=PLANE('',#5038);
#127=PLANE('',#5056);
#128=PLANE('',#5057);
#129=PLANE('',#5058);
#130=PLANE('',#5063);
#131=PLANE('',#5064);
#132=PLANE('',#5067);
#133=PLANE('',#5068);
#134=PLANE('',#5069);
#135=PLANE('',#5072);
#136=PLANE('',#5073);
#137=PLANE('',#5074);
#138=PLANE('',#5077);
#139=PLANE('',#5078);
#140=PLANE('',#5079);
#141=PLANE('',#5082);
#142=PLANE('',#5087);
#143=PLANE('',#5091);
#144=PLANE('',#5095);
#145=PLANE('',#5099);
#146=PLANE('',#5100);
#147=PLANE('',#5109);
#148=PLANE('',#5114);
#149=PLANE('',#5119);
#150=PLANE('',#5124);
#151=PLANE('',#5136);
#152=PLANE('',#5143);
#153=PLANE('',#5152);
#154=PLANE('',#5156);
#155=PLANE('',#5160);
#156=PLANE('',#5164);
#157=PLANE('',#5168);
#158=PLANE('',#5169);
#159=PLANE('',#5171);
#160=PLANE('',#5172);
#161=PLANE('',#5176);
#162=PLANE('',#5177);
#163=PLANE('',#5181);
#164=PLANE('',#5189);
#165=PLANE('',#5192);
#166=PLANE('',#5193);
#167=PLANE('',#5199);
#168=PLANE('',#5204);
#169=PLANE('',#5205);
#170=PLANE('',#5209);
#171=PLANE('',#5219);
#172=PLANE('',#5220);
#173=PLANE('',#5221);
#174=PLANE('',#5222);
#175=PLANE('',#5223);
#176=PLANE('',#5224);
#177=PLANE('',#5225);
#178=PLANE('',#5227);
#179=PLANE('',#5228);
#180=PLANE('',#5229);
#181=PLANE('',#5230);
#182=PLANE('',#5231);
#183=PLANE('',#5232);
#184=PLANE('',#5233);
#185=PLANE('',#5234);
#186=PLANE('',#5235);
#187=PLANE('',#5236);
#188=PLANE('',#5245);
#189=PLANE('',#5249);
#190=PLANE('',#5252);
#191=PLANE('',#5256);
#192=PLANE('',#5261);
#193=PLANE('',#5262);
#194=PLANE('',#5263);
#195=PLANE('',#5264);
#196=PLANE('',#5265);
#197=PLANE('',#5266);
#198=PLANE('',#5267);
#199=PLANE('',#5268);
#200=PLANE('',#5269);
#201=PLANE('',#5270);
#202=PLANE('',#5271);
#203=PLANE('',#5272);
#204=PLANE('',#5273);
#205=PLANE('',#5274);
#206=PLANE('',#5275);
#207=PLANE('',#5276);
#208=PLANE('',#5277);
#209=PLANE('',#5278);
#210=PLANE('',#5280);
#211=PLANE('',#5281);
#212=PLANE('',#5282);
#213=PLANE('',#5283);
#214=PLANE('',#5284);
#215=PLANE('',#5285);
#216=PLANE('',#5286);
#217=PLANE('',#5287);
#218=PLANE('',#5288);
#219=PLANE('',#5289);
#220=PLANE('',#5290);
#221=PLANE('',#5291);
#222=PLANE('',#5292);
#223=PLANE('',#5293);
#224=PLANE('',#5294);
#225=PLANE('',#5295);
#226=PLANE('',#5296);
#227=PLANE('',#5305);
#228=PLANE('',#5308);
#229=PLANE('',#5311);
#230=PLANE('',#5315);
#231=PLANE('',#5317);
#232=PLANE('',#5318);
#233=PLANE('',#5320);
#234=PLANE('',#5321);
#235=PLANE('',#5322);
#236=PLANE('',#5323);
#237=PLANE('',#5324);
#238=PLANE('',#5325);
#239=PLANE('',#5326);
#240=PLANE('',#5330);
#241=PLANE('',#5334);
#242=PLANE('',#5335);
#243=PLANE('',#5339);
#244=PLANE('',#5343);
#245=PLANE('',#5344);
#246=PLANE('',#5352);
#247=PLANE('',#5353);
#248=PLANE('',#5357);
#249=PLANE('',#5360);
#250=PLANE('',#5361);
#251=PLANE('',#5368);
#252=PLANE('',#5372);
#253=PLANE('',#5373);
#254=PLANE('',#5378);
#255=PLANE('',#5379);
#256=PLANE('',#5380);
#257=PLANE('',#5383);
#258=PLANE('',#5386);
#259=PLANE('',#5387);
#260=PLANE('',#5388);
#261=PLANE('',#5389);
#262=PLANE('',#5390);
#263=PLANE('',#5391);
#264=PLANE('',#5393);
#265=PLANE('',#5395);
#266=PLANE('',#5396);
#267=PLANE('',#5397);
#268=PLANE('',#5398);
#269=PLANE('',#5399);
#270=PLANE('',#5400);
#271=PLANE('',#5401);
#272=PLANE('',#5402);
#273=PLANE('',#5404);
#274=PLANE('',#5405);
#275=PLANE('',#5406);
#276=PLANE('',#5407);
#277=PLANE('',#5408);
#278=PLANE('',#5409);
#279=PLANE('',#5410);
#280=PLANE('',#5411);
#281=PLANE('',#5412);
#282=PLANE('',#5413);
#283=PLANE('',#5414);
#284=PLANE('',#5415);
#285=PLANE('',#5416);
#286=PLANE('',#5417);
#287=PLANE('',#5418);
#288=PLANE('',#5419);
#289=PLANE('',#5420);
#290=PLANE('',#5421);
#291=PLANE('',#5422);
#292=PLANE('',#5423);
#293=PLANE('',#5424);
#294=PLANE('',#5425);
#295=PLANE('',#5426);
#296=PLANE('',#5427);
#297=PLANE('',#5428);
#298=PLANE('',#5429);
#299=PLANE('',#5430);
#300=PLANE('',#5431);
#301=PLANE('',#5434);
#302=PLANE('',#5435);
#303=PLANE('',#5436);
#304=PLANE('',#5437);
#305=PLANE('',#5438);
#306=PLANE('',#5439);
#307=PLANE('',#5440);
#308=PLANE('',#5441);
#309=PLANE('',#5442);
#310=PLANE('',#5443);
#311=PLANE('',#5444);
#312=PLANE('',#5445);
#313=PLANE('',#5446);
#314=PLANE('',#5447);
#315=PLANE('',#5448);
#316=PLANE('',#5449);
#317=PLANE('',#5450);
#318=PLANE('',#5451);
#319=PLANE('',#5452);
#320=FACE_OUTER_BOUND('',#583,.T.);
#321=FACE_OUTER_BOUND('',#584,.T.);
#322=FACE_OUTER_BOUND('',#586,.T.);
#323=FACE_OUTER_BOUND('',#587,.T.);
#324=FACE_OUTER_BOUND('',#589,.T.);
#325=FACE_OUTER_BOUND('',#590,.T.);
#326=FACE_OUTER_BOUND('',#591,.T.);
#327=FACE_OUTER_BOUND('',#592,.T.);
#328=FACE_OUTER_BOUND('',#594,.T.);
#329=FACE_OUTER_BOUND('',#596,.T.);
#330=FACE_OUTER_BOUND('',#598,.T.);
#331=FACE_OUTER_BOUND('',#599,.T.);
#332=FACE_OUTER_BOUND('',#600,.T.);
#333=FACE_OUTER_BOUND('',#601,.T.);
#334=FACE_OUTER_BOUND('',#602,.T.);
#335=FACE_OUTER_BOUND('',#603,.T.);
#336=FACE_OUTER_BOUND('',#604,.T.);
#337=FACE_OUTER_BOUND('',#605,.T.);
#338=FACE_OUTER_BOUND('',#606,.T.);
#339=FACE_OUTER_BOUND('',#607,.T.);
#340=FACE_OUTER_BOUND('',#608,.T.);
#341=FACE_OUTER_BOUND('',#609,.T.);
#342=FACE_OUTER_BOUND('',#610,.T.);
#343=FACE_OUTER_BOUND('',#611,.T.);
#344=FACE_OUTER_BOUND('',#612,.T.);
#345=FACE_OUTER_BOUND('',#613,.T.);
#346=FACE_OUTER_BOUND('',#614,.T.);
#347=FACE_OUTER_BOUND('',#615,.T.);
#348=FACE_OUTER_BOUND('',#616,.T.);
#349=FACE_OUTER_BOUND('',#617,.T.);
#350=FACE_OUTER_BOUND('',#618,.T.);
#351=FACE_OUTER_BOUND('',#619,.T.);
#352=FACE_OUTER_BOUND('',#620,.T.);
#353=FACE_OUTER_BOUND('',#621,.T.);
#354=FACE_OUTER_BOUND('',#622,.T.);
#355=FACE_OUTER_BOUND('',#628,.T.);
#356=FACE_OUTER_BOUND('',#629,.T.);
#357=FACE_OUTER_BOUND('',#631,.T.);
#358=FACE_OUTER_BOUND('',#632,.T.);
#359=FACE_OUTER_BOUND('',#634,.T.);
#360=FACE_OUTER_BOUND('',#635,.T.);
#361=FACE_OUTER_BOUND('',#637,.T.);
#362=FACE_OUTER_BOUND('',#638,.T.);
#363=FACE_OUTER_BOUND('',#640,.T.);
#364=FACE_OUTER_BOUND('',#641,.T.);
#365=FACE_OUTER_BOUND('',#642,.T.);
#366=FACE_OUTER_BOUND('',#643,.T.);
#367=FACE_OUTER_BOUND('',#644,.T.);
#368=FACE_OUTER_BOUND('',#645,.T.);
#369=FACE_OUTER_BOUND('',#651,.T.);
#370=FACE_OUTER_BOUND('',#652,.T.);
#371=FACE_OUTER_BOUND('',#653,.T.);
#372=FACE_OUTER_BOUND('',#655,.T.);
#373=FACE_OUTER_BOUND('',#656,.T.);
#374=FACE_OUTER_BOUND('',#657,.T.);
#375=FACE_OUTER_BOUND('',#658,.T.);
#376=FACE_OUTER_BOUND('',#659,.T.);
#377=FACE_OUTER_BOUND('',#660,.T.);
#378=FACE_OUTER_BOUND('',#661,.T.);
#379=FACE_OUTER_BOUND('',#662,.T.);
#380=FACE_OUTER_BOUND('',#663,.T.);
#381=FACE_OUTER_BOUND('',#664,.T.);
#382=FACE_OUTER_BOUND('',#665,.T.);
#383=FACE_OUTER_BOUND('',#666,.T.);
#384=FACE_OUTER_BOUND('',#667,.T.);
#385=FACE_OUTER_BOUND('',#673,.T.);
#386=FACE_OUTER_BOUND('',#679,.T.);
#387=FACE_OUTER_BOUND('',#680,.T.);
#388=FACE_OUTER_BOUND('',#682,.T.);
#389=FACE_OUTER_BOUND('',#683,.T.);
#390=FACE_OUTER_BOUND('',#685,.T.);
#391=FACE_OUTER_BOUND('',#686,.T.);
#392=FACE_OUTER_BOUND('',#687,.T.);
#393=FACE_OUTER_BOUND('',#688,.T.);
#394=FACE_OUTER_BOUND('',#689,.T.);
#395=FACE_OUTER_BOUND('',#690,.T.);
#396=FACE_OUTER_BOUND('',#691,.T.);
#397=FACE_OUTER_BOUND('',#692,.T.);
#398=FACE_OUTER_BOUND('',#693,.T.);
#399=FACE_OUTER_BOUND('',#695,.T.);
#400=FACE_OUTER_BOUND('',#696,.T.);
#401=FACE_OUTER_BOUND('',#697,.T.);
#402=FACE_OUTER_BOUND('',#698,.T.);
#403=FACE_OUTER_BOUND('',#700,.T.);
#404=FACE_OUTER_BOUND('',#701,.T.);
#405=FACE_OUTER_BOUND('',#702,.T.);
#406=FACE_OUTER_BOUND('',#703,.T.);
#407=FACE_OUTER_BOUND('',#704,.T.);
#408=FACE_OUTER_BOUND('',#705,.T.);
#409=FACE_OUTER_BOUND('',#706,.T.);
#410=FACE_OUTER_BOUND('',#708,.T.);
#411=FACE_OUTER_BOUND('',#709,.T.);
#412=FACE_OUTER_BOUND('',#710,.T.);
#413=FACE_OUTER_BOUND('',#711,.T.);
#414=FACE_OUTER_BOUND('',#712,.T.);
#415=FACE_OUTER_BOUND('',#713,.T.);
#416=FACE_OUTER_BOUND('',#714,.T.);
#417=FACE_OUTER_BOUND('',#715,.T.);
#418=FACE_OUTER_BOUND('',#716,.T.);
#419=FACE_OUTER_BOUND('',#717,.T.);
#420=FACE_OUTER_BOUND('',#718,.T.);
#421=FACE_OUTER_BOUND('',#719,.T.);
#422=FACE_OUTER_BOUND('',#720,.T.);
#423=FACE_OUTER_BOUND('',#721,.T.);
#424=FACE_OUTER_BOUND('',#722,.T.);
#425=FACE_OUTER_BOUND('',#723,.T.);
#426=FACE_OUTER_BOUND('',#726,.T.);
#427=FACE_OUTER_BOUND('',#727,.T.);
#428=FACE_OUTER_BOUND('',#728,.T.);
#429=FACE_OUTER_BOUND('',#729,.T.);
#430=FACE_OUTER_BOUND('',#730,.T.);
#431=FACE_OUTER_BOUND('',#731,.T.);
#432=FACE_OUTER_BOUND('',#732,.T.);
#433=FACE_OUTER_BOUND('',#733,.T.);
#434=FACE_OUTER_BOUND('',#734,.T.);
#435=FACE_OUTER_BOUND('',#735,.T.);
#436=FACE_OUTER_BOUND('',#736,.T.);
#437=FACE_OUTER_BOUND('',#737,.T.);
#438=FACE_OUTER_BOUND('',#738,.T.);
#439=FACE_OUTER_BOUND('',#739,.T.);
#440=FACE_OUTER_BOUND('',#740,.T.);
#441=FACE_OUTER_BOUND('',#741,.T.);
#442=FACE_OUTER_BOUND('',#742,.T.);
#443=FACE_OUTER_BOUND('',#743,.T.);
#444=FACE_OUTER_BOUND('',#744,.T.);
#445=FACE_OUTER_BOUND('',#745,.T.);
#446=FACE_OUTER_BOUND('',#746,.T.);
#447=FACE_OUTER_BOUND('',#747,.T.);
#448=FACE_OUTER_BOUND('',#748,.T.);
#449=FACE_OUTER_BOUND('',#749,.T.);
#450=FACE_OUTER_BOUND('',#750,.T.);
#451=FACE_OUTER_BOUND('',#751,.T.);
#452=FACE_OUTER_BOUND('',#752,.T.);
#453=FACE_OUTER_BOUND('',#753,.T.);
#454=FACE_OUTER_BOUND('',#754,.T.);
#455=FACE_OUTER_BOUND('',#755,.T.);
#456=FACE_OUTER_BOUND('',#756,.T.);
#457=FACE_OUTER_BOUND('',#757,.T.);
#458=FACE_OUTER_BOUND('',#758,.T.);
#459=FACE_OUTER_BOUND('',#759,.T.);
#460=FACE_OUTER_BOUND('',#760,.T.);
#461=FACE_OUTER_BOUND('',#761,.T.);
#462=FACE_OUTER_BOUND('',#762,.T.);
#463=FACE_OUTER_BOUND('',#763,.T.);
#464=FACE_OUTER_BOUND('',#764,.T.);
#465=FACE_OUTER_BOUND('',#765,.T.);
#466=FACE_OUTER_BOUND('',#766,.T.);
#467=FACE_OUTER_BOUND('',#767,.T.);
#468=FACE_OUTER_BOUND('',#768,.T.);
#469=FACE_OUTER_BOUND('',#769,.T.);
#470=FACE_OUTER_BOUND('',#770,.T.);
#471=FACE_OUTER_BOUND('',#772,.T.);
#472=FACE_OUTER_BOUND('',#773,.T.);
#473=FACE_OUTER_BOUND('',#774,.T.);
#474=FACE_OUTER_BOUND('',#775,.T.);
#475=FACE_OUTER_BOUND('',#776,.T.);
#476=FACE_OUTER_BOUND('',#777,.T.);
#477=FACE_OUTER_BOUND('',#778,.T.);
#478=FACE_OUTER_BOUND('',#779,.T.);
#479=FACE_OUTER_BOUND('',#780,.T.);
#480=FACE_OUTER_BOUND('',#781,.T.);
#481=FACE_OUTER_BOUND('',#782,.T.);
#482=FACE_OUTER_BOUND('',#783,.T.);
#483=FACE_OUTER_BOUND('',#784,.T.);
#484=FACE_OUTER_BOUND('',#785,.T.);
#485=FACE_OUTER_BOUND('',#786,.T.);
#486=FACE_OUTER_BOUND('',#787,.T.);
#487=FACE_OUTER_BOUND('',#788,.T.);
#488=FACE_OUTER_BOUND('',#789,.T.);
#489=FACE_OUTER_BOUND('',#790,.T.);
#490=FACE_OUTER_BOUND('',#791,.T.);
#491=FACE_OUTER_BOUND('',#792,.T.);
#492=FACE_OUTER_BOUND('',#793,.T.);
#493=FACE_OUTER_BOUND('',#794,.T.);
#494=FACE_OUTER_BOUND('',#795,.T.);
#495=FACE_OUTER_BOUND('',#796,.T.);
#496=FACE_OUTER_BOUND('',#797,.T.);
#497=FACE_OUTER_BOUND('',#798,.T.);
#498=FACE_OUTER_BOUND('',#800,.T.);
#499=FACE_OUTER_BOUND('',#802,.T.);
#500=FACE_OUTER_BOUND('',#803,.T.);
#501=FACE_OUTER_BOUND('',#804,.T.);
#502=FACE_OUTER_BOUND('',#806,.T.);
#503=FACE_OUTER_BOUND('',#808,.T.);
#504=FACE_OUTER_BOUND('',#809,.T.);
#505=FACE_OUTER_BOUND('',#810,.T.);
#506=FACE_OUTER_BOUND('',#811,.T.);
#507=FACE_OUTER_BOUND('',#812,.T.);
#508=FACE_OUTER_BOUND('',#813,.T.);
#509=FACE_OUTER_BOUND('',#814,.T.);
#510=FACE_OUTER_BOUND('',#816,.T.);
#511=FACE_OUTER_BOUND('',#817,.T.);
#512=FACE_OUTER_BOUND('',#819,.T.);
#513=FACE_OUTER_BOUND('',#821,.T.);
#514=FACE_OUTER_BOUND('',#822,.T.);
#515=FACE_OUTER_BOUND('',#823,.T.);
#516=FACE_OUTER_BOUND('',#824,.T.);
#517=FACE_OUTER_BOUND('',#827,.T.);
#518=FACE_OUTER_BOUND('',#831,.T.);
#519=FACE_OUTER_BOUND('',#832,.T.);
#520=FACE_OUTER_BOUND('',#833,.T.);
#521=FACE_OUTER_BOUND('',#834,.T.);
#522=FACE_OUTER_BOUND('',#835,.T.);
#523=FACE_OUTER_BOUND('',#836,.T.);
#524=FACE_OUTER_BOUND('',#837,.T.);
#525=FACE_OUTER_BOUND('',#838,.T.);
#526=FACE_OUTER_BOUND('',#839,.T.);
#527=FACE_OUTER_BOUND('',#840,.T.);
#528=FACE_OUTER_BOUND('',#841,.T.);
#529=FACE_OUTER_BOUND('',#842,.T.);
#530=FACE_OUTER_BOUND('',#843,.T.);
#531=FACE_OUTER_BOUND('',#844,.T.);
#532=FACE_OUTER_BOUND('',#845,.T.);
#533=FACE_OUTER_BOUND('',#846,.T.);
#534=FACE_OUTER_BOUND('',#847,.T.);
#535=FACE_OUTER_BOUND('',#849,.T.);
#536=FACE_OUTER_BOUND('',#850,.T.);
#537=FACE_OUTER_BOUND('',#851,.T.);
#538=FACE_OUTER_BOUND('',#852,.T.);
#539=FACE_OUTER_BOUND('',#853,.T.);
#540=FACE_OUTER_BOUND('',#854,.T.);
#541=FACE_OUTER_BOUND('',#855,.T.);
#542=FACE_OUTER_BOUND('',#856,.T.);
#543=FACE_OUTER_BOUND('',#857,.T.);
#544=FACE_OUTER_BOUND('',#858,.T.);
#545=FACE_OUTER_BOUND('',#859,.T.);
#546=FACE_OUTER_BOUND('',#860,.T.);
#547=FACE_OUTER_BOUND('',#861,.T.);
#548=FACE_OUTER_BOUND('',#862,.T.);
#549=FACE_OUTER_BOUND('',#863,.T.);
#550=FACE_OUTER_BOUND('',#864,.T.);
#551=FACE_OUTER_BOUND('',#865,.T.);
#552=FACE_OUTER_BOUND('',#866,.T.);
#553=FACE_OUTER_BOUND('',#867,.T.);
#554=FACE_OUTER_BOUND('',#868,.T.);
#555=FACE_OUTER_BOUND('',#869,.T.);
#556=FACE_OUTER_BOUND('',#870,.T.);
#557=FACE_OUTER_BOUND('',#871,.T.);
#558=FACE_OUTER_BOUND('',#872,.T.);
#559=FACE_OUTER_BOUND('',#873,.T.);
#560=FACE_OUTER_BOUND('',#874,.T.);
#561=FACE_OUTER_BOUND('',#875,.T.);
#562=FACE_OUTER_BOUND('',#876,.T.);
#563=FACE_OUTER_BOUND('',#877,.T.);
#564=FACE_OUTER_BOUND('',#878,.T.);
#565=FACE_OUTER_BOUND('',#880,.T.);
#566=FACE_OUTER_BOUND('',#881,.T.);
#567=FACE_OUTER_BOUND('',#882,.T.);
#568=FACE_OUTER_BOUND('',#883,.T.);
#569=FACE_OUTER_BOUND('',#884,.T.);
#570=FACE_OUTER_BOUND('',#885,.T.);
#571=FACE_OUTER_BOUND('',#886,.T.);
#572=FACE_OUTER_BOUND('',#887,.T.);
#573=FACE_OUTER_BOUND('',#888,.T.);
#574=FACE_OUTER_BOUND('',#889,.T.);
#575=FACE_OUTER_BOUND('',#890,.T.);
#576=FACE_OUTER_BOUND('',#891,.T.);
#577=FACE_OUTER_BOUND('',#892,.T.);
#578=FACE_OUTER_BOUND('',#893,.T.);
#579=FACE_OUTER_BOUND('',#894,.T.);
#580=FACE_OUTER_BOUND('',#895,.T.);
#581=FACE_OUTER_BOUND('',#896,.T.);
#582=FACE_OUTER_BOUND('',#897,.T.);
#583=EDGE_LOOP('',(#3244,#3245,#3246,#3247));
#584=EDGE_LOOP('',(#3248));
#585=EDGE_LOOP('',(#3249));
#586=EDGE_LOOP('',(#3250,#3251,#3252,#3253));
#587=EDGE_LOOP('',(#3254));
#588=EDGE_LOOP('',(#3255));
#589=EDGE_LOOP('',(#3256,#3257,#3258,#3259));
#590=EDGE_LOOP('',(#3260,#3261,#3262,#3263));
#591=EDGE_LOOP('',(#3264,#3265,#3266,#3267,#3268,#3269,#3270,#3271,#3272,
#3273,#3274,#3275,#3276,#3277,#3278,#3279,#3280,#3281,#3282,#3283));
#592=EDGE_LOOP('',(#3284));
#593=EDGE_LOOP('',(#3285));
#594=EDGE_LOOP('',(#3286));
#595=EDGE_LOOP('',(#3287));
#596=EDGE_LOOP('',(#3288,#3289,#3290,#3291,#3292,#3293,#3294,#3295,#3296,
#3297,#3298,#3299,#3300,#3301,#3302,#3303));
#597=EDGE_LOOP('',(#3304));
#598=EDGE_LOOP('',(#3305,#3306,#3307,#3308));
#599=EDGE_LOOP('',(#3309,#3310,#3311,#3312));
#600=EDGE_LOOP('',(#3313,#3314,#3315,#3316));
#601=EDGE_LOOP('',(#3317,#3318,#3319,#3320));
#602=EDGE_LOOP('',(#3321,#3322,#3323,#3324));
#603=EDGE_LOOP('',(#3325,#3326,#3327,#3328));
#604=EDGE_LOOP('',(#3329,#3330,#3331,#3332));
#605=EDGE_LOOP('',(#3333,#3334,#3335,#3336,#3337));
#606=EDGE_LOOP('',(#3338,#3339,#3340,#3341));
#607=EDGE_LOOP('',(#3342,#3343,#3344,#3345));
#608=EDGE_LOOP('',(#3346,#3347,#3348,#3349));
#609=EDGE_LOOP('',(#3350,#3351,#3352,#3353));
#610=EDGE_LOOP('',(#3354,#3355,#3356,#3357));
#611=EDGE_LOOP('',(#3358,#3359,#3360,#3361));
#612=EDGE_LOOP('',(#3362,#3363,#3364,#3365));
#613=EDGE_LOOP('',(#3366,#3367,#3368,#3369));
#614=EDGE_LOOP('',(#3370,#3371,#3372,#3373));
#615=EDGE_LOOP('',(#3374,#3375,#3376,#3377));
#616=EDGE_LOOP('',(#3378,#3379,#3380,#3381));
#617=EDGE_LOOP('',(#3382,#3383,#3384,#3385));
#618=EDGE_LOOP('',(#3386,#3387,#3388,#3389));
#619=EDGE_LOOP('',(#3390,#3391,#3392,#3393));
#620=EDGE_LOOP('',(#3394,#3395,#3396,#3397));
#621=EDGE_LOOP('',(#3398,#3399,#3400,#3401));
#622=EDGE_LOOP('',(#3402,#3403,#3404,#3405,#3406,#3407,#3408,#3409));
#623=EDGE_LOOP('',(#3410));
#624=EDGE_LOOP('',(#3411));
#625=EDGE_LOOP('',(#3412));
#626=EDGE_LOOP('',(#3413));
#627=EDGE_LOOP('',(#3414));
#628=EDGE_LOOP('',(#3415,#3416,#3417,#3418));
#629=EDGE_LOOP('',(#3419));
#630=EDGE_LOOP('',(#3420));
#631=EDGE_LOOP('',(#3421,#3422,#3423,#3424));
#632=EDGE_LOOP('',(#3425));
#633=EDGE_LOOP('',(#3426));
#634=EDGE_LOOP('',(#3427,#3428,#3429,#3430));
#635=EDGE_LOOP('',(#3431));
#636=EDGE_LOOP('',(#3432));
#637=EDGE_LOOP('',(#3433,#3434,#3435,#3436));
#638=EDGE_LOOP('',(#3437));
#639=EDGE_LOOP('',(#3438));
#640=EDGE_LOOP('',(#3439,#3440,#3441,#3442));
#641=EDGE_LOOP('',(#3443,#3444,#3445,#3446));
#642=EDGE_LOOP('',(#3447,#3448,#3449,#3450));
#643=EDGE_LOOP('',(#3451,#3452,#3453,#3454));
#644=EDGE_LOOP('',(#3455,#3456,#3457,#3458));
#645=EDGE_LOOP('',(#3459));
#646=EDGE_LOOP('',(#3460));
#647=EDGE_LOOP('',(#3461));
#648=EDGE_LOOP('',(#3462));
#649=EDGE_LOOP('',(#3463));
#650=EDGE_LOOP('',(#3464));
#651=EDGE_LOOP('',(#3465,#3466,#3467,#3468));
#652=EDGE_LOOP('',(#3469,#3470,#3471,#3472));
#653=EDGE_LOOP('',(#3473));
#654=EDGE_LOOP('',(#3474));
#655=EDGE_LOOP('',(#3475,#3476,#3477,#3478));
#656=EDGE_LOOP('',(#3479,#3480,#3481,#3482));
#657=EDGE_LOOP('',(#3483,#3484,#3485,#3486));
#658=EDGE_LOOP('',(#3487,#3488,#3489,#3490));
#659=EDGE_LOOP('',(#3491,#3492,#3493,#3494));
#660=EDGE_LOOP('',(#3495,#3496,#3497,#3498));
#661=EDGE_LOOP('',(#3499,#3500,#3501,#3502));
#662=EDGE_LOOP('',(#3503,#3504,#3505,#3506));
#663=EDGE_LOOP('',(#3507,#3508,#3509,#3510));
#664=EDGE_LOOP('',(#3511,#3512,#3513,#3514));
#665=EDGE_LOOP('',(#3515,#3516,#3517,#3518));
#666=EDGE_LOOP('',(#3519,#3520,#3521,#3522));
#667=EDGE_LOOP('',(#3523,#3524,#3525,#3526,#3527,#3528,#3529,#3530));
#668=EDGE_LOOP('',(#3531));
#669=EDGE_LOOP('',(#3532));
#670=EDGE_LOOP('',(#3533));
#671=EDGE_LOOP('',(#3534));
#672=EDGE_LOOP('',(#3535));
#673=EDGE_LOOP('',(#3536,#3537,#3538,#3539,#3540,#3541,#3542,#3543));
#674=EDGE_LOOP('',(#3544));
#675=EDGE_LOOP('',(#3545));
#676=EDGE_LOOP('',(#3546));
#677=EDGE_LOOP('',(#3547));
#678=EDGE_LOOP('',(#3548,#3549,#3550,#3551,#3552,#3553,#3554,#3555));
#679=EDGE_LOOP('',(#3556,#3557,#3558,#3559));
#680=EDGE_LOOP('',(#3560,#3561,#3562,#3563,#3564,#3565));
#681=EDGE_LOOP('',(#3566));
#682=EDGE_LOOP('',(#3567,#3568,#3569,#3570,#3571));
#683=EDGE_LOOP('',(#3572,#3573,#3574,#3575,#3576,#3577));
#684=EDGE_LOOP('',(#3578));
#685=EDGE_LOOP('',(#3579,#3580,#3581,#3582,#3583,#3584,#3585,#3586));
#686=EDGE_LOOP('',(#3587,#3588,#3589,#3590));
#687=EDGE_LOOP('',(#3591,#3592,#3593,#3594));
#688=EDGE_LOOP('',(#3595,#3596,#3597,#3598));
#689=EDGE_LOOP('',(#3599,#3600,#3601,#3602,#3603,#3604,#3605,#3606,#3607,
#3608,#3609,#3610,#3611,#3612));
#690=EDGE_LOOP('',(#3613,#3614,#3615));
#691=EDGE_LOOP('',(#3616,#3617,#3618,#3619));
#692=EDGE_LOOP('',(#3620,#3621,#3622,#3623));
#693=EDGE_LOOP('',(#3624,#3625,#3626,#3627,#3628,#3629));
#694=EDGE_LOOP('',(#3630));
#695=EDGE_LOOP('',(#3631,#3632,#3633,#3634));
#696=EDGE_LOOP('',(#3635,#3636,#3637,#3638));
#697=EDGE_LOOP('',(#3639,#3640,#3641,#3642));
#698=EDGE_LOOP('',(#3643,#3644,#3645,#3646,#3647,#3648));
#699=EDGE_LOOP('',(#3649));
#700=EDGE_LOOP('',(#3650,#3651,#3652,#3653));
#701=EDGE_LOOP('',(#3654));
#702=EDGE_LOOP('',(#3655,#3656,#3657,#3658));
#703=EDGE_LOOP('',(#3659,#3660,#3661,#3662,#3663,#3664,#3665));
#704=EDGE_LOOP('',(#3666,#3667,#3668,#3669));
#705=EDGE_LOOP('',(#3670,#3671,#3672,#3673));
#706=EDGE_LOOP('',(#3674,#3675,#3676,#3677));
#707=EDGE_LOOP('',(#3678));
#708=EDGE_LOOP('',(#3679,#3680,#3681));
#709=EDGE_LOOP('',(#3682,#3683,#3684,#3685));
#710=EDGE_LOOP('',(#3686,#3687,#3688,#3689));
#711=EDGE_LOOP('',(#3690,#3691,#3692,#3693));
#712=EDGE_LOOP('',(#3694,#3695,#3696,#3697));
#713=EDGE_LOOP('',(#3698,#3699,#3700,#3701,#3702,#3703,#3704,#3705,#3706,
#3707,#3708,#3709,#3710,#3711));
#714=EDGE_LOOP('',(#3712,#3713,#3714,#3715,#3716,#3717,#3718,#3719));
#715=EDGE_LOOP('',(#3720,#3721,#3722,#3723,#3724,#3725,#3726,#3727));
#716=EDGE_LOOP('',(#3728,#3729,#3730,#3731));
#717=EDGE_LOOP('',(#3732,#3733,#3734,#3735));
#718=EDGE_LOOP('',(#3736,#3737,#3738,#3739,#3740,#3741,#3742));
#719=EDGE_LOOP('',(#3743,#3744,#3745,#3746));
#720=EDGE_LOOP('',(#3747,#3748,#3749,#3750,#3751,#3752,#3753,#3754,#3755,
#3756));
#721=EDGE_LOOP('',(#3757,#3758,#3759,#3760,#3761,#3762,#3763,#3764));
#722=EDGE_LOOP('',(#3765,#3766,#3767,#3768));
#723=EDGE_LOOP('',(#3769,#3770,#3771,#3772,#3773,#3774,#3775));
#724=EDGE_LOOP('',(#3776,#3777,#3778,#3779,#3780,#3781,#3782,#3783));
#725=EDGE_LOOP('',(#3784));
#726=EDGE_LOOP('',(#3785,#3786,#3787,#3788));
#727=EDGE_LOOP('',(#3789));
#728=EDGE_LOOP('',(#3790,#3791,#3792,#3793,#3794));
#729=EDGE_LOOP('',(#3795,#3796,#3797,#3798));
#730=EDGE_LOOP('',(#3799,#3800,#3801,#3802));
#731=EDGE_LOOP('',(#3803,#3804,#3805,#3806));
#732=EDGE_LOOP('',(#3807,#3808,#3809,#3810,#3811));
#733=EDGE_LOOP('',(#3812,#3813,#3814,#3815));
#734=EDGE_LOOP('',(#3816,#3817,#3818,#3819));
#735=EDGE_LOOP('',(#3820,#3821,#3822,#3823));
#736=EDGE_LOOP('',(#3824,#3825,#3826,#3827));
#737=EDGE_LOOP('',(#3828,#3829,#3830,#3831));
#738=EDGE_LOOP('',(#3832,#3833,#3834,#3835,#3836));
#739=EDGE_LOOP('',(#3837,#3838,#3839,#3840,#3841));
#740=EDGE_LOOP('',(#3842,#3843,#3844,#3845));
#741=EDGE_LOOP('',(#3846,#3847,#3848,#3849,#3850,#3851,#3852,#3853,#3854,
#3855,#3856,#3857));
#742=EDGE_LOOP('',(#3858,#3859,#3860,#3861));
#743=EDGE_LOOP('',(#3862,#3863,#3864,#3865,#3866,#3867,#3868,#3869));
#744=EDGE_LOOP('',(#3870,#3871,#3872,#3873,#3874,#3875,#3876,#3877,#3878,
#3879,#3880,#3881,#3882,#3883));
#745=EDGE_LOOP('',(#3884,#3885,#3886,#3887,#3888,#3889,#3890,#3891));
#746=EDGE_LOOP('',(#3892,#3893,#3894,#3895));
#747=EDGE_LOOP('',(#3896,#3897,#3898,#3899));
#748=EDGE_LOOP('',(#3900,#3901,#3902,#3903));
#749=EDGE_LOOP('',(#3904,#3905,#3906,#3907));
#750=EDGE_LOOP('',(#3908,#3909,#3910,#3911));
#751=EDGE_LOOP('',(#3912,#3913,#3914,#3915));
#752=EDGE_LOOP('',(#3916,#3917,#3918,#3919));
#753=EDGE_LOOP('',(#3920,#3921,#3922,#3923));
#754=EDGE_LOOP('',(#3924,#3925,#3926,#3927,#3928,#3929,#3930,#3931));
#755=EDGE_LOOP('',(#3932,#3933,#3934,#3935,#3936,#3937,#3938,#3939));
#756=EDGE_LOOP('',(#3940,#3941,#3942,#3943));
#757=EDGE_LOOP('',(#3944,#3945,#3946,#3947));
#758=EDGE_LOOP('',(#3948,#3949,#3950,#3951));
#759=EDGE_LOOP('',(#3952,#3953,#3954,#3955));
#760=EDGE_LOOP('',(#3956,#3957,#3958,#3959));
#761=EDGE_LOOP('',(#3960,#3961,#3962,#3963,#3964,#3965,#3966,#3967,#3968,
#3969));
#762=EDGE_LOOP('',(#3970,#3971,#3972,#3973));
#763=EDGE_LOOP('',(#3974,#3975,#3976,#3977));
#764=EDGE_LOOP('',(#3978,#3979,#3980,#3981,#3982,#3983,#3984,#3985,#3986,
#3987,#3988,#3989));
#765=EDGE_LOOP('',(#3990,#3991,#3992,#3993));
#766=EDGE_LOOP('',(#3994,#3995,#3996,#3997));
#767=EDGE_LOOP('',(#3998,#3999,#4000,#4001,#4002,#4003,#4004,#4005,#4006));
#768=EDGE_LOOP('',(#4007,#4008,#4009,#4010));
#769=EDGE_LOOP('',(#4011,#4012,#4013,#4014));
#770=EDGE_LOOP('',(#4015,#4016,#4017,#4018,#4019,#4020));
#771=EDGE_LOOP('',(#4021,#4022,#4023,#4024,#4025,#4026,#4027,#4028));
#772=EDGE_LOOP('',(#4029,#4030,#4031,#4032,#4033));
#773=EDGE_LOOP('',(#4034,#4035,#4036,#4037));
#774=EDGE_LOOP('',(#4038,#4039,#4040,#4041));
#775=EDGE_LOOP('',(#4042,#4043,#4044,#4045));
#776=EDGE_LOOP('',(#4046,#4047,#4048,#4049));
#777=EDGE_LOOP('',(#4050,#4051,#4052,#4053));
#778=EDGE_LOOP('',(#4054,#4055,#4056,#4057,#4058));
#779=EDGE_LOOP('',(#4059,#4060,#4061,#4062,#4063,#4064,#4065,#4066,#4067,
#4068,#4069,#4070,#4071,#4072));
#780=EDGE_LOOP('',(#4073,#4074,#4075,#4076,#4077));
#781=EDGE_LOOP('',(#4078,#4079,#4080,#4081));
#782=EDGE_LOOP('',(#4082,#4083,#4084,#4085));
#783=EDGE_LOOP('',(#4086,#4087,#4088,#4089));
#784=EDGE_LOOP('',(#4090,#4091,#4092,#4093,#4094,#4095,#4096));
#785=EDGE_LOOP('',(#4097,#4098,#4099,#4100,#4101,#4102,#4103));
#786=EDGE_LOOP('',(#4104,#4105,#4106,#4107,#4108,#4109,#4110,#4111));
#787=EDGE_LOOP('',(#4112,#4113,#4114,#4115));
#788=EDGE_LOOP('',(#4116,#4117,#4118,#4119));
#789=EDGE_LOOP('',(#4120,#4121,#4122,#4123,#4124,#4125,#4126,#4127));
#790=EDGE_LOOP('',(#4128,#4129,#4130,#4131));
#791=EDGE_LOOP('',(#4132,#4133,#4134,#4135));
#792=EDGE_LOOP('',(#4136,#4137,#4138,#4139));
#793=EDGE_LOOP('',(#4140,#4141,#4142,#4143));
#794=EDGE_LOOP('',(#4144,#4145,#4146,#4147));
#795=EDGE_LOOP('',(#4148,#4149,#4150,#4151));
#796=EDGE_LOOP('',(#4152,#4153,#4154,#4155));
#797=EDGE_LOOP('',(#4156,#4157,#4158,#4159));
#798=EDGE_LOOP('',(#4160,#4161,#4162,#4163,#4164,#4165,#4166));
#799=EDGE_LOOP('',(#4167));
#800=EDGE_LOOP('',(#4168,#4169,#4170,#4171,#4172,#4173,#4174));
#801=EDGE_LOOP('',(#4175));
#802=EDGE_LOOP('',(#4176,#4177,#4178,#4179));
#803=EDGE_LOOP('',(#4180,#4181,#4182,#4183));
#804=EDGE_LOOP('',(#4184));
#805=EDGE_LOOP('',(#4185));
#806=EDGE_LOOP('',(#4186,#4187,#4188,#4189,#4190));
#807=EDGE_LOOP('',(#4191));
#808=EDGE_LOOP('',(#4192,#4193,#4194,#4195));
#809=EDGE_LOOP('',(#4196,#4197,#4198,#4199));
#810=EDGE_LOOP('',(#4200,#4201,#4202,#4203));
#811=EDGE_LOOP('',(#4204,#4205,#4206,#4207));
#812=EDGE_LOOP('',(#4208,#4209,#4210,#4211,#4212,#4213,#4214,#4215));
#813=EDGE_LOOP('',(#4216,#4217,#4218,#4219));
#814=EDGE_LOOP('',(#4220));
#815=EDGE_LOOP('',(#4221));
#816=EDGE_LOOP('',(#4222,#4223,#4224,#4225));
#817=EDGE_LOOP('',(#4226));
#818=EDGE_LOOP('',(#4227));
#819=EDGE_LOOP('',(#4228));
#820=EDGE_LOOP('',(#4229));
#821=EDGE_LOOP('',(#4230,#4231,#4232,#4233));
#822=EDGE_LOOP('',(#4234,#4235,#4236,#4237,#4238,#4239));
#823=EDGE_LOOP('',(#4240,#4241,#4242,#4243));
#824=EDGE_LOOP('',(#4244,#4245,#4246,#4247,#4248,#4249,#4250,#4251,#4252,
#4253,#4254,#4255,#4256,#4257,#4258,#4259,#4260,#4261,#4262,#4263,#4264,
#4265,#4266,#4267,#4268,#4269));
#825=EDGE_LOOP('',(#4270,#4271,#4272,#4273));
#826=EDGE_LOOP('',(#4274,#4275,#4276,#4277));
#827=EDGE_LOOP('',(#4278,#4279,#4280,#4281,#4282,#4283,#4284,#4285,#4286,
#4287,#4288,#4289,#4290,#4291,#4292,#4293,#4294,#4295,#4296,#4297,#4298,
#4299,#4300,#4301));
#828=EDGE_LOOP('',(#4302,#4303,#4304,#4305));
#829=EDGE_LOOP('',(#4306,#4307,#4308,#4309));
#830=EDGE_LOOP('',(#4310,#4311,#4312,#4313));
#831=EDGE_LOOP('',(#4314,#4315,#4316,#4317));
#832=EDGE_LOOP('',(#4318,#4319,#4320,#4321));
#833=EDGE_LOOP('',(#4322,#4323,#4324,#4325));
#834=EDGE_LOOP('',(#4326,#4327,#4328,#4329));
#835=EDGE_LOOP('',(#4330,#4331,#4332,#4333));
#836=EDGE_LOOP('',(#4334,#4335,#4336,#4337));
#837=EDGE_LOOP('',(#4338,#4339,#4340,#4341));
#838=EDGE_LOOP('',(#4342,#4343,#4344,#4345));
#839=EDGE_LOOP('',(#4346,#4347,#4348,#4349));
#840=EDGE_LOOP('',(#4350,#4351,#4352,#4353,#4354,#4355));
#841=EDGE_LOOP('',(#4356,#4357,#4358,#4359));
#842=EDGE_LOOP('',(#4360,#4361,#4362,#4363,#4364));
#843=EDGE_LOOP('',(#4365,#4366,#4367,#4368));
#844=EDGE_LOOP('',(#4369,#4370,#4371,#4372,#4373));
#845=EDGE_LOOP('',(#4374,#4375,#4376,#4377));
#846=EDGE_LOOP('',(#4378,#4379,#4380,#4381,#4382,#4383));
#847=EDGE_LOOP('',(#4384,#4385,#4386,#4387,#4388,#4389,#4390,#4391,#4392,
#4393));
#848=EDGE_LOOP('',(#4394));
#849=EDGE_LOOP('',(#4395,#4396,#4397,#4398,#4399,#4400));
#850=EDGE_LOOP('',(#4401,#4402,#4403,#4404));
#851=EDGE_LOOP('',(#4405,#4406,#4407,#4408,#4409));
#852=EDGE_LOOP('',(#4410,#4411,#4412,#4413));
#853=EDGE_LOOP('',(#4414,#4415,#4416,#4417,#4418));
#854=EDGE_LOOP('',(#4419,#4420,#4421,#4422));
#855=EDGE_LOOP('',(#4423,#4424,#4425,#4426,#4427));
#856=EDGE_LOOP('',(#4428,#4429,#4430,#4431));
#857=EDGE_LOOP('',(#4432,#4433,#4434,#4435,#4436));
#858=EDGE_LOOP('',(#4437,#4438,#4439,#4440));
#859=EDGE_LOOP('',(#4441,#4442,#4443,#4444));
#860=EDGE_LOOP('',(#4445,#4446,#4447,#4448));
#861=EDGE_LOOP('',(#4449,#4450,#4451,#4452));
#862=EDGE_LOOP('',(#4453,#4454,#4455,#4456));
#863=EDGE_LOOP('',(#4457,#4458,#4459,#4460));
#864=EDGE_LOOP('',(#4461,#4462,#4463,#4464));
#865=EDGE_LOOP('',(#4465,#4466,#4467,#4468));
#866=EDGE_LOOP('',(#4469,#4470,#4471,#4472));
#867=EDGE_LOOP('',(#4473,#4474,#4475,#4476));
#868=EDGE_LOOP('',(#4477,#4478,#4479,#4480,#4481));
#869=EDGE_LOOP('',(#4482,#4483,#4484,#4485,#4486,#4487,#4488));
#870=EDGE_LOOP('',(#4489,#4490,#4491,#4492));
#871=EDGE_LOOP('',(#4493,#4494,#4495,#4496,#4497));
#872=EDGE_LOOP('',(#4498,#4499,#4500,#4501));
#873=EDGE_LOOP('',(#4502,#4503,#4504,#4505));
#874=EDGE_LOOP('',(#4506,#4507,#4508));
#875=EDGE_LOOP('',(#4509,#4510,#4511,#4512));
#876=EDGE_LOOP('',(#4513,#4514,#4515,#4516));
#877=EDGE_LOOP('',(#4517,#4518,#4519,#4520));
#878=EDGE_LOOP('',(#4521,#4522,#4523,#4524));
#879=EDGE_LOOP('',(#4525));
#880=EDGE_LOOP('',(#4526,#4527,#4528,#4529,#4530,#4531,#4532));
#881=EDGE_LOOP('',(#4533,#4534,#4535,#4536));
#882=EDGE_LOOP('',(#4537,#4538,#4539,#4540,#4541,#4542,#4543));
#883=EDGE_LOOP('',(#4544,#4545,#4546,#4547));
#884=EDGE_LOOP('',(#4548,#4549,#4550,#4551,#4552,#4553,#4554));
#885=EDGE_LOOP('',(#4555,#4556,#4557,#4558,#4559,#4560,#4561));
#886=EDGE_LOOP('',(#4562,#4563,#4564,#4565));
#887=EDGE_LOOP('',(#4566,#4567,#4568,#4569));
#888=EDGE_LOOP('',(#4570,#4571,#4572,#4573));
#889=EDGE_LOOP('',(#4574,#4575,#4576,#4577));
#890=EDGE_LOOP('',(#4578,#4579,#4580,#4581));
#891=EDGE_LOOP('',(#4582,#4583,#4584,#4585));
#892=EDGE_LOOP('',(#4586,#4587,#4588,#4589,#4590));
#893=EDGE_LOOP('',(#4591,#4592,#4593,#4594,#4595));
#894=EDGE_LOOP('',(#4596,#4597,#4598,#4599));
#895=EDGE_LOOP('',(#4600,#4601,#4602,#4603));
#896=EDGE_LOOP('',(#4604,#4605,#4606,#4607));
#897=EDGE_LOOP('',(#4608,#4609,#4610,#4611));
#898=LINE('',#6859,#1429);
#899=LINE('',#6867,#1430);
#900=LINE('',#6874,#1431);
#901=LINE('',#6879,#1432);
#902=LINE('',#6885,#1433);
#903=LINE('',#6889,#1434);
#904=LINE('',#6893,#1435);
#905=LINE('',#6897,#1436);
#906=LINE('',#6901,#1437);
#907=LINE('',#6905,#1438);
#908=LINE('',#6909,#1439);
#909=LINE('',#6913,#1440);
#910=LINE('',#6917,#1441);
#911=LINE('',#6923,#1442);
#912=LINE('',#6925,#1443);
#913=LINE('',#6928,#1444);
#914=LINE('',#6930,#1445);
#915=LINE('',#6933,#1446);
#916=LINE('',#6935,#1447);
#917=LINE('',#6938,#1448);
#918=LINE('',#6940,#1449);
#919=LINE('',#6944,#1450);
#920=LINE('',#6945,#1451);
#921=LINE('',#6948,#1452);
#922=LINE('',#6949,#1453);
#923=LINE('',#6955,#1454);
#924=LINE('',#6956,#1455);
#925=LINE('',#6959,#1456);
#926=LINE('',#6960,#1457);
#927=LINE('',#6966,#1458);
#928=LINE('',#6967,#1459);
#929=LINE('',#6970,#1460);
#930=LINE('',#6971,#1461);
#931=LINE('',#6977,#1462);
#932=LINE('',#6978,#1463);
#933=LINE('',#6981,#1464);
#934=LINE('',#6982,#1465);
#935=LINE('',#6992,#1466);
#936=LINE('',#6995,#1467);
#937=LINE('',#6998,#1468);
#938=LINE('',#7000,#1469);
#939=LINE('',#7001,#1470);
#940=LINE('',#7006,#1471);
#941=LINE('',#7010,#1472);
#942=LINE('',#7012,#1473);
#943=LINE('',#7013,#1474);
#944=LINE('',#7018,#1475);
#945=LINE('',#7022,#1476);
#946=LINE('',#7024,#1477);
#947=LINE('',#7025,#1478);
#948=LINE('',#7030,#1479);
#949=LINE('',#7033,#1480);
#950=LINE('',#7034,#1481);
#951=LINE('',#7050,#1482);
#952=LINE('',#7059,#1483);
#953=LINE('',#7068,#1484);
#954=LINE('',#7077,#1485);
#955=LINE('',#7085,#1486);
#956=LINE('',#7089,#1487);
#957=LINE('',#7093,#1488);
#958=LINE('',#7097,#1489);
#959=LINE('',#7101,#1490);
#960=LINE('',#7109,#1491);
#961=LINE('',#7114,#1492);
#962=LINE('',#7119,#1493);
#963=LINE('',#7123,#1494);
#964=LINE('',#7127,#1495);
#965=LINE('',#7131,#1496);
#966=LINE('',#7135,#1497);
#967=LINE('',#7137,#1498);
#968=LINE('',#7139,#1499);
#969=LINE('',#7140,#1500);
#970=LINE('',#7146,#1501);
#971=LINE('',#7149,#1502);
#972=LINE('',#7151,#1503);
#973=LINE('',#7152,#1504);
#974=LINE('',#7158,#1505);
#975=LINE('',#7161,#1506);
#976=LINE('',#7163,#1507);
#977=LINE('',#7164,#1508);
#978=LINE('',#7170,#1509);
#979=LINE('',#7173,#1510);
#980=LINE('',#7175,#1511);
#981=LINE('',#7176,#1512);
#982=LINE('',#7186,#1513);
#983=LINE('',#7188,#1514);
#984=LINE('',#7190,#1515);
#985=LINE('',#7191,#1516);
#986=LINE('',#7196,#1517);
#987=LINE('',#7198,#1518);
#988=LINE('',#7201,#1519);
#989=LINE('',#7207,#1520);
#990=LINE('',#7209,#1521);
#991=LINE('',#7211,#1522);
#992=LINE('',#7213,#1523);
#993=LINE('',#7214,#1524);
#994=LINE('',#7217,#1525);
#995=LINE('',#7221,#1526);
#996=LINE('',#7224,#1527);
#997=LINE('',#7229,#1528);
#998=LINE('',#7240,#1529);
#999=LINE('',#7243,#1530);
#1000=LINE('',#7246,#1531);
#1001=LINE('',#7249,#1532);
#1002=LINE('',#7251,#1533);
#1003=LINE('',#7252,#1534);
#1004=LINE('',#7255,#1535);
#1005=LINE('',#7259,#1536);
#1006=LINE('',#7261,#1537);
#1007=LINE('',#7263,#1538);
#1008=LINE('',#7265,#1539);
#1009=LINE('',#7267,#1540);
#1010=LINE('',#7268,#1541);
#1011=LINE('',#7269,#1542);
#1012=LINE('',#7275,#1543);
#1013=LINE('',#7279,#1544);
#1014=LINE('',#7282,#1545);
#1015=LINE('',#7283,#1546);
#1016=LINE('',#7287,#1547);
#1017=LINE('',#7290,#1548);
#1018=LINE('',#7293,#1549);
#1019=LINE('',#7295,#1550);
#1020=LINE('',#7298,#1551);
#1021=LINE('',#7299,#1552);
#1022=LINE('',#7304,#1553);
#1023=LINE('',#7309,#1554);
#1024=LINE('',#7312,#1555);
#1025=LINE('',#7317,#1556);
#1026=LINE('',#7321,#1557);
#1027=LINE('',#7326,#1558);
#1028=LINE('',#7330,#1559);
#1029=LINE('',#7331,#1560);
#1030=LINE('',#7332,#1561);
#1031=LINE('',#7334,#1562);
#1032=LINE('',#7337,#1563);
#1033=LINE('',#7338,#1564);
#1034=LINE('',#7340,#1565);
#1035=LINE('',#7346,#1566);
#1036=LINE('',#7348,#1567);
#1037=LINE('',#7350,#1568);
#1038=LINE('',#7352,#1569);
#1039=LINE('',#7354,#1570);
#1040=LINE('',#7356,#1571);
#1041=LINE('',#7358,#1572);
#1042=LINE('',#7359,#1573);
#1043=LINE('',#7363,#1574);
#1044=LINE('',#7365,#1575);
#1045=LINE('',#7367,#1576);
#1046=LINE('',#7369,#1577);
#1047=LINE('',#7371,#1578);
#1048=LINE('',#7373,#1579);
#1049=LINE('',#7375,#1580);
#1050=LINE('',#7376,#1581);
#1051=LINE('',#7379,#1582);
#1052=LINE('',#7381,#1583);
#1053=LINE('',#7382,#1584);
#1054=LINE('',#7385,#1585);
#1055=LINE('',#7386,#1586);
#1056=LINE('',#7389,#1587);
#1057=LINE('',#7391,#1588);
#1058=LINE('',#7393,#1589);
#1059=LINE('',#7395,#1590);
#1060=LINE('',#7397,#1591);
#1061=LINE('',#7398,#1592);
#1062=LINE('',#7401,#1593);
#1063=LINE('',#7403,#1594);
#1064=LINE('',#7404,#1595);
#1065=LINE('',#7407,#1596);
#1066=LINE('',#7409,#1597);
#1067=LINE('',#7411,#1598);
#1068=LINE('',#7413,#1599);
#1069=LINE('',#7415,#1600);
#1070=LINE('',#7417,#1601);
#1071=LINE('',#7419,#1602);
#1072=LINE('',#7421,#1603);
#1073=LINE('',#7422,#1604);
#1074=LINE('',#7424,#1605);
#1075=LINE('',#7426,#1606);
#1076=LINE('',#7427,#1607);
#1077=LINE('',#7431,#1608);
#1078=LINE('',#7433,#1609);
#1079=LINE('',#7435,#1610);
#1080=LINE('',#7436,#1611);
#1081=LINE('',#7440,#1612);
#1082=LINE('',#7442,#1613);
#1083=LINE('',#7444,#1614);
#1084=LINE('',#7447,#1615);
#1085=LINE('',#7448,#1616);
#1086=LINE('',#7454,#1617);
#1087=LINE('',#7458,#1618);
#1088=LINE('',#7461,#1619);
#1089=LINE('',#7467,#1620);
#1090=LINE('',#7474,#1621);
#1091=LINE('',#7477,#1622);
#1092=LINE('',#7478,#1623);
#1093=LINE('',#7482,#1624);
#1094=LINE('',#7485,#1625);
#1095=LINE('',#7486,#1626);
#1096=LINE('',#7489,#1627);
#1097=LINE('',#7495,#1628);
#1098=LINE('',#7496,#1629);
#1099=LINE('',#7503,#1630);
#1100=LINE('',#7504,#1631);
#1101=LINE('',#7507,#1632);
#1102=LINE('',#7508,#1633);
#1103=LINE('',#7510,#1634);
#1104=LINE('',#7512,#1635);
#1105=LINE('',#7514,#1636);
#1106=LINE('',#7515,#1637);
#1107=LINE('',#7517,#1638);
#1108=LINE('',#7520,#1639);
#1109=LINE('',#7521,#1640);
#1110=LINE('',#7524,#1641);
#1111=LINE('',#7526,#1642);
#1112=LINE('',#7527,#1643);
#1113=LINE('',#7529,#1644);
#1114=LINE('',#7531,#1645);
#1115=LINE('',#7533,#1646);
#1116=LINE('',#7534,#1647);
#1117=LINE('',#7536,#1648);
#1118=LINE('',#7538,#1649);
#1119=LINE('',#7539,#1650);
#1120=LINE('',#7540,#1651);
#1121=LINE('',#7543,#1652);
#1122=LINE('',#7545,#1653);
#1123=LINE('',#7547,#1654);
#1124=LINE('',#7549,#1655);
#1125=LINE('',#7551,#1656);
#1126=LINE('',#7555,#1657);
#1127=LINE('',#7561,#1658);
#1128=LINE('',#7563,#1659);
#1129=LINE('',#7565,#1660);
#1130=LINE('',#7567,#1661);
#1131=LINE('',#7569,#1662);
#1132=LINE('',#7571,#1663);
#1133=LINE('',#7573,#1664);
#1134=LINE('',#7574,#1665);
#1135=LINE('',#7578,#1666);
#1136=LINE('',#7580,#1667);
#1137=LINE('',#7582,#1668);
#1138=LINE('',#7584,#1669);
#1139=LINE('',#7586,#1670);
#1140=LINE('',#7588,#1671);
#1141=LINE('',#7590,#1672);
#1142=LINE('',#7591,#1673);
#1143=LINE('',#7594,#1674);
#1144=LINE('',#7596,#1675);
#1145=LINE('',#7597,#1676);
#1146=LINE('',#7600,#1677);
#1147=LINE('',#7601,#1678);
#1148=LINE('',#7604,#1679);
#1149=LINE('',#7605,#1680);
#1150=LINE('',#7608,#1681);
#1151=LINE('',#7609,#1682);
#1152=LINE('',#7612,#1683);
#1153=LINE('',#7614,#1684);
#1154=LINE('',#7615,#1685);
#1155=LINE('',#7618,#1686);
#1156=LINE('',#7620,#1687);
#1157=LINE('',#7622,#1688);
#1158=LINE('',#7624,#1689);
#1159=LINE('',#7626,#1690);
#1160=LINE('',#7628,#1691);
#1161=LINE('',#7630,#1692);
#1162=LINE('',#7632,#1693);
#1163=LINE('',#7633,#1694);
#1164=LINE('',#7636,#1695);
#1165=LINE('',#7638,#1696);
#1166=LINE('',#7639,#1697);
#1167=LINE('',#7642,#1698);
#1168=LINE('',#7643,#1699);
#1169=LINE('',#7645,#1700);
#1170=LINE('',#7647,#1701);
#1171=LINE('',#7648,#1702);
#1172=LINE('',#7650,#1703);
#1173=LINE('',#7651,#1704);
#1174=LINE('',#7653,#1705);
#1175=LINE('',#7657,#1706);
#1176=LINE('',#7659,#1707);
#1177=LINE('',#7660,#1708);
#1178=LINE('',#7662,#1709);
#1179=LINE('',#7666,#1710);
#1180=LINE('',#7668,#1711);
#1181=LINE('',#7670,#1712);
#1182=LINE('',#7671,#1713);
#1183=LINE('',#7675,#1714);
#1184=LINE('',#7676,#1715);
#1185=LINE('',#7678,#1716);
#1186=LINE('',#7681,#1717);
#1187=LINE('',#7687,#1718);
#1188=LINE('',#7691,#1719);
#1189=LINE('',#7694,#1720);
#1190=LINE('',#7700,#1721);
#1191=LINE('',#7703,#1722);
#1192=LINE('',#7704,#1723);
#1193=LINE('',#7708,#1724);
#1194=LINE('',#7711,#1725);
#1195=LINE('',#7712,#1726);
#1196=LINE('',#7716,#1727);
#1197=LINE('',#7719,#1728);
#1198=LINE('',#7720,#1729);
#1199=LINE('',#7727,#1730);
#1200=LINE('',#7729,#1731);
#1201=LINE('',#7731,#1732);
#1202=LINE('',#7734,#1733);
#1203=LINE('',#7735,#1734);
#1204=LINE('',#7738,#1735);
#1205=LINE('',#7740,#1736);
#1206=LINE('',#7741,#1737);
#1207=LINE('',#7743,#1738);
#1208=LINE('',#7744,#1739);
#1209=LINE('',#7746,#1740);
#1210=LINE('',#7749,#1741);
#1211=LINE('',#7750,#1742);
#1212=LINE('',#7753,#1743);
#1213=LINE('',#7755,#1744);
#1214=LINE('',#7756,#1745);
#1215=LINE('',#7759,#1746);
#1216=LINE('',#7761,#1747);
#1217=LINE('',#7767,#1748);
#1218=LINE('',#7772,#1749);
#1219=LINE('',#7774,#1750);
#1220=LINE('',#7776,#1751);
#1221=LINE('',#7777,#1752);
#1222=LINE('',#7783,#1753);
#1223=LINE('',#7786,#1754);
#1224=LINE('',#7788,#1755);
#1225=LINE('',#7789,#1756);
#1226=LINE('',#7792,#1757);
#1227=LINE('',#7794,#1758);
#1228=LINE('',#7795,#1759);
#1229=LINE('',#7801,#1760);
#1230=LINE('',#7804,#1761);
#1231=LINE('',#7806,#1762);
#1232=LINE('',#7807,#1763);
#1233=LINE('',#7818,#1764);
#1234=LINE('',#7824,#1765);
#1235=LINE('',#7832,#1766);
#1236=LINE('',#7836,#1767);
#1237=LINE('',#7840,#1768);
#1238=LINE('',#7842,#1769);
#1239=LINE('',#7843,#1770);
#1240=LINE('',#7847,#1771);
#1241=LINE('',#7850,#1772);
#1242=LINE('',#7851,#1773);
#1243=LINE('',#7857,#1774);
#1244=LINE('',#7862,#1775);
#1245=LINE('',#7870,#1776);
#1246=LINE('',#7878,#1777);
#1247=LINE('',#7883,#1778);
#1248=LINE('',#7885,#1779);
#1249=LINE('',#7887,#1780);
#1250=LINE('',#7889,#1781);
#1251=LINE('',#7891,#1782);
#1252=LINE('',#7892,#1783);
#1253=LINE('',#7895,#1784);
#1254=LINE('',#7897,#1785);
#1255=LINE('',#7898,#1786);
#1256=LINE('',#7901,#1787);
#1257=LINE('',#7903,#1788);
#1258=LINE('',#7905,#1789);
#1259=LINE('',#7907,#1790);
#1260=LINE('',#7909,#1791);
#1261=LINE('',#7911,#1792);
#1262=LINE('',#7913,#1793);
#1263=LINE('',#7915,#1794);
#1264=LINE('',#7917,#1795);
#1265=LINE('',#7919,#1796);
#1266=LINE('',#7921,#1797);
#1267=LINE('',#7923,#1798);
#1268=LINE('',#7925,#1799);
#1269=LINE('',#7929,#1800);
#1270=LINE('',#7933,#1801);
#1271=LINE('',#7935,#1802);
#1272=LINE('',#7937,#1803);
#1273=LINE('',#7939,#1804);
#1274=LINE('',#7941,#1805);
#1275=LINE('',#7943,#1806);
#1276=LINE('',#7945,#1807);
#1277=LINE('',#7947,#1808);
#1278=LINE('',#7948,#1809);
#1279=LINE('',#7951,#1810);
#1280=LINE('',#7953,#1811);
#1281=LINE('',#7955,#1812);
#1282=LINE('',#7956,#1813);
#1283=LINE('',#7959,#1814);
#1284=LINE('',#7961,#1815);
#1285=LINE('',#7963,#1816);
#1286=LINE('',#7964,#1817);
#1287=LINE('',#7968,#1818);
#1288=LINE('',#7969,#1819);
#1289=LINE('',#7971,#1820);
#1290=LINE('',#7973,#1821);
#1291=LINE('',#7975,#1822);
#1292=LINE('',#7977,#1823);
#1293=LINE('',#7978,#1824);
#1294=LINE('',#7980,#1825);
#1295=LINE('',#7982,#1826);
#1296=LINE('',#7984,#1827);
#1297=LINE('',#7988,#1828);
#1298=LINE('',#7992,#1829);
#1299=LINE('',#7994,#1830);
#1300=LINE('',#7996,#1831);
#1301=LINE('',#7998,#1832);
#1302=LINE('',#8000,#1833);
#1303=LINE('',#8002,#1834);
#1304=LINE('',#8004,#1835);
#1305=LINE('',#8006,#1836);
#1306=LINE('',#8007,#1837);
#1307=LINE('',#8010,#1838);
#1308=LINE('',#8012,#1839);
#1309=LINE('',#8014,#1840);
#1310=LINE('',#8015,#1841);
#1311=LINE('',#8018,#1842);
#1312=LINE('',#8020,#1843);
#1313=LINE('',#8022,#1844);
#1314=LINE('',#8023,#1845);
#1315=LINE('',#8026,#1846);
#1316=LINE('',#8028,#1847);
#1317=LINE('',#8030,#1848);
#1318=LINE('',#8031,#1849);
#1319=LINE('',#8033,#1850);
#1320=LINE('',#8034,#1851);
#1321=LINE('',#8036,#1852);
#1322=LINE('',#8038,#1853);
#1323=LINE('',#8040,#1854);
#1324=LINE('',#8041,#1855);
#1325=LINE('',#8043,#1856);
#1326=LINE('',#8045,#1857);
#1327=LINE('',#8047,#1858);
#1328=LINE('',#8048,#1859);
#1329=LINE('',#8050,#1860);
#1330=LINE('',#8052,#1861);
#1331=LINE('',#8054,#1862);
#1332=LINE('',#8055,#1863);
#1333=LINE('',#8057,#1864);
#1334=LINE('',#8062,#1865);
#1335=LINE('',#8063,#1866);
#1336=LINE('',#8064,#1867);
#1337=LINE('',#8066,#1868);
#1338=LINE('',#8067,#1869);
#1339=LINE('',#8069,#1870);
#1340=LINE('',#8073,#1871);
#1341=LINE('',#8074,#1872);
#1342=LINE('',#8075,#1873);
#1343=LINE('',#8078,#1874);
#1344=LINE('',#8081,#1875);
#1345=LINE('',#8082,#1876);
#1346=LINE('',#8085,#1877);
#1347=LINE('',#8087,#1878);
#1348=LINE('',#8088,#1879);
#1349=LINE('',#8091,#1880);
#1350=LINE('',#8093,#1881);
#1351=LINE('',#8094,#1882);
#1352=LINE('',#8097,#1883);
#1353=LINE('',#8099,#1884);
#1354=LINE('',#8100,#1885);
#1355=LINE('',#8103,#1886);
#1356=LINE('',#8104,#1887);
#1357=LINE('',#8107,#1888);
#1358=LINE('',#8108,#1889);
#1359=LINE('',#8110,#1890);
#1360=LINE('',#8113,#1891);
#1361=LINE('',#8115,#1892);
#1362=LINE('',#8117,#1893);
#1363=LINE('',#8118,#1894);
#1364=LINE('',#8121,#1895);
#1365=LINE('',#8122,#1896);
#1366=LINE('',#8126,#1897);
#1367=LINE('',#8127,#1898);
#1368=LINE('',#8128,#1899);
#1369=LINE('',#8130,#1900);
#1370=LINE('',#8132,#1901);
#1371=LINE('',#8137,#1902);
#1372=LINE('',#8139,#1903);
#1373=LINE('',#8140,#1904);
#1374=LINE('',#8143,#1905);
#1375=LINE('',#8144,#1906);
#1376=LINE('',#8147,#1907);
#1377=LINE('',#8148,#1908);
#1378=LINE('',#8150,#1909);
#1379=LINE('',#8154,#1910);
#1380=LINE('',#8156,#1911);
#1381=LINE('',#8157,#1912);
#1382=LINE('',#8160,#1913);
#1383=LINE('',#8162,#1914);
#1384=LINE('',#8164,#1915);
#1385=LINE('',#8165,#1916);
#1386=LINE('',#8168,#1917);
#1387=LINE('',#8169,#1918);
#1388=LINE('',#8171,#1919);
#1389=LINE('',#8172,#1920);
#1390=LINE('',#8175,#1921);
#1391=LINE('',#8176,#1922);
#1392=LINE('',#8178,#1923);
#1393=LINE('',#8181,#1924);
#1394=LINE('',#8185,#1925);
#1395=LINE('',#8186,#1926);
#1396=LINE('',#8189,#1927);
#1397=LINE('',#8190,#1928);
#1398=LINE('',#8196,#1929);
#1399=LINE('',#8198,#1930);
#1400=LINE('',#8200,#1931);
#1401=LINE('',#8202,#1932);
#1402=LINE('',#8203,#1933);
#1403=LINE('',#8206,#1934);
#1404=LINE('',#8208,#1935);
#1405=LINE('',#8209,#1936);
#1406=LINE('',#8212,#1937);
#1407=LINE('',#8214,#1938);
#1408=LINE('',#8215,#1939);
#1409=LINE('',#8216,#1940);
#1410=LINE('',#8218,#1941);
#1411=LINE('',#8221,#1942);
#1412=LINE('',#8223,#1943);
#1413=LINE('',#8225,#1944);
#1414=LINE('',#8227,#1945);
#1415=LINE('',#8228,#1946);
#1416=LINE('',#8231,#1947);
#1417=LINE('',#8233,#1948);
#1418=LINE('',#8235,#1949);
#1419=LINE('',#8237,#1950);
#1420=LINE('',#8238,#1951);
#1421=LINE('',#8240,#1952);
#1422=LINE('',#8241,#1953);
#1423=LINE('',#8243,#1954);
#1424=LINE('',#8247,#1955);
#1425=LINE('',#8249,#1956);
#1426=LINE('',#8250,#1957);
#1427=LINE('',#8254,#1958);
#1428=LINE('',#8257,#1959);
#1429=VECTOR('',#5468,2.15);
#1430=VECTOR('',#5479,1.);
#1431=VECTOR('',#5488,1.5);
#1432=VECTOR('',#5493,2.5);
#1433=VECTOR('',#5500,3.5);
#1434=VECTOR('',#5503,10.);
#1435=VECTOR('',#5506,10.);
#1436=VECTOR('',#5509,10.);
#1437=VECTOR('',#5512,10.);
#1438=VECTOR('',#5515,10.);
#1439=VECTOR('',#5518,10.);
#1440=VECTOR('',#5521,10.);
#1441=VECTOR('',#5524,10.);
#1442=VECTOR('',#5533,10.);
#1443=VECTOR('',#5534,10.);
#1444=VECTOR('',#5537,10.);
#1445=VECTOR('',#5538,10.);
#1446=VECTOR('',#5541,10.);
#1447=VECTOR('',#5542,10.);
#1448=VECTOR('',#5545,10.);
#1449=VECTOR('',#5546,10.);
#1450=VECTOR('',#5551,10.);
#1451=VECTOR('',#5552,10.);
#1452=VECTOR('',#5555,10.);
#1453=VECTOR('',#5556,10.);
#1454=VECTOR('',#5565,10.);
#1455=VECTOR('',#5566,10.);
#1456=VECTOR('',#5569,10.);
#1457=VECTOR('',#5570,10.);
#1458=VECTOR('',#5579,10.);
#1459=VECTOR('',#5580,10.);
#1460=VECTOR('',#5583,10.);
#1461=VECTOR('',#5584,10.);
#1462=VECTOR('',#5593,10.);
#1463=VECTOR('',#5594,10.);
#1464=VECTOR('',#5597,10.);
#1465=VECTOR('',#5598,10.);
#1466=VECTOR('',#5611,10.);
#1467=VECTOR('',#5614,10.);
#1468=VECTOR('',#5617,10.);
#1469=VECTOR('',#5618,10.);
#1470=VECTOR('',#5619,10.);
#1471=VECTOR('',#5624,10.);
#1472=VECTOR('',#5629,10.);
#1473=VECTOR('',#5630,10.);
#1474=VECTOR('',#5631,10.);
#1475=VECTOR('',#5636,10.);
#1476=VECTOR('',#5641,10.);
#1477=VECTOR('',#5642,10.);
#1478=VECTOR('',#5643,10.);
#1479=VECTOR('',#5648,10.);
#1480=VECTOR('',#5653,10.);
#1481=VECTOR('',#5654,10.);
#1482=VECTOR('',#5671,1.);
#1483=VECTOR('',#5682,1.);
#1484=VECTOR('',#5693,1.);
#1485=VECTOR('',#5704,1.);
#1486=VECTOR('',#5715,1.1);
#1487=VECTOR('',#5720,1.1);
#1488=VECTOR('',#5725,3.);
#1489=VECTOR('',#5730,1.1);
#1490=VECTOR('',#5735,1.1);
#1491=VECTOR('',#5744,12.);
#1492=VECTOR('',#5751,11.);
#1493=VECTOR('',#5758,1.8);
#1494=VECTOR('',#5763,1.8);
#1495=VECTOR('',#5768,1.8);
#1496=VECTOR('',#5773,1.8);
#1497=VECTOR('',#5776,10.);
#1498=VECTOR('',#5777,10.);
#1499=VECTOR('',#5778,10.);
#1500=VECTOR('',#5779,10.);
#1501=VECTOR('',#5786,10.);
#1502=VECTOR('',#5789,10.);
#1503=VECTOR('',#5790,10.);
#1504=VECTOR('',#5791,10.);
#1505=VECTOR('',#5798,10.);
#1506=VECTOR('',#5801,10.);
#1507=VECTOR('',#5802,10.);
#1508=VECTOR('',#5803,10.);
#1509=VECTOR('',#5810,10.);
#1510=VECTOR('',#5813,10.);
#1511=VECTOR('',#5814,10.);
#1512=VECTOR('',#5815,10.);
#1513=VECTOR('',#5830,10.);
#1514=VECTOR('',#5831,10.);
#1515=VECTOR('',#5832,10.);
#1516=VECTOR('',#5833,10.);
#1517=VECTOR('',#5838,10.);
#1518=VECTOR('',#5839,10.);
#1519=VECTOR('',#5842,10.);
#1520=VECTOR('',#5847,10.);
#1521=VECTOR('',#5848,10.);
#1522=VECTOR('',#5849,10.);
#1523=VECTOR('',#5850,10.);
#1524=VECTOR('',#5851,10.);
#1525=VECTOR('',#5854,10.);
#1526=VECTOR('',#5857,10.);
#1527=VECTOR('',#5860,10.);
#1528=VECTOR('',#5865,10.);
#1529=VECTOR('',#5876,10.);
#1530=VECTOR('',#5879,10.);
#1531=VECTOR('',#5882,10.);
#1532=VECTOR('',#5885,10.);
#1533=VECTOR('',#5886,10.);
#1534=VECTOR('',#5887,10.);
#1535=VECTOR('',#5890,10.);
#1536=VECTOR('',#5895,10.);
#1537=VECTOR('',#5896,10.);
#1538=VECTOR('',#5897,10.);
#1539=VECTOR('',#5898,10.);
#1540=VECTOR('',#5899,10.);
#1541=VECTOR('',#5900,10.);
#1542=VECTOR('',#5901,10.);
#1543=VECTOR('',#5910,0.899999999999999);
#1544=VECTOR('',#5915,10.);
#1545=VECTOR('',#5918,10.);
#1546=VECTOR('',#5919,10.);
#1547=VECTOR('',#5924,0.9);
#1548=VECTOR('',#5927,10.);
#1549=VECTOR('',#5930,10.);
#1550=VECTOR('',#5933,10.);
#1551=VECTOR('',#5936,10.);
#1552=VECTOR('',#5937,10.);
#1553=VECTOR('',#5942,1.9);
#1554=VECTOR('',#5949,10.);
#1555=VECTOR('',#5952,10.);
#1556=VECTOR('',#5959,10.);
#1557=VECTOR('',#5964,10.);
#1558=VECTOR('',#5973,10.);
#1559=VECTOR('',#5976,10.);
#1560=VECTOR('',#5977,10.);
#1561=VECTOR('',#5978,10.);
#1562=VECTOR('',#5981,10.);
#1563=VECTOR('',#5984,10.);
#1564=VECTOR('',#5985,10.);
#1565=VECTOR('',#5988,10.);
#1566=VECTOR('',#5995,10.);
#1567=VECTOR('',#5996,10.);
#1568=VECTOR('',#5997,10.);
#1569=VECTOR('',#5998,10.);
#1570=VECTOR('',#5999,10.);
#1571=VECTOR('',#6000,10.);
#1572=VECTOR('',#6001,10.);
#1573=VECTOR('',#6002,10.);
#1574=VECTOR('',#6005,10.);
#1575=VECTOR('',#6006,10.);
#1576=VECTOR('',#6007,10.);
#1577=VECTOR('',#6008,10.);
#1578=VECTOR('',#6009,10.);
#1579=VECTOR('',#6010,10.);
#1580=VECTOR('',#6011,10.);
#1581=VECTOR('',#6012,10.);
#1582=VECTOR('',#6015,10.);
#1583=VECTOR('',#6016,10.);
#1584=VECTOR('',#6017,10.);
#1585=VECTOR('',#6020,10.);
#1586=VECTOR('',#6021,10.);
#1587=VECTOR('',#6024,10.);
#1588=VECTOR('',#6025,10.);
#1589=VECTOR('',#6026,10.);
#1590=VECTOR('',#6027,10.);
#1591=VECTOR('',#6028,10.);
#1592=VECTOR('',#6029,10.);
#1593=VECTOR('',#6032,10.);
#1594=VECTOR('',#6033,10.);
#1595=VECTOR('',#6034,10.);
#1596=VECTOR('',#6037,10.);
#1597=VECTOR('',#6038,10.);
#1598=VECTOR('',#6039,10.);
#1599=VECTOR('',#6040,10.);
#1600=VECTOR('',#6041,10.);
#1601=VECTOR('',#6042,10.);
#1602=VECTOR('',#6043,10.);
#1603=VECTOR('',#6044,10.);
#1604=VECTOR('',#6045,10.);
#1605=VECTOR('',#6048,10.);
#1606=VECTOR('',#6049,10.);
#1607=VECTOR('',#6050,10.);
#1608=VECTOR('',#6053,10.);
#1609=VECTOR('',#6054,10.);
#1610=VECTOR('',#6055,10.);
#1611=VECTOR('',#6056,10.);
#1612=VECTOR('',#6059,10.);
#1613=VECTOR('',#6060,10.);
#1614=VECTOR('',#6061,10.);
#1615=VECTOR('',#6064,10.);
#1616=VECTOR('',#6065,10.);
#1617=VECTOR('',#6070,10.);
#1618=VECTOR('',#6073,10.);
#1619=VECTOR('',#6076,10.);
#1620=VECTOR('',#6083,2.5);
#1621=VECTOR('',#6092,10.);
#1622=VECTOR('',#6095,10.);
#1623=VECTOR('',#6096,10.);
#1624=VECTOR('',#6101,10.);
#1625=VECTOR('',#6104,10.);
#1626=VECTOR('',#6105,10.);
#1627=VECTOR('',#6108,10.);
#1628=VECTOR('',#6115,10.);
#1629=VECTOR('',#6116,10.);
#1630=VECTOR('',#6125,10.);
#1631=VECTOR('',#6126,10.);
#1632=VECTOR('',#6129,10.);
#1633=VECTOR('',#6130,10.);
#1634=VECTOR('',#6133,10.);
#1635=VECTOR('',#6136,10.);
#1636=VECTOR('',#6137,10.);
#1637=VECTOR('',#6138,10.);
#1638=VECTOR('',#6141,10.);
#1639=VECTOR('',#6144,10.);
#1640=VECTOR('',#6145,10.);
#1641=VECTOR('',#6148,10.);
#1642=VECTOR('',#6149,10.);
#1643=VECTOR('',#6150,10.);
#1644=VECTOR('',#6151,10.);
#1645=VECTOR('',#6152,10.);
#1646=VECTOR('',#6153,10.);
#1647=VECTOR('',#6154,10.);
#1648=VECTOR('',#6157,10.);
#1649=VECTOR('',#6160,10.);
#1650=VECTOR('',#6161,10.);
#1651=VECTOR('',#6162,10.);
#1652=VECTOR('',#6167,10.);
#1653=VECTOR('',#6170,10.);
#1654=VECTOR('',#6173,10.);
#1655=VECTOR('',#6176,10.);
#1656=VECTOR('',#6179,10.);
#1657=VECTOR('',#6186,10.);
#1658=VECTOR('',#6193,10.);
#1659=VECTOR('',#6194,10.);
#1660=VECTOR('',#6195,10.);
#1661=VECTOR('',#6196,10.);
#1662=VECTOR('',#6197,10.);
#1663=VECTOR('',#6198,10.);
#1664=VECTOR('',#6199,10.);
#1665=VECTOR('',#6200,10.);
#1666=VECTOR('',#6203,10.);
#1667=VECTOR('',#6204,10.);
#1668=VECTOR('',#6205,10.);
#1669=VECTOR('',#6206,10.);
#1670=VECTOR('',#6207,10.);
#1671=VECTOR('',#6208,10.);
#1672=VECTOR('',#6209,10.);
#1673=VECTOR('',#6210,10.);
#1674=VECTOR('',#6213,10.);
#1675=VECTOR('',#6214,10.);
#1676=VECTOR('',#6215,10.);
#1677=VECTOR('',#6218,10.);
#1678=VECTOR('',#6219,10.);
#1679=VECTOR('',#6222,10.);
#1680=VECTOR('',#6223,10.);
#1681=VECTOR('',#6226,10.);
#1682=VECTOR('',#6227,10.);
#1683=VECTOR('',#6230,10.);
#1684=VECTOR('',#6231,10.);
#1685=VECTOR('',#6232,10.);
#1686=VECTOR('',#6235,10.);
#1687=VECTOR('',#6236,10.);
#1688=VECTOR('',#6237,10.);
#1689=VECTOR('',#6238,10.);
#1690=VECTOR('',#6239,10.);
#1691=VECTOR('',#6240,10.);
#1692=VECTOR('',#6241,10.);
#1693=VECTOR('',#6242,10.);
#1694=VECTOR('',#6243,10.);
#1695=VECTOR('',#6246,10.);
#1696=VECTOR('',#6247,10.);
#1697=VECTOR('',#6248,10.);
#1698=VECTOR('',#6251,10.);
#1699=VECTOR('',#6252,10.);
#1700=VECTOR('',#6255,10.);
#1701=VECTOR('',#6256,10.);
#1702=VECTOR('',#6257,10.);
#1703=VECTOR('',#6258,10.);
#1704=VECTOR('',#6259,10.);
#1705=VECTOR('',#6262,10.);
#1706=VECTOR('',#6267,10.);
#1707=VECTOR('',#6268,10.);
#1708=VECTOR('',#6269,10.);
#1709=VECTOR('',#6272,10.);
#1710=VECTOR('',#6275,10.);
#1711=VECTOR('',#6276,10.);
#1712=VECTOR('',#6277,10.);
#1713=VECTOR('',#6278,10.);
#1714=VECTOR('',#6281,10.);
#1715=VECTOR('',#6282,10.);
#1716=VECTOR('',#6283,10.);
#1717=VECTOR('',#6286,10.);
#1718=VECTOR('',#6291,10.);
#1719=VECTOR('',#6294,10.);
#1720=VECTOR('',#6297,10.);
#1721=VECTOR('',#6304,10.);
#1722=VECTOR('',#6307,10.);
#1723=VECTOR('',#6308,10.);
#1724=VECTOR('',#6313,10.);
#1725=VECTOR('',#6316,10.);
#1726=VECTOR('',#6317,10.);
#1727=VECTOR('',#6322,10.);
#1728=VECTOR('',#6325,10.);
#1729=VECTOR('',#6326,10.);
#1730=VECTOR('',#6335,10.);
#1731=VECTOR('',#6336,10.);
#1732=VECTOR('',#6337,10.);
#1733=VECTOR('',#6340,10.);
#1734=VECTOR('',#6341,10.);
#1735=VECTOR('',#6344,10.);
#1736=VECTOR('',#6345,10.);
#1737=VECTOR('',#6346,10.);
#1738=VECTOR('',#6349,10.);
#1739=VECTOR('',#6350,10.);
#1740=VECTOR('',#6353,10.);
#1741=VECTOR('',#6358,10.);
#1742=VECTOR('',#6359,10.);
#1743=VECTOR('',#6362,10.);
#1744=VECTOR('',#6363,10.);
#1745=VECTOR('',#6364,10.);
#1746=VECTOR('',#6369,10.);
#1747=VECTOR('',#6372,10.);
#1748=VECTOR('',#6379,3.75);
#1749=VECTOR('',#6384,10.);
#1750=VECTOR('',#6385,10.);
#1751=VECTOR('',#6386,10.);
#1752=VECTOR('',#6387,10.);
#1753=VECTOR('',#6394,10.);
#1754=VECTOR('',#6397,10.);
#1755=VECTOR('',#6398,10.);
#1756=VECTOR('',#6399,10.);
#1757=VECTOR('',#6402,10.);
#1758=VECTOR('',#6403,10.);
#1759=VECTOR('',#6404,10.);
#1760=VECTOR('',#6411,10.);
#1761=VECTOR('',#6414,10.);
#1762=VECTOR('',#6415,10.);
#1763=VECTOR('',#6416,10.);
#1764=VECTOR('',#6433,1.9);
#1765=VECTOR('',#6440,2.75);
#1766=VECTOR('',#6449,10.);
#1767=VECTOR('',#6452,10.);
#1768=VECTOR('',#6457,10.);
#1769=VECTOR('',#6458,10.);
#1770=VECTOR('',#6459,10.);
#1771=VECTOR('',#6464,10.);
#1772=VECTOR('',#6467,10.);
#1773=VECTOR('',#6468,10.);
#1774=VECTOR('',#6477,3.5);
#1775=VECTOR('',#6482,1.);
#1776=VECTOR('',#6493,1.9);
#1777=VECTOR('',#6504,2.5);
#1778=VECTOR('',#6509,1000.);
#1779=VECTOR('',#6510,1000.);
#1780=VECTOR('',#6511,1000.);
#1781=VECTOR('',#6512,1000.);
#1782=VECTOR('',#6513,1000.);
#1783=VECTOR('',#6514,1000.);
#1784=VECTOR('',#6517,1000.);
#1785=VECTOR('',#6518,1000.);
#1786=VECTOR('',#6519,1000.);
#1787=VECTOR('',#6522,1000.);
#1788=VECTOR('',#6523,1000.);
#1789=VECTOR('',#6524,1000.);
#1790=VECTOR('',#6525,1000.);
#1791=VECTOR('',#6526,1000.);
#1792=VECTOR('',#6527,1000.);
#1793=VECTOR('',#6528,1000.);
#1794=VECTOR('',#6529,1000.);
#1795=VECTOR('',#6530,1000.);
#1796=VECTOR('',#6531,1000.);
#1797=VECTOR('',#6532,1000.);
#1798=VECTOR('',#6533,1000.);
#1799=VECTOR('',#6534,1000.);
#1800=VECTOR('',#6537,1000.);
#1801=VECTOR('',#6540,1000.);
#1802=VECTOR('',#6541,1000.);
#1803=VECTOR('',#6542,1000.);
#1804=VECTOR('',#6543,1000.);
#1805=VECTOR('',#6544,1000.);
#1806=VECTOR('',#6545,1000.);
#1807=VECTOR('',#6546,1000.);
#1808=VECTOR('',#6547,1000.);
#1809=VECTOR('',#6548,1000.);
#1810=VECTOR('',#6549,1000.);
#1811=VECTOR('',#6550,1000.);
#1812=VECTOR('',#6551,1000.);
#1813=VECTOR('',#6552,1000.);
#1814=VECTOR('',#6553,1000.);
#1815=VECTOR('',#6554,1000.);
#1816=VECTOR('',#6555,1000.);
#1817=VECTOR('',#6556,1000.);
#1818=VECTOR('',#6559,1000.);
#1819=VECTOR('',#6560,1000.);
#1820=VECTOR('',#6561,1000.);
#1821=VECTOR('',#6562,1000.);
#1822=VECTOR('',#6563,1000.);
#1823=VECTOR('',#6564,1000.);
#1824=VECTOR('',#6565,1000.);
#1825=VECTOR('',#6566,1000.);
#1826=VECTOR('',#6567,1000.);
#1827=VECTOR('',#6568,1000.);
#1828=VECTOR('',#6571,1000.);
#1829=VECTOR('',#6574,1000.);
#1830=VECTOR('',#6575,1000.);
#1831=VECTOR('',#6576,1000.);
#1832=VECTOR('',#6577,1000.);
#1833=VECTOR('',#6578,1000.);
#1834=VECTOR('',#6579,1000.);
#1835=VECTOR('',#6580,1000.);
#1836=VECTOR('',#6581,1000.);
#1837=VECTOR('',#6582,1000.);
#1838=VECTOR('',#6583,1000.);
#1839=VECTOR('',#6584,1000.);
#1840=VECTOR('',#6585,1000.);
#1841=VECTOR('',#6586,1000.);
#1842=VECTOR('',#6587,1000.);
#1843=VECTOR('',#6588,1000.);
#1844=VECTOR('',#6589,1000.);
#1845=VECTOR('',#6590,1000.);
#1846=VECTOR('',#6591,1000.);
#1847=VECTOR('',#6592,1000.);
#1848=VECTOR('',#6593,1000.);
#1849=VECTOR('',#6594,1000.);
#1850=VECTOR('',#6597,1000.);
#1851=VECTOR('',#6598,1000.);
#1852=VECTOR('',#6601,1000.);
#1853=VECTOR('',#6604,1000.);
#1854=VECTOR('',#6607,1000.);
#1855=VECTOR('',#6608,1000.);
#1856=VECTOR('',#6611,1000.);
#1857=VECTOR('',#6614,1000.);
#1858=VECTOR('',#6617,1000.);
#1859=VECTOR('',#6618,1000.);
#1860=VECTOR('',#6621,1000.);
#1861=VECTOR('',#6624,1000.);
#1862=VECTOR('',#6627,1000.);
#1863=VECTOR('',#6628,1000.);
#1864=VECTOR('',#6631,1000.);
#1865=VECTOR('',#6636,1000.);
#1866=VECTOR('',#6637,1000.);
#1867=VECTOR('',#6638,1000.);
#1868=VECTOR('',#6641,1000.);
#1869=VECTOR('',#6642,1000.);
#1870=VECTOR('',#6645,1000.);
#1871=VECTOR('',#6648,1000.);
#1872=VECTOR('',#6649,1000.);
#1873=VECTOR('',#6650,1000.);
#1874=VECTOR('',#6653,1000.);
#1875=VECTOR('',#6656,1000.);
#1876=VECTOR('',#6657,1000.);
#1877=VECTOR('',#6660,1000.);
#1878=VECTOR('',#6661,1000.);
#1879=VECTOR('',#6662,1000.);
#1880=VECTOR('',#6665,1000.);
#1881=VECTOR('',#6666,1000.);
#1882=VECTOR('',#6667,1000.);
#1883=VECTOR('',#6670,1000.);
#1884=VECTOR('',#6671,1000.);
#1885=VECTOR('',#6672,1000.);
#1886=VECTOR('',#6675,1000.);
#1887=VECTOR('',#6676,1000.);
#1888=VECTOR('',#6679,1000.);
#1889=VECTOR('',#6680,1000.);
#1890=VECTOR('',#6683,1000.);
#1891=VECTOR('',#6686,1000.);
#1892=VECTOR('',#6687,1000.);
#1893=VECTOR('',#6688,1000.);
#1894=VECTOR('',#6689,1000.);
#1895=VECTOR('',#6692,1000.);
#1896=VECTOR('',#6693,1000.);
#1897=VECTOR('',#6696,1000.);
#1898=VECTOR('',#6697,1000.);
#1899=VECTOR('',#6698,1000.);
#1900=VECTOR('',#6701,1000.);
#1901=VECTOR('',#6704,1000.);
#1902=VECTOR('',#6711,1000.);
#1903=VECTOR('',#6712,1000.);
#1904=VECTOR('',#6713,1000.);
#1905=VECTOR('',#6716,1000.);
#1906=VECTOR('',#6717,1000.);
#1907=VECTOR('',#6720,1000.);
#1908=VECTOR('',#6721,1000.);
#1909=VECTOR('',#6724,1000.);
#1910=VECTOR('',#6729,1000.);
#1911=VECTOR('',#6730,1000.);
#1912=VECTOR('',#6731,1000.);
#1913=VECTOR('',#6734,1000.);
#1914=VECTOR('',#6735,1000.);
#1915=VECTOR('',#6736,1000.);
#1916=VECTOR('',#6737,1000.);
#1917=VECTOR('',#6740,1000.);
#1918=VECTOR('',#6741,1000.);
#1919=VECTOR('',#6742,1000.);
#1920=VECTOR('',#6743,1000.);
#1921=VECTOR('',#6746,1000.);
#1922=VECTOR('',#6747,1000.);
#1923=VECTOR('',#6750,1000.);
#1924=VECTOR('',#6755,1000.);
#1925=VECTOR('',#6760,1000.);
#1926=VECTOR('',#6761,1000.);
#1927=VECTOR('',#6764,1000.);
#1928=VECTOR('',#6765,1000.);
#1929=VECTOR('',#6774,1000.);
#1930=VECTOR('',#6775,1000.);
#1931=VECTOR('',#6776,1000.);
#1932=VECTOR('',#6777,1000.);
#1933=VECTOR('',#6778,1000.);
#1934=VECTOR('',#6781,1000.);
#1935=VECTOR('',#6782,1000.);
#1936=VECTOR('',#6783,1000.);
#1937=VECTOR('',#6786,1000.);
#1938=VECTOR('',#6787,1000.);
#1939=VECTOR('',#6788,1000.);
#1940=VECTOR('',#6789,1000.);
#1941=VECTOR('',#6792,1000.);
#1942=VECTOR('',#6795,1000.);
#1943=VECTOR('',#6796,1000.);
#1944=VECTOR('',#6797,1000.);
#1945=VECTOR('',#6798,1000.);
#1946=VECTOR('',#6799,1000.);
#1947=VECTOR('',#6802,1000.);
#1948=VECTOR('',#6803,1000.);
#1949=VECTOR('',#6804,1000.);
#1950=VECTOR('',#6805,1000.);
#1951=VECTOR('',#6806,1000.);
#1952=VECTOR('',#6809,1000.);
#1953=VECTOR('',#6810,1000.);
#1954=VECTOR('',#6813,1000.);
#1955=VECTOR('',#6820,1000.);
#1956=VECTOR('',#6823,1000.);
#1957=VECTOR('',#6824,1000.);
#1958=VECTOR('',#6831,1000.);
#1959=VECTOR('',#6836,1000.);
#1960=CIRCLE('',#5032,2.15);
#1961=CIRCLE('',#5033,2.15);
#1962=CIRCLE('',#5035,1.);
#1963=CIRCLE('',#5037,1.);
#1964=CIRCLE('',#5039,1.5);
#1965=CIRCLE('',#5041,1.5);
#1966=CIRCLE('',#5043,2.5);
#1967=CIRCLE('',#5044,2.5);
#1968=CIRCLE('',#5046,3.5);
#1969=CIRCLE('',#5047,3.5);
#1970=CIRCLE('',#5048,3.5);
#1971=CIRCLE('',#5049,3.5);
#1972=CIRCLE('',#5050,3.5);
#1973=CIRCLE('',#5051,3.5);
#1974=CIRCLE('',#5052,3.5);
#1975=CIRCLE('',#5053,3.5);
#1976=CIRCLE('',#5054,3.5);
#1977=CIRCLE('',#5055,3.5);
#1978=CIRCLE('',#5059,2.);
#1979=CIRCLE('',#5060,2.);
#1980=CIRCLE('',#5061,2.);
#1981=CIRCLE('',#5062,2.);
#1982=CIRCLE('',#5066,2.);
#1983=CIRCLE('',#5071,2.);
#1984=CIRCLE('',#5076,2.);
#1985=CIRCLE('',#5081,2.);
#1986=CIRCLE('',#5085,3.2);
#1987=CIRCLE('',#5086,3.2);
#1988=CIRCLE('',#5089,3.2);
#1989=CIRCLE('',#5090,3.2);
#1990=CIRCLE('',#5093,3.2);
#1991=CIRCLE('',#5094,3.2);
#1992=CIRCLE('',#5097,3.2);
#1993=CIRCLE('',#5098,3.2);
#1994=CIRCLE('',#5101,1.1);
#1995=CIRCLE('',#5102,3.);
#1996=CIRCLE('',#5103,1.1);
#1997=CIRCLE('',#5104,1.1);
#1998=CIRCLE('',#5105,1.1);
#1999=CIRCLE('',#5107,1.);
#2000=CIRCLE('',#5108,1.);
#2001=CIRCLE('',#5110,1.8);
#2002=CIRCLE('',#5112,1.);
#2003=CIRCLE('',#5113,1.);
#2004=CIRCLE('',#5115,1.8);
#2005=CIRCLE('',#5117,1.);
#2006=CIRCLE('',#5118,1.);
#2007=CIRCLE('',#5120,1.8);
#2008=CIRCLE('',#5122,1.);
#2009=CIRCLE('',#5123,1.);
#2010=CIRCLE('',#5125,1.8);
#2011=CIRCLE('',#5127,1.1);
#2012=CIRCLE('',#5129,1.1);
#2013=CIRCLE('',#5131,3.);
#2014=CIRCLE('',#5133,1.1);
#2015=CIRCLE('',#5135,1.1);
#2016=CIRCLE('',#5137,11.);
#2017=CIRCLE('',#5139,12.);
#2018=CIRCLE('',#5140,12.);
#2019=CIRCLE('',#5142,11.);
#2020=CIRCLE('',#5145,1.8);
#2021=CIRCLE('',#5147,1.8);
#2022=CIRCLE('',#5149,1.8);
#2023=CIRCLE('',#5151,1.8);
#2024=CIRCLE('',#5154,4.);
#2025=CIRCLE('',#5155,4.);
#2026=CIRCLE('',#5158,4.);
#2027=CIRCLE('',#5159,4.);
#2028=CIRCLE('',#5162,4.);
#2029=CIRCLE('',#5163,4.);
#2030=CIRCLE('',#5166,4.);
#2031=CIRCLE('',#5167,4.);
#2032=CIRCLE('',#5173,2.);
#2033=CIRCLE('',#5174,2.);
#2034=CIRCLE('',#5175,0.9);
#2035=CIRCLE('',#5178,2.);
#2036=CIRCLE('',#5179,2.);
#2037=CIRCLE('',#5180,0.899999999999999);
#2038=CIRCLE('',#5182,5.9);
#2039=CIRCLE('',#5183,1.00000000000002);
#2040=CIRCLE('',#5184,3.25);
#2041=CIRCLE('',#5185,1.);
#2042=CIRCLE('',#5186,5.9);
#2043=CIRCLE('',#5188,2.);
#2044=CIRCLE('',#5191,2.);
#2045=CIRCLE('',#5194,5.9);
#2046=CIRCLE('',#5196,0.899999999999999);
#2047=CIRCLE('',#5198,2.);
#2048=CIRCLE('',#5201,0.9);
#2049=CIRCLE('',#5203,2.);
#2050=CIRCLE('',#5207,1.9);
#2051=CIRCLE('',#5208,1.9);
#2052=CIRCLE('',#5211,1.);
#2053=CIRCLE('',#5213,5.9);
#2054=CIRCLE('',#5214,5.9);
#2055=CIRCLE('',#5216,1.00000000000002);
#2056=CIRCLE('',#5218,3.25);
#2057=CIRCLE('',#5237,5.);
#2058=CIRCLE('',#5238,1.);
#2059=CIRCLE('',#5239,1.);
#2060=CIRCLE('',#5240,1.00000000000001);
#2061=CIRCLE('',#5241,1.00000000000005);
#2062=CIRCLE('',#5242,2.5);
#2063=CIRCLE('',#5244,2.5);
#2064=CIRCLE('',#5248,1.);
#2065=CIRCLE('',#5251,1.00000000000001);
#2066=CIRCLE('',#5254,1.);
#2067=CIRCLE('',#5258,1.00000000000005);
#2068=CIRCLE('',#5260,5.);
#2069=CIRCLE('',#5297,10.0000000000001);
#2070=CIRCLE('',#5298,1.);
#2071=CIRCLE('',#5299,0.999999999999999);
#2072=CIRCLE('',#5300,1.00000000000004);
#2073=CIRCLE('',#5301,1.00000000000001);
#2074=CIRCLE('',#5303,1.);
#2075=CIRCLE('',#5307,1.00000000000001);
#2076=CIRCLE('',#5310,1.00000000000004);
#2077=CIRCLE('',#5313,0.999999999999999);
#2078=CIRCLE('',#5316,10.0000000000001);
#2079=CIRCLE('',#5328,3.75);
#2080=CIRCLE('',#5329,3.75);
#2081=CIRCLE('',#5332,2.);
#2082=CIRCLE('',#5333,2.);
#2083=CIRCLE('',#5337,10.0000000000001);
#2084=CIRCLE('',#5338,10.0000000000001);
#2085=CIRCLE('',#5341,5.);
#2086=CIRCLE('',#5342,5.);
#2087=CIRCLE('',#5347,1.9);
#2088=CIRCLE('',#5348,1.9);
#2089=CIRCLE('',#5350,2.75);
#2090=CIRCLE('',#5351,2.75);
#2091=CIRCLE('',#5354,3.5);
#2092=CIRCLE('',#5355,2.);
#2093=CIRCLE('',#5356,3.5);
#2094=CIRCLE('',#5359,2.);
#2095=CIRCLE('',#5362,3.5);
#2096=CIRCLE('',#5364,3.5);
#2097=CIRCLE('',#5366,1.);
#2098=CIRCLE('',#5367,1.);
#2099=CIRCLE('',#5369,1.9);
#2100=CIRCLE('',#5371,1.9);
#2101=CIRCLE('',#5376,2.5);
#2102=CIRCLE('',#5377,2.5);
#2103=CIRCLE('',#5381,8.5);
#2104=CIRCLE('',#5382,8.5);
#2105=CIRCLE('',#5384,8.5);
#2106=CIRCLE('',#5385,8.5);
#2107=CIRCLE('',#5403,4.5);
#2108=CIRCLE('',#5433,4.5);
#2109=VERTEX_POINT('',#6856);
#2110=VERTEX_POINT('',#6858);
#2111=VERTEX_POINT('',#6862);
#2112=VERTEX_POINT('',#6865);
#2113=VERTEX_POINT('',#6869);
#2114=VERTEX_POINT('',#6872);
#2115=VERTEX_POINT('',#6876);
#2116=VERTEX_POINT('',#6878);
#2117=VERTEX_POINT('',#6882);
#2118=VERTEX_POINT('',#6884);
#2119=VERTEX_POINT('',#6886);
#2120=VERTEX_POINT('',#6888);
#2121=VERTEX_POINT('',#6890);
#2122=VERTEX_POINT('',#6892);
#2123=VERTEX_POINT('',#6894);
#2124=VERTEX_POINT('',#6896);
#2125=VERTEX_POINT('',#6898);
#2126=VERTEX_POINT('',#6900);
#2127=VERTEX_POINT('',#6902);
#2128=VERTEX_POINT('',#6904);
#2129=VERTEX_POINT('',#6906);
#2130=VERTEX_POINT('',#6908);
#2131=VERTEX_POINT('',#6910);
#2132=VERTEX_POINT('',#6912);
#2133=VERTEX_POINT('',#6914);
#2134=VERTEX_POINT('',#6916);
#2135=VERTEX_POINT('',#6922);
#2136=VERTEX_POINT('',#6924);
#2137=VERTEX_POINT('',#6926);
#2138=VERTEX_POINT('',#6929);
#2139=VERTEX_POINT('',#6931);
#2140=VERTEX_POINT('',#6934);
#2141=VERTEX_POINT('',#6936);
#2142=VERTEX_POINT('',#6939);
#2143=VERTEX_POINT('',#6943);
#2144=VERTEX_POINT('',#6947);
#2145=VERTEX_POINT('',#6954);
#2146=VERTEX_POINT('',#6958);
#2147=VERTEX_POINT('',#6965);
#2148=VERTEX_POINT('',#6969);
#2149=VERTEX_POINT('',#6976);
#2150=VERTEX_POINT('',#6980);
#2151=VERTEX_POINT('',#6988);
#2152=VERTEX_POINT('',#6989);
#2153=VERTEX_POINT('',#6991);
#2154=VERTEX_POINT('',#6993);
#2155=VERTEX_POINT('',#6997);
#2156=VERTEX_POINT('',#6999);
#2157=VERTEX_POINT('',#7003);
#2158=VERTEX_POINT('',#7005);
#2159=VERTEX_POINT('',#7009);
#2160=VERTEX_POINT('',#7011);
#2161=VERTEX_POINT('',#7015);
#2162=VERTEX_POINT('',#7017);
#2163=VERTEX_POINT('',#7021);
#2164=VERTEX_POINT('',#7023);
#2165=VERTEX_POINT('',#7027);
#2166=VERTEX_POINT('',#7029);
#2167=VERTEX_POINT('',#7036);
#2168=VERTEX_POINT('',#7038);
#2169=VERTEX_POINT('',#7040);
#2170=VERTEX_POINT('',#7042);
#2171=VERTEX_POINT('',#7044);
#2172=VERTEX_POINT('',#7047);
#2173=VERTEX_POINT('',#7049);
#2174=VERTEX_POINT('',#7053);
#2175=VERTEX_POINT('',#7056);
#2176=VERTEX_POINT('',#7058);
#2177=VERTEX_POINT('',#7062);
#2178=VERTEX_POINT('',#7065);
#2179=VERTEX_POINT('',#7067);
#2180=VERTEX_POINT('',#7071);
#2181=VERTEX_POINT('',#7074);
#2182=VERTEX_POINT('',#7076);
#2183=VERTEX_POINT('',#7080);
#2184=VERTEX_POINT('',#7083);
#2185=VERTEX_POINT('',#7087);
#2186=VERTEX_POINT('',#7091);
#2187=VERTEX_POINT('',#7095);
#2188=VERTEX_POINT('',#7099);
#2189=VERTEX_POINT('',#7103);
#2190=VERTEX_POINT('',#7106);
#2191=VERTEX_POINT('',#7108);
#2192=VERTEX_POINT('',#7112);
#2193=VERTEX_POINT('',#7117);
#2194=VERTEX_POINT('',#7121);
#2195=VERTEX_POINT('',#7125);
#2196=VERTEX_POINT('',#7129);
#2197=VERTEX_POINT('',#7133);
#2198=VERTEX_POINT('',#7134);
#2199=VERTEX_POINT('',#7136);
#2200=VERTEX_POINT('',#7138);
#2201=VERTEX_POINT('',#7142);
#2202=VERTEX_POINT('',#7144);
#2203=VERTEX_POINT('',#7148);
#2204=VERTEX_POINT('',#7150);
#2205=VERTEX_POINT('',#7154);
#2206=VERTEX_POINT('',#7156);
#2207=VERTEX_POINT('',#7160);
#2208=VERTEX_POINT('',#7162);
#2209=VERTEX_POINT('',#7166);
#2210=VERTEX_POINT('',#7168);
#2211=VERTEX_POINT('',#7172);
#2212=VERTEX_POINT('',#7174);
#2213=VERTEX_POINT('',#7184);
#2214=VERTEX_POINT('',#7185);
#2215=VERTEX_POINT('',#7187);
#2216=VERTEX_POINT('',#7189);
#2217=VERTEX_POINT('',#7193);
#2218=VERTEX_POINT('',#7194);
#2219=VERTEX_POINT('',#7197);
#2220=VERTEX_POINT('',#7199);
#2221=VERTEX_POINT('',#7202);
#2222=VERTEX_POINT('',#7205);
#2223=VERTEX_POINT('',#7206);
#2224=VERTEX_POINT('',#7208);
#2225=VERTEX_POINT('',#7210);
#2226=VERTEX_POINT('',#7212);
#2227=VERTEX_POINT('',#7216);
#2228=VERTEX_POINT('',#7218);
#2229=VERTEX_POINT('',#7220);
#2230=VERTEX_POINT('',#7222);
#2231=VERTEX_POINT('',#7225);
#2232=VERTEX_POINT('',#7228);
#2233=VERTEX_POINT('',#7230);
#2234=VERTEX_POINT('',#7232);
#2235=VERTEX_POINT('',#7234);
#2236=VERTEX_POINT('',#7236);
#2237=VERTEX_POINT('',#7238);
#2238=VERTEX_POINT('',#7242);
#2239=VERTEX_POINT('',#7244);
#2240=VERTEX_POINT('',#7248);
#2241=VERTEX_POINT('',#7250);
#2242=VERTEX_POINT('',#7254);
#2243=VERTEX_POINT('',#7258);
#2244=VERTEX_POINT('',#7260);
#2245=VERTEX_POINT('',#7262);
#2246=VERTEX_POINT('',#7264);
#2247=VERTEX_POINT('',#7266);
#2248=VERTEX_POINT('',#7273);
#2249=VERTEX_POINT('',#7277);
#2250=VERTEX_POINT('',#7281);
#2251=VERTEX_POINT('',#7285);
#2252=VERTEX_POINT('',#7289);
#2253=VERTEX_POINT('',#7291);
#2254=VERTEX_POINT('',#7297);
#2255=VERTEX_POINT('',#7301);
#2256=VERTEX_POINT('',#7303);
#2257=VERTEX_POINT('',#7308);
#2258=VERTEX_POINT('',#7310);
#2259=VERTEX_POINT('',#7315);
#2260=VERTEX_POINT('',#7319);
#2261=VERTEX_POINT('',#7328);
#2262=VERTEX_POINT('',#7329);
#2263=VERTEX_POINT('',#7336);
#2264=VERTEX_POINT('',#7344);
#2265=VERTEX_POINT('',#7345);
#2266=VERTEX_POINT('',#7347);
#2267=VERTEX_POINT('',#7349);
#2268=VERTEX_POINT('',#7351);
#2269=VERTEX_POINT('',#7353);
#2270=VERTEX_POINT('',#7355);
#2271=VERTEX_POINT('',#7357);
#2272=VERTEX_POINT('',#7361);
#2273=VERTEX_POINT('',#7362);
#2274=VERTEX_POINT('',#7364);
#2275=VERTEX_POINT('',#7366);
#2276=VERTEX_POINT('',#7368);
#2277=VERTEX_POINT('',#7370);
#2278=VERTEX_POINT('',#7372);
#2279=VERTEX_POINT('',#7374);
#2280=VERTEX_POINT('',#7378);
#2281=VERTEX_POINT('',#7380);
#2282=VERTEX_POINT('',#7384);
#2283=VERTEX_POINT('',#7388);
#2284=VERTEX_POINT('',#7390);
#2285=VERTEX_POINT('',#7392);
#2286=VERTEX_POINT('',#7394);
#2287=VERTEX_POINT('',#7396);
#2288=VERTEX_POINT('',#7400);
#2289=VERTEX_POINT('',#7402);
#2290=VERTEX_POINT('',#7406);
#2291=VERTEX_POINT('',#7408);
#2292=VERTEX_POINT('',#7410);
#2293=VERTEX_POINT('',#7412);
#2294=VERTEX_POINT('',#7414);
#2295=VERTEX_POINT('',#7416);
#2296=VERTEX_POINT('',#7418);
#2297=VERTEX_POINT('',#7420);
#2298=VERTEX_POINT('',#7425);
#2299=VERTEX_POINT('',#7429);
#2300=VERTEX_POINT('',#7430);
#2301=VERTEX_POINT('',#7432);
#2302=VERTEX_POINT('',#7434);
#2303=VERTEX_POINT('',#7438);
#2304=VERTEX_POINT('',#7439);
#2305=VERTEX_POINT('',#7441);
#2306=VERTEX_POINT('',#7443);
#2307=VERTEX_POINT('',#7445);
#2308=VERTEX_POINT('',#7449);
#2309=VERTEX_POINT('',#7451);
#2310=VERTEX_POINT('',#7453);
#2311=VERTEX_POINT('',#7455);
#2312=VERTEX_POINT('',#7457);
#2313=VERTEX_POINT('',#7459);
#2314=VERTEX_POINT('',#7462);
#2315=VERTEX_POINT('',#7465);
#2316=VERTEX_POINT('',#7470);
#2317=VERTEX_POINT('',#7472);
#2318=VERTEX_POINT('',#7476);
#2319=VERTEX_POINT('',#7480);
#2320=VERTEX_POINT('',#7484);
#2321=VERTEX_POINT('',#7488);
#2322=VERTEX_POINT('',#7490);
#2323=VERTEX_POINT('',#7494);
#2324=VERTEX_POINT('',#7500);
#2325=VERTEX_POINT('',#7501);
#2326=VERTEX_POINT('',#7506);
#2327=VERTEX_POINT('',#7513);
#2328=VERTEX_POINT('',#7519);
#2329=VERTEX_POINT('',#7523);
#2330=VERTEX_POINT('',#7525);
#2331=VERTEX_POINT('',#7528);
#2332=VERTEX_POINT('',#7530);
#2333=VERTEX_POINT('',#7532);
#2334=VERTEX_POINT('',#7559);
#2335=VERTEX_POINT('',#7560);
#2336=VERTEX_POINT('',#7562);
#2337=VERTEX_POINT('',#7564);
#2338=VERTEX_POINT('',#7566);
#2339=VERTEX_POINT('',#7568);
#2340=VERTEX_POINT('',#7570);
#2341=VERTEX_POINT('',#7572);
#2342=VERTEX_POINT('',#7576);
#2343=VERTEX_POINT('',#7577);
#2344=VERTEX_POINT('',#7579);
#2345=VERTEX_POINT('',#7581);
#2346=VERTEX_POINT('',#7583);
#2347=VERTEX_POINT('',#7585);
#2348=VERTEX_POINT('',#7587);
#2349=VERTEX_POINT('',#7589);
#2350=VERTEX_POINT('',#7593);
#2351=VERTEX_POINT('',#7595);
#2352=VERTEX_POINT('',#7599);
#2353=VERTEX_POINT('',#7603);
#2354=VERTEX_POINT('',#7607);
#2355=VERTEX_POINT('',#7611);
#2356=VERTEX_POINT('',#7613);
#2357=VERTEX_POINT('',#7617);
#2358=VERTEX_POINT('',#7619);
#2359=VERTEX_POINT('',#7621);
#2360=VERTEX_POINT('',#7623);
#2361=VERTEX_POINT('',#7625);
#2362=VERTEX_POINT('',#7627);
#2363=VERTEX_POINT('',#7629);
#2364=VERTEX_POINT('',#7631);
#2365=VERTEX_POINT('',#7635);
#2366=VERTEX_POINT('',#7637);
#2367=VERTEX_POINT('',#7641);
#2368=VERTEX_POINT('',#7646);
#2369=VERTEX_POINT('',#7649);
#2370=VERTEX_POINT('',#7656);
#2371=VERTEX_POINT('',#7658);
#2372=VERTEX_POINT('',#7664);
#2373=VERTEX_POINT('',#7665);
#2374=VERTEX_POINT('',#7667);
#2375=VERTEX_POINT('',#7669);
#2376=VERTEX_POINT('',#7673);
#2377=VERTEX_POINT('',#7674);
#2378=VERTEX_POINT('',#7677);
#2379=VERTEX_POINT('',#7679);
#2380=VERTEX_POINT('',#7682);
#2381=VERTEX_POINT('',#7684);
#2382=VERTEX_POINT('',#7686);
#2383=VERTEX_POINT('',#7688);
#2384=VERTEX_POINT('',#7690);
#2385=VERTEX_POINT('',#7692);
#2386=VERTEX_POINT('',#7696);
#2387=VERTEX_POINT('',#7697);
#2388=VERTEX_POINT('',#7702);
#2389=VERTEX_POINT('',#7706);
#2390=VERTEX_POINT('',#7710);
#2391=VERTEX_POINT('',#7714);
#2392=VERTEX_POINT('',#7718);
#2393=VERTEX_POINT('',#7722);
#2394=VERTEX_POINT('',#7726);
#2395=VERTEX_POINT('',#7728);
#2396=VERTEX_POINT('',#7730);
#2397=VERTEX_POINT('',#7732);
#2398=VERTEX_POINT('',#7737);
#2399=VERTEX_POINT('',#7739);
#2400=VERTEX_POINT('',#7752);
#2401=VERTEX_POINT('',#7754);
#2402=VERTEX_POINT('',#7764);
#2403=VERTEX_POINT('',#7766);
#2404=VERTEX_POINT('',#7770);
#2405=VERTEX_POINT('',#7771);
#2406=VERTEX_POINT('',#7773);
#2407=VERTEX_POINT('',#7775);
#2408=VERTEX_POINT('',#7779);
#2409=VERTEX_POINT('',#7781);
#2410=VERTEX_POINT('',#7785);
#2411=VERTEX_POINT('',#7787);
#2412=VERTEX_POINT('',#7791);
#2413=VERTEX_POINT('',#7793);
#2414=VERTEX_POINT('',#7797);
#2415=VERTEX_POINT('',#7799);
#2416=VERTEX_POINT('',#7803);
#2417=VERTEX_POINT('',#7805);
#2418=VERTEX_POINT('',#7815);
#2419=VERTEX_POINT('',#7817);
#2420=VERTEX_POINT('',#7821);
#2421=VERTEX_POINT('',#7823);
#2422=VERTEX_POINT('',#7828);
#2423=VERTEX_POINT('',#7829);
#2424=VERTEX_POINT('',#7831);
#2425=VERTEX_POINT('',#7833);
#2426=VERTEX_POINT('',#7835);
#2427=VERTEX_POINT('',#7839);
#2428=VERTEX_POINT('',#7841);
#2429=VERTEX_POINT('',#7845);
#2430=VERTEX_POINT('',#7849);
#2431=VERTEX_POINT('',#7855);
#2432=VERTEX_POINT('',#7859);
#2433=VERTEX_POINT('',#7861);
#2434=VERTEX_POINT('',#7865);
#2435=VERTEX_POINT('',#7868);
#2436=VERTEX_POINT('',#7875);
#2437=VERTEX_POINT('',#7877);
#2438=VERTEX_POINT('',#7881);
#2439=VERTEX_POINT('',#7882);
#2440=VERTEX_POINT('',#7884);
#2441=VERTEX_POINT('',#7886);
#2442=VERTEX_POINT('',#7888);
#2443=VERTEX_POINT('',#7890);
#2444=VERTEX_POINT('',#7894);
#2445=VERTEX_POINT('',#7896);
#2446=VERTEX_POINT('',#7900);
#2447=VERTEX_POINT('',#7902);
#2448=VERTEX_POINT('',#7904);
#2449=VERTEX_POINT('',#7906);
#2450=VERTEX_POINT('',#7908);
#2451=VERTEX_POINT('',#7910);
#2452=VERTEX_POINT('',#7912);
#2453=VERTEX_POINT('',#7914);
#2454=VERTEX_POINT('',#7916);
#2455=VERTEX_POINT('',#7918);
#2456=VERTEX_POINT('',#7920);
#2457=VERTEX_POINT('',#7922);
#2458=VERTEX_POINT('',#7924);
#2459=VERTEX_POINT('',#7926);
#2460=VERTEX_POINT('',#7928);
#2461=VERTEX_POINT('',#7930);
#2462=VERTEX_POINT('',#7932);
#2463=VERTEX_POINT('',#7934);
#2464=VERTEX_POINT('',#7936);
#2465=VERTEX_POINT('',#7938);
#2466=VERTEX_POINT('',#7940);
#2467=VERTEX_POINT('',#7942);
#2468=VERTEX_POINT('',#7944);
#2469=VERTEX_POINT('',#7946);
#2470=VERTEX_POINT('',#7949);
#2471=VERTEX_POINT('',#7950);
#2472=VERTEX_POINT('',#7952);
#2473=VERTEX_POINT('',#7954);
#2474=VERTEX_POINT('',#7957);
#2475=VERTEX_POINT('',#7958);
#2476=VERTEX_POINT('',#7960);
#2477=VERTEX_POINT('',#7962);
#2478=VERTEX_POINT('',#7966);
#2479=VERTEX_POINT('',#7967);
#2480=VERTEX_POINT('',#7970);
#2481=VERTEX_POINT('',#7972);
#2482=VERTEX_POINT('',#7974);
#2483=VERTEX_POINT('',#7976);
#2484=VERTEX_POINT('',#7979);
#2485=VERTEX_POINT('',#7981);
#2486=VERTEX_POINT('',#7983);
#2487=VERTEX_POINT('',#7985);
#2488=VERTEX_POINT('',#7987);
#2489=VERTEX_POINT('',#7989);
#2490=VERTEX_POINT('',#7991);
#2491=VERTEX_POINT('',#7993);
#2492=VERTEX_POINT('',#7995);
#2493=VERTEX_POINT('',#7997);
#2494=VERTEX_POINT('',#7999);
#2495=VERTEX_POINT('',#8001);
#2496=VERTEX_POINT('',#8003);
#2497=VERTEX_POINT('',#8005);
#2498=VERTEX_POINT('',#8008);
#2499=VERTEX_POINT('',#8009);
#2500=VERTEX_POINT('',#8011);
#2501=VERTEX_POINT('',#8013);
#2502=VERTEX_POINT('',#8016);
#2503=VERTEX_POINT('',#8017);
#2504=VERTEX_POINT('',#8019);
#2505=VERTEX_POINT('',#8021);
#2506=VERTEX_POINT('',#8024);
#2507=VERTEX_POINT('',#8025);
#2508=VERTEX_POINT('',#8027);
#2509=VERTEX_POINT('',#8029);
#2510=VERTEX_POINT('',#8060);
#2511=VERTEX_POINT('',#8061);
#2512=VERTEX_POINT('',#8071);
#2513=VERTEX_POINT('',#8072);
#2514=VERTEX_POINT('',#8077);
#2515=VERTEX_POINT('',#8079);
#2516=VERTEX_POINT('',#8084);
#2517=VERTEX_POINT('',#8086);
#2518=VERTEX_POINT('',#8090);
#2519=VERTEX_POINT('',#8092);
#2520=VERTEX_POINT('',#8096);
#2521=VERTEX_POINT('',#8098);
#2522=VERTEX_POINT('',#8102);
#2523=VERTEX_POINT('',#8106);
#2524=VERTEX_POINT('',#8112);
#2525=VERTEX_POINT('',#8114);
#2526=VERTEX_POINT('',#8116);
#2527=VERTEX_POINT('',#8120);
#2528=VERTEX_POINT('',#8124);
#2529=VERTEX_POINT('',#8125);
#2530=VERTEX_POINT('',#8136);
#2531=VERTEX_POINT('',#8138);
#2532=VERTEX_POINT('',#8142);
#2533=VERTEX_POINT('',#8146);
#2534=VERTEX_POINT('',#8153);
#2535=VERTEX_POINT('',#8155);
#2536=VERTEX_POINT('',#8159);
#2537=VERTEX_POINT('',#8161);
#2538=VERTEX_POINT('',#8163);
#2539=VERTEX_POINT('',#8167);
#2540=VERTEX_POINT('',#8170);
#2541=VERTEX_POINT('',#8174);
#2542=VERTEX_POINT('',#8184);
#2543=VERTEX_POINT('',#8188);
#2544=VERTEX_POINT('',#8195);
#2545=VERTEX_POINT('',#8197);
#2546=VERTEX_POINT('',#8199);
#2547=VERTEX_POINT('',#8201);
#2548=VERTEX_POINT('',#8205);
#2549=VERTEX_POINT('',#8207);
#2550=VERTEX_POINT('',#8211);
#2551=VERTEX_POINT('',#8213);
#2552=VERTEX_POINT('',#8220);
#2553=VERTEX_POINT('',#8222);
#2554=VERTEX_POINT('',#8224);
#2555=VERTEX_POINT('',#8226);
#2556=VERTEX_POINT('',#8230);
#2557=VERTEX_POINT('',#8232);
#2558=VERTEX_POINT('',#8234);
#2559=VERTEX_POINT('',#8236);
#2560=EDGE_CURVE('',#2109,#2109,#1960,.T.);
#2561=EDGE_CURVE('',#2109,#2110,#898,.T.);
#2562=EDGE_CURVE('',#2110,#2110,#1961,.T.);
#2563=EDGE_CURVE('',#2111,#2111,#1962,.T.);
#2564=EDGE_CURVE('',#2112,#2112,#1963,.T.);
#2565=EDGE_CURVE('',#2112,#2111,#899,.T.);
#2566=EDGE_CURVE('',#2113,#2113,#1964,.T.);
#2567=EDGE_CURVE('',#2114,#2114,#1965,.T.);
#2568=EDGE_CURVE('',#2114,#2113,#900,.T.);
#2569=EDGE_CURVE('',#2115,#2115,#1966,.T.);
#2570=EDGE_CURVE('',#2115,#2116,#901,.T.);
#2571=EDGE_CURVE('',#2116,#2116,#1967,.T.);
#2572=EDGE_CURVE('',#2117,#2117,#1968,.T.);
#2573=EDGE_CURVE('',#2117,#2118,#902,.T.);
#2574=EDGE_CURVE('',#2119,#2118,#1969,.T.);
#2575=EDGE_CURVE('',#2120,#2119,#903,.T.);
#2576=EDGE_CURVE('',#2120,#2121,#1970,.T.);
#2577=EDGE_CURVE('',#2121,#2122,#904,.T.);
#2578=EDGE_CURVE('',#2123,#2122,#1971,.T.);
#2579=EDGE_CURVE('',#2124,#2123,#905,.T.);
#2580=EDGE_CURVE('',#2124,#2125,#1972,.T.);
#2581=EDGE_CURVE('',#2125,#2126,#906,.T.);
#2582=EDGE_CURVE('',#2127,#2126,#1973,.T.);
#2583=EDGE_CURVE('',#2128,#2127,#907,.T.);
#2584=EDGE_CURVE('',#2128,#2129,#1974,.T.);
#2585=EDGE_CURVE('',#2129,#2130,#908,.T.);
#2586=EDGE_CURVE('',#2131,#2130,#1975,.T.);
#2587=EDGE_CURVE('',#2132,#2131,#909,.T.);
#2588=EDGE_CURVE('',#2132,#2133,#1976,.T.);
#2589=EDGE_CURVE('',#2133,#2134,#910,.T.);
#2590=EDGE_CURVE('',#2118,#2134,#1977,.T.);
#2591=EDGE_CURVE('',#2129,#2135,#911,.T.);
#2592=EDGE_CURVE('',#2136,#2128,#912,.T.);
#2593=EDGE_CURVE('',#2137,#2136,#1978,.T.);
#2594=EDGE_CURVE('',#2125,#2137,#913,.T.);
#2595=EDGE_CURVE('',#2138,#2124,#914,.T.);
#2596=EDGE_CURVE('',#2139,#2138,#1979,.T.);
#2597=EDGE_CURVE('',#2121,#2139,#915,.T.);
#2598=EDGE_CURVE('',#2140,#2120,#916,.T.);
#2599=EDGE_CURVE('',#2141,#2140,#1980,.T.);
#2600=EDGE_CURVE('',#2133,#2141,#917,.T.);
#2601=EDGE_CURVE('',#2142,#2132,#918,.T.);
#2602=EDGE_CURVE('',#2135,#2142,#1981,.T.);
#2603=EDGE_CURVE('',#2135,#2143,#919,.T.);
#2604=EDGE_CURVE('',#2130,#2143,#920,.T.);
#2605=EDGE_CURVE('',#2144,#2131,#921,.T.);
#2606=EDGE_CURVE('',#2142,#2144,#922,.T.);
#2607=EDGE_CURVE('',#2143,#2144,#1982,.T.);
#2608=EDGE_CURVE('',#2141,#2145,#923,.T.);
#2609=EDGE_CURVE('',#2134,#2145,#924,.T.);
#2610=EDGE_CURVE('',#2146,#2119,#925,.T.);
#2611=EDGE_CURVE('',#2140,#2146,#926,.T.);
#2612=EDGE_CURVE('',#2145,#2146,#1983,.T.);
#2613=EDGE_CURVE('',#2137,#2147,#927,.T.);
#2614=EDGE_CURVE('',#2126,#2147,#928,.T.);
#2615=EDGE_CURVE('',#2148,#2127,#929,.T.);
#2616=EDGE_CURVE('',#2136,#2148,#930,.T.);
#2617=EDGE_CURVE('',#2147,#2148,#1984,.T.);
#2618=EDGE_CURVE('',#2139,#2149,#931,.T.);
#2619=EDGE_CURVE('',#2122,#2149,#932,.T.);
#2620=EDGE_CURVE('',#2150,#2123,#933,.T.);
#2621=EDGE_CURVE('',#2138,#2150,#934,.T.);
#2622=EDGE_CURVE('',#2149,#2150,#1985,.T.);
#2623=EDGE_CURVE('',#2151,#2152,#1986,.T.);
#2624=EDGE_CURVE('',#2151,#2153,#935,.T.);
#2625=EDGE_CURVE('',#2153,#2154,#1987,.T.);
#2626=EDGE_CURVE('',#2152,#2154,#936,.T.);
#2627=EDGE_CURVE('',#2155,#2151,#937,.T.);
#2628=EDGE_CURVE('',#2155,#2156,#938,.T.);
#2629=EDGE_CURVE('',#2156,#2153,#939,.T.);
#2630=EDGE_CURVE('',#2157,#2155,#1988,.T.);
#2631=EDGE_CURVE('',#2157,#2158,#940,.T.);
#2632=EDGE_CURVE('',#2158,#2156,#1989,.T.);
#2633=EDGE_CURVE('',#2159,#2157,#941,.T.);
#2634=EDGE_CURVE('',#2159,#2160,#942,.T.);
#2635=EDGE_CURVE('',#2160,#2158,#943,.T.);
#2636=EDGE_CURVE('',#2161,#2159,#1990,.T.);
#2637=EDGE_CURVE('',#2161,#2162,#944,.T.);
#2638=EDGE_CURVE('',#2162,#2160,#1991,.T.);
#2639=EDGE_CURVE('',#2163,#2161,#945,.T.);
#2640=EDGE_CURVE('',#2163,#2164,#946,.T.);
#2641=EDGE_CURVE('',#2164,#2162,#947,.T.);
#2642=EDGE_CURVE('',#2165,#2163,#1992,.T.);
#2643=EDGE_CURVE('',#2165,#2166,#948,.T.);
#2644=EDGE_CURVE('',#2166,#2164,#1993,.T.);
#2645=EDGE_CURVE('',#2152,#2165,#949,.T.);
#2646=EDGE_CURVE('',#2154,#2166,#950,.T.);
#2647=EDGE_CURVE('',#2167,#2167,#1994,.T.);
#2648=EDGE_CURVE('',#2168,#2168,#1995,.T.);
#2649=EDGE_CURVE('',#2169,#2169,#1996,.T.);
#2650=EDGE_CURVE('',#2170,#2170,#1997,.T.);
#2651=EDGE_CURVE('',#2171,#2171,#1998,.T.);
#2652=EDGE_CURVE('',#2172,#2172,#1999,.T.);
#2653=EDGE_CURVE('',#2172,#2173,#951,.T.);
#2654=EDGE_CURVE('',#2173,#2173,#2000,.T.);
#2655=EDGE_CURVE('',#2174,#2174,#2001,.T.);
#2656=EDGE_CURVE('',#2175,#2175,#2002,.T.);
#2657=EDGE_CURVE('',#2175,#2176,#952,.T.);
#2658=EDGE_CURVE('',#2176,#2176,#2003,.T.);
#2659=EDGE_CURVE('',#2177,#2177,#2004,.T.);
#2660=EDGE_CURVE('',#2178,#2178,#2005,.T.);
#2661=EDGE_CURVE('',#2178,#2179,#953,.T.);
#2662=EDGE_CURVE('',#2179,#2179,#2006,.T.);
#2663=EDGE_CURVE('',#2180,#2180,#2007,.T.);
#2664=EDGE_CURVE('',#2181,#2181,#2008,.T.);
#2665=EDGE_CURVE('',#2181,#2182,#954,.T.);
#2666=EDGE_CURVE('',#2182,#2182,#2009,.T.);
#2667=EDGE_CURVE('',#2183,#2183,#2010,.T.);
#2668=EDGE_CURVE('',#2184,#2184,#2011,.T.);
#2669=EDGE_CURVE('',#2184,#2170,#955,.T.);
#2670=EDGE_CURVE('',#2185,#2185,#2012,.T.);
#2671=EDGE_CURVE('',#2185,#2169,#956,.T.);
#2672=EDGE_CURVE('',#2186,#2186,#2013,.T.);
#2673=EDGE_CURVE('',#2186,#2168,#957,.T.);
#2674=EDGE_CURVE('',#2187,#2187,#2014,.T.);
#2675=EDGE_CURVE('',#2187,#2167,#958,.T.);
#2676=EDGE_CURVE('',#2188,#2188,#2015,.T.);
#2677=EDGE_CURVE('',#2188,#2171,#959,.T.);
#2678=EDGE_CURVE('',#2189,#2189,#2016,.T.);
#2679=EDGE_CURVE('',#2190,#2190,#2017,.T.);
#2680=EDGE_CURVE('',#2190,#2191,#960,.T.);
#2681=EDGE_CURVE('',#2191,#2191,#2018,.T.);
#2682=EDGE_CURVE('',#2192,#2192,#2019,.T.);
#2683=EDGE_CURVE('',#2192,#2189,#961,.T.);
#2684=EDGE_CURVE('',#2193,#2193,#2020,.T.);
#2685=EDGE_CURVE('',#2193,#2180,#962,.T.);
#2686=EDGE_CURVE('',#2194,#2194,#2021,.T.);
#2687=EDGE_CURVE('',#2194,#2183,#963,.T.);
#2688=EDGE_CURVE('',#2195,#2195,#2022,.T.);
#2689=EDGE_CURVE('',#2195,#2174,#964,.T.);
#2690=EDGE_CURVE('',#2196,#2196,#2023,.T.);
#2691=EDGE_CURVE('',#2196,#2177,#965,.T.);
#2692=EDGE_CURVE('',#2197,#2198,#966,.T.);
#2693=EDGE_CURVE('',#2198,#2199,#967,.T.);
#2694=EDGE_CURVE('',#2200,#2199,#968,.T.);
#2695=EDGE_CURVE('',#2197,#2200,#969,.T.);
#2696=EDGE_CURVE('',#2201,#2197,#2024,.T.);
#2697=EDGE_CURVE('',#2202,#2200,#2025,.T.);
#2698=EDGE_CURVE('',#2201,#2202,#970,.T.);
#2699=EDGE_CURVE('',#2203,#2201,#971,.T.);
#2700=EDGE_CURVE('',#2204,#2202,#972,.T.);
#2701=EDGE_CURVE('',#2203,#2204,#973,.T.);
#2702=EDGE_CURVE('',#2205,#2203,#2026,.T.);
#2703=EDGE_CURVE('',#2206,#2204,#2027,.T.);
#2704=EDGE_CURVE('',#2205,#2206,#974,.T.);
#2705=EDGE_CURVE('',#2207,#2205,#975,.T.);
#2706=EDGE_CURVE('',#2208,#2206,#976,.T.);
#2707=EDGE_CURVE('',#2207,#2208,#977,.T.);
#2708=EDGE_CURVE('',#2209,#2207,#2028,.T.);
#2709=EDGE_CURVE('',#2210,#2208,#2029,.T.);
#2710=EDGE_CURVE('',#2209,#2210,#978,.T.);
#2711=EDGE_CURVE('',#2211,#2209,#979,.T.);
#2712=EDGE_CURVE('',#2212,#2210,#980,.T.);
#2713=EDGE_CURVE('',#2211,#2212,#981,.T.);
#2714=EDGE_CURVE('',#2198,#2211,#2030,.T.);
#2715=EDGE_CURVE('',#2199,#2212,#2031,.T.);
#2716=EDGE_CURVE('',#2213,#2214,#982,.T.);
#2717=EDGE_CURVE('',#2215,#2213,#983,.T.);
#2718=EDGE_CURVE('',#2215,#2216,#984,.T.);
#2719=EDGE_CURVE('',#2214,#2216,#985,.T.);
#2720=EDGE_CURVE('',#2217,#2218,#2032,.T.);
#2721=EDGE_CURVE('',#2216,#2217,#986,.T.);
#2722=EDGE_CURVE('',#2219,#2215,#987,.T.);
#2723=EDGE_CURVE('',#2220,#2219,#2033,.T.);
#2724=EDGE_CURVE('',#2218,#2220,#988,.T.);
#2725=EDGE_CURVE('',#2221,#2221,#2034,.T.);
#2726=EDGE_CURVE('',#2222,#2223,#989,.T.);
#2727=EDGE_CURVE('',#2224,#2222,#990,.T.);
#2728=EDGE_CURVE('',#2224,#2225,#991,.T.);
#2729=EDGE_CURVE('',#2226,#2225,#992,.T.);
#2730=EDGE_CURVE('',#2223,#2226,#993,.T.);
#2731=EDGE_CURVE('',#2227,#2224,#994,.T.);
#2732=EDGE_CURVE('',#2228,#2227,#2035,.T.);
#2733=EDGE_CURVE('',#2229,#2228,#995,.T.);
#2734=EDGE_CURVE('',#2230,#2229,#2036,.T.);
#2735=EDGE_CURVE('',#2225,#2230,#996,.T.);
#2736=EDGE_CURVE('',#2231,#2231,#2037,.T.);
#2737=EDGE_CURVE('',#2232,#2214,#997,.T.);
#2738=EDGE_CURVE('',#2232,#2233,#2038,.T.);
#2739=EDGE_CURVE('',#2233,#2234,#2039,.T.);
#2740=EDGE_CURVE('',#2234,#2235,#2040,.T.);
#2741=EDGE_CURVE('',#2235,#2236,#2041,.T.);
#2742=EDGE_CURVE('',#2236,#2237,#2042,.T.);
#2743=EDGE_CURVE('',#2237,#2213,#998,.T.);
#2744=EDGE_CURVE('',#2218,#2238,#999,.T.);
#2745=EDGE_CURVE('',#2239,#2238,#2043,.T.);
#2746=EDGE_CURVE('',#2217,#2239,#1000,.T.);
#2747=EDGE_CURVE('',#2228,#2240,#1001,.T.);
#2748=EDGE_CURVE('',#2241,#2240,#1002,.T.);
#2749=EDGE_CURVE('',#2229,#2241,#1003,.T.);
#2750=EDGE_CURVE('',#2227,#2242,#1004,.T.);
#2751=EDGE_CURVE('',#2240,#2242,#2044,.T.);
#2752=EDGE_CURVE('',#2243,#2239,#1005,.T.);
#2753=EDGE_CURVE('',#2243,#2244,#1006,.T.);
#2754=EDGE_CURVE('',#2244,#2245,#1007,.T.);
#2755=EDGE_CURVE('',#2245,#2246,#1008,.T.);
#2756=EDGE_CURVE('',#2246,#2247,#1009,.T.);
#2757=EDGE_CURVE('',#2242,#2247,#1010,.T.);
#2758=EDGE_CURVE('',#2222,#2232,#1011,.T.);
#2759=EDGE_CURVE('',#2223,#2232,#2045,.T.);
#2760=EDGE_CURVE('',#2248,#2248,#2046,.T.);
#2761=EDGE_CURVE('',#2248,#2231,#1012,.T.);
#2762=EDGE_CURVE('',#2249,#2241,#2047,.T.);
#2763=EDGE_CURVE('',#2230,#2249,#1013,.T.);
#2764=EDGE_CURVE('',#2250,#2247,#1014,.T.);
#2765=EDGE_CURVE('',#2250,#2249,#1015,.T.);
#2766=EDGE_CURVE('',#2251,#2251,#2048,.T.);
#2767=EDGE_CURVE('',#2251,#2221,#1016,.T.);
#2768=EDGE_CURVE('',#2219,#2252,#1017,.T.);
#2769=EDGE_CURVE('',#2253,#2252,#2049,.T.);
#2770=EDGE_CURVE('',#2220,#2253,#1018,.T.);
#2771=EDGE_CURVE('',#2238,#2253,#1019,.T.);
#2772=EDGE_CURVE('',#2252,#2254,#1020,.T.);
#2773=EDGE_CURVE('',#2243,#2254,#1021,.T.);
#2774=EDGE_CURVE('',#2255,#2255,#2050,.T.);
#2775=EDGE_CURVE('',#2255,#2256,#1022,.T.);
#2776=EDGE_CURVE('',#2256,#2256,#2051,.T.);
#2777=EDGE_CURVE('',#2235,#2257,#1023,.T.);
#2778=EDGE_CURVE('',#2258,#2257,#2052,.T.);
#2779=EDGE_CURVE('',#2236,#2258,#1024,.T.);
#2780=EDGE_CURVE('',#2237,#2223,#2053,.T.);
#2781=EDGE_CURVE('',#2259,#2258,#2054,.T.);
#2782=EDGE_CURVE('',#2233,#2259,#1025,.T.);
#2783=EDGE_CURVE('',#2260,#2259,#2055,.T.);
#2784=EDGE_CURVE('',#2234,#2260,#1026,.T.);
#2785=EDGE_CURVE('',#2257,#2260,#2056,.T.);
#2786=EDGE_CURVE('',#2237,#2226,#1027,.T.);
#2787=EDGE_CURVE('',#2261,#2262,#1028,.T.);
#2788=EDGE_CURVE('',#2262,#2245,#1029,.T.);
#2789=EDGE_CURVE('',#2261,#2244,#1030,.T.);
#2790=EDGE_CURVE('',#2254,#2261,#1031,.T.);
#2791=EDGE_CURVE('',#2263,#2246,#1032,.T.);
#2792=EDGE_CURVE('',#2263,#2250,#1033,.T.);
#2793=EDGE_CURVE('',#2262,#2263,#1034,.T.);
#2794=EDGE_CURVE('',#2264,#2265,#1035,.T.);
#2795=EDGE_CURVE('',#2266,#2264,#1036,.T.);
#2796=EDGE_CURVE('',#2267,#2266,#1037,.T.);
#2797=EDGE_CURVE('',#2268,#2267,#1038,.T.);
#2798=EDGE_CURVE('',#2269,#2268,#1039,.T.);
#2799=EDGE_CURVE('',#2270,#2269,#1040,.T.);
#2800=EDGE_CURVE('',#2271,#2270,#1041,.T.);
#2801=EDGE_CURVE('',#2265,#2271,#1042,.T.);
#2802=EDGE_CURVE('',#2272,#2273,#1043,.T.);
#2803=EDGE_CURVE('',#2274,#2272,#1044,.T.);
#2804=EDGE_CURVE('',#2275,#2274,#1045,.T.);
#2805=EDGE_CURVE('',#2276,#2275,#1046,.T.);
#2806=EDGE_CURVE('',#2277,#2276,#1047,.T.);
#2807=EDGE_CURVE('',#2278,#2277,#1048,.T.);
#2808=EDGE_CURVE('',#2279,#2278,#1049,.T.);
#2809=EDGE_CURVE('',#2273,#2279,#1050,.T.);
#2810=EDGE_CURVE('',#2280,#2274,#1051,.T.);
#2811=EDGE_CURVE('',#2281,#2280,#1052,.T.);
#2812=EDGE_CURVE('',#2275,#2281,#1053,.T.);
#2813=EDGE_CURVE('',#2282,#2272,#1054,.T.);
#2814=EDGE_CURVE('',#2280,#2282,#1055,.T.);
#2815=EDGE_CURVE('',#2279,#2283,#1056,.T.);
#2816=EDGE_CURVE('',#2283,#2284,#1057,.T.);
#2817=EDGE_CURVE('',#2284,#2285,#1058,.T.);
#2818=EDGE_CURVE('',#2285,#2286,#1059,.T.);
#2819=EDGE_CURVE('',#2286,#2287,#1060,.T.);
#2820=EDGE_CURVE('',#2287,#2273,#1061,.T.);
#2821=EDGE_CURVE('',#2265,#2288,#1062,.T.);
#2822=EDGE_CURVE('',#2289,#2288,#1063,.T.);
#2823=EDGE_CURVE('',#2264,#2289,#1064,.T.);
#2824=EDGE_CURVE('',#2270,#2290,#1065,.T.);
#2825=EDGE_CURVE('',#2290,#2291,#1066,.T.);
#2826=EDGE_CURVE('',#2291,#2292,#1067,.T.);
#2827=EDGE_CURVE('',#2292,#2293,#1068,.T.);
#2828=EDGE_CURVE('',#2293,#2294,#1069,.T.);
#2829=EDGE_CURVE('',#2294,#2295,#1070,.T.);
#2830=EDGE_CURVE('',#2295,#2296,#1071,.T.);
#2831=EDGE_CURVE('',#2297,#2296,#1072,.T.);
#2832=EDGE_CURVE('',#2271,#2297,#1073,.T.);
#2833=EDGE_CURVE('',#2290,#2287,#1074,.T.);
#2834=EDGE_CURVE('',#2269,#2298,#1075,.T.);
#2835=EDGE_CURVE('',#2298,#2282,#1076,.T.);
#2836=EDGE_CURVE('',#2299,#2300,#1077,.T.);
#2837=EDGE_CURVE('',#2299,#2301,#1078,.T.);
#2838=EDGE_CURVE('',#2302,#2301,#1079,.T.);
#2839=EDGE_CURVE('',#2302,#2300,#1080,.T.);
#2840=EDGE_CURVE('',#2303,#2304,#1081,.T.);
#2841=EDGE_CURVE('',#2303,#2305,#1082,.T.);
#2842=EDGE_CURVE('',#2305,#2306,#1083,.T.);
#2843=EDGE_CURVE('',#2306,#2307,#2057,.T.);
#2844=EDGE_CURVE('',#2307,#2294,#1084,.T.);
#2845=EDGE_CURVE('',#2293,#2304,#1085,.T.);
#2846=EDGE_CURVE('',#2308,#2299,#2058,.T.);
#2847=EDGE_CURVE('',#2300,#2309,#2059,.T.);
#2848=EDGE_CURVE('',#2309,#2310,#1086,.T.);
#2849=EDGE_CURVE('',#2310,#2311,#2060,.T.);
#2850=EDGE_CURVE('',#2311,#2312,#1087,.T.);
#2851=EDGE_CURVE('',#2312,#2313,#2061,.T.);
#2852=EDGE_CURVE('',#2313,#2308,#1088,.T.);
#2853=EDGE_CURVE('',#2314,#2314,#2062,.T.);
#2854=EDGE_CURVE('',#2315,#2315,#2063,.T.);
#2855=EDGE_CURVE('',#2315,#2314,#1089,.T.);
#2856=EDGE_CURVE('',#2316,#2302,#39,.T.);
#2857=EDGE_CURVE('',#2317,#2316,#2064,.T.);
#2858=EDGE_CURVE('',#2309,#2317,#1090,.T.);
#2859=EDGE_CURVE('',#2318,#2317,#1091,.T.);
#2860=EDGE_CURVE('',#2310,#2318,#1092,.T.);
#2861=EDGE_CURVE('',#2319,#2318,#2065,.T.);
#2862=EDGE_CURVE('',#2311,#2319,#1093,.T.);
#2863=EDGE_CURVE('',#2320,#2319,#1094,.T.);
#2864=EDGE_CURVE('',#2320,#2312,#1095,.T.);
#2865=EDGE_CURVE('',#2308,#2321,#1096,.T.);
#2866=EDGE_CURVE('',#2322,#2321,#2066,.T.);
#2867=EDGE_CURVE('',#2301,#2322,#40,.T.);
#2868=EDGE_CURVE('',#2313,#2323,#1097,.T.);
#2869=EDGE_CURVE('',#2321,#2323,#1098,.T.);
#2870=EDGE_CURVE('',#2323,#2320,#2067,.T.);
#2871=EDGE_CURVE('',#2324,#2325,#2068,.T.);
#2872=EDGE_CURVE('',#2324,#2307,#1099,.T.);
#2873=EDGE_CURVE('',#2325,#2306,#1100,.T.);
#2874=EDGE_CURVE('',#2325,#2326,#1101,.T.);
#2875=EDGE_CURVE('',#2326,#2305,#1102,.T.);
#2876=EDGE_CURVE('',#2295,#2324,#1103,.T.);
#2877=EDGE_CURVE('',#2284,#2304,#1104,.T.);
#2878=EDGE_CURVE('',#2327,#2283,#1105,.T.);
#2879=EDGE_CURVE('',#2327,#2303,#1106,.T.);
#2880=EDGE_CURVE('',#2292,#2285,#1107,.T.);
#2881=EDGE_CURVE('',#2268,#2328,#1108,.T.);
#2882=EDGE_CURVE('',#2328,#2298,#1109,.T.);
#2883=EDGE_CURVE('',#2328,#2329,#1110,.T.);
#2884=EDGE_CURVE('',#2330,#2329,#1111,.T.);
#2885=EDGE_CURVE('',#2330,#2289,#1112,.T.);
#2886=EDGE_CURVE('',#2331,#2288,#1113,.T.);
#2887=EDGE_CURVE('',#2331,#2332,#1114,.T.);
#2888=EDGE_CURVE('',#2332,#2333,#1115,.T.);
#2889=EDGE_CURVE('',#2333,#2281,#1116,.T.);
#2890=EDGE_CURVE('',#2327,#2326,#1117,.T.);
#2891=EDGE_CURVE('',#2322,#2327,#1118,.T.);
#2892=EDGE_CURVE('',#2297,#2283,#1119,.T.);
#2893=EDGE_CURVE('',#2296,#2316,#1120,.T.);
#2894=EDGE_CURVE('',#2278,#2331,#1121,.T.);
#2895=EDGE_CURVE('',#2266,#2330,#1122,.T.);
#2896=EDGE_CURVE('',#2329,#2267,#1123,.T.);
#2897=EDGE_CURVE('',#2332,#2277,#1124,.T.);
#2898=EDGE_CURVE('',#2333,#2276,#1125,.T.);
#2899=EDGE_CURVE('',#2291,#2286,#1126,.T.);
#2900=EDGE_CURVE('',#2334,#2335,#1127,.T.);
#2901=EDGE_CURVE('',#2336,#2334,#1128,.T.);
#2902=EDGE_CURVE('',#2337,#2336,#1129,.T.);
#2903=EDGE_CURVE('',#2338,#2337,#1130,.T.);
#2904=EDGE_CURVE('',#2339,#2338,#1131,.T.);
#2905=EDGE_CURVE('',#2340,#2339,#1132,.T.);
#2906=EDGE_CURVE('',#2341,#2340,#1133,.T.);
#2907=EDGE_CURVE('',#2335,#2341,#1134,.T.);
#2908=EDGE_CURVE('',#2342,#2343,#1135,.T.);
#2909=EDGE_CURVE('',#2344,#2342,#1136,.T.);
#2910=EDGE_CURVE('',#2345,#2344,#1137,.T.);
#2911=EDGE_CURVE('',#2346,#2345,#1138,.T.);
#2912=EDGE_CURVE('',#2347,#2346,#1139,.T.);
#2913=EDGE_CURVE('',#2348,#2347,#1140,.T.);
#2914=EDGE_CURVE('',#2349,#2348,#1141,.T.);
#2915=EDGE_CURVE('',#2343,#2349,#1142,.T.);
#2916=EDGE_CURVE('',#2350,#2348,#1143,.T.);
#2917=EDGE_CURVE('',#2351,#2350,#1144,.T.);
#2918=EDGE_CURVE('',#2349,#2351,#1145,.T.);
#2919=EDGE_CURVE('',#2347,#2352,#1146,.T.);
#2920=EDGE_CURVE('',#2352,#2350,#1147,.T.);
#2921=EDGE_CURVE('',#2346,#2353,#1148,.T.);
#2922=EDGE_CURVE('',#2352,#2353,#1149,.T.);
#2923=EDGE_CURVE('',#2354,#2345,#1150,.T.);
#2924=EDGE_CURVE('',#2353,#2354,#1151,.T.);
#2925=EDGE_CURVE('',#2355,#2334,#1152,.T.);
#2926=EDGE_CURVE('',#2356,#2355,#1153,.T.);
#2927=EDGE_CURVE('',#2356,#2336,#1154,.T.);
#2928=EDGE_CURVE('',#2341,#2357,#1155,.T.);
#2929=EDGE_CURVE('',#2357,#2358,#1156,.T.);
#2930=EDGE_CURVE('',#2358,#2359,#1157,.T.);
#2931=EDGE_CURVE('',#2359,#2360,#1158,.T.);
#2932=EDGE_CURVE('',#2361,#2360,#1159,.T.);
#2933=EDGE_CURVE('',#2362,#2361,#1160,.T.);
#2934=EDGE_CURVE('',#2363,#2362,#1161,.T.);
#2935=EDGE_CURVE('',#2364,#2363,#1162,.T.);
#2936=EDGE_CURVE('',#2335,#2364,#1163,.T.);
#2937=EDGE_CURVE('',#2365,#2339,#1164,.T.);
#2938=EDGE_CURVE('',#2366,#2365,#1165,.T.);
#2939=EDGE_CURVE('',#2366,#2340,#1166,.T.);
#2940=EDGE_CURVE('',#2367,#2338,#1167,.T.);
#2941=EDGE_CURVE('',#2365,#2367,#1168,.T.);
#2942=EDGE_CURVE('',#2366,#2354,#1169,.T.);
#2943=EDGE_CURVE('',#2367,#2368,#1170,.T.);
#2944=EDGE_CURVE('',#2368,#2356,#1171,.T.);
#2945=EDGE_CURVE('',#2369,#2355,#1172,.T.);
#2946=EDGE_CURVE('',#2351,#2369,#1173,.T.);
#2947=EDGE_CURVE('',#2337,#2368,#1174,.T.);
#2948=EDGE_CURVE('',#2370,#2344,#1175,.T.);
#2949=EDGE_CURVE('',#2370,#2371,#1176,.T.);
#2950=EDGE_CURVE('',#2357,#2371,#1177,.T.);
#2951=EDGE_CURVE('',#2343,#2369,#1178,.T.);
#2952=EDGE_CURVE('',#2372,#2373,#1179,.T.);
#2953=EDGE_CURVE('',#2372,#2374,#1180,.T.);
#2954=EDGE_CURVE('',#2375,#2374,#1181,.T.);
#2955=EDGE_CURVE('',#2373,#2375,#1182,.T.);
#2956=EDGE_CURVE('',#2376,#2377,#1183,.T.);
#2957=EDGE_CURVE('',#2361,#2376,#1184,.T.);
#2958=EDGE_CURVE('',#2360,#2378,#1185,.T.);
#2959=EDGE_CURVE('',#2378,#2379,#2069,.T.);
#2960=EDGE_CURVE('',#2379,#2377,#1186,.T.);
#2961=EDGE_CURVE('',#2380,#2372,#2070,.T.);
#2962=EDGE_CURVE('',#2373,#2381,#2071,.T.);
#2963=EDGE_CURVE('',#2381,#2382,#1187,.T.);
#2964=EDGE_CURVE('',#2382,#2383,#2072,.T.);
#2965=EDGE_CURVE('',#2383,#2384,#1188,.T.);
#2966=EDGE_CURVE('',#2384,#2385,#2073,.T.);
#2967=EDGE_CURVE('',#2385,#2380,#1189,.T.);
#2968=EDGE_CURVE('',#2386,#2387,#2074,.T.);
#2969=EDGE_CURVE('',#2374,#2386,#41,.T.);
#2970=EDGE_CURVE('',#2380,#2387,#1190,.T.);
#2971=EDGE_CURVE('',#2387,#2388,#1191,.T.);
#2972=EDGE_CURVE('',#2385,#2388,#1192,.T.);
#2973=EDGE_CURVE('',#2388,#2389,#2075,.T.);
#2974=EDGE_CURVE('',#2389,#2384,#1193,.T.);
#2975=EDGE_CURVE('',#2389,#2390,#1194,.T.);
#2976=EDGE_CURVE('',#2383,#2390,#1195,.T.);
#2977=EDGE_CURVE('',#2390,#2391,#2076,.T.);
#2978=EDGE_CURVE('',#2382,#2391,#1196,.T.);
#2979=EDGE_CURVE('',#2391,#2392,#1197,.T.);
#2980=EDGE_CURVE('',#2381,#2392,#1198,.T.);
#2981=EDGE_CURVE('',#2392,#2393,#2077,.T.);
#2982=EDGE_CURVE('',#2393,#2375,#42,.T.);
#2983=EDGE_CURVE('',#2393,#2394,#1199,.T.);
#2984=EDGE_CURVE('',#2395,#2394,#1200,.T.);
#2985=EDGE_CURVE('',#2395,#2396,#1201,.T.);
#2986=EDGE_CURVE('',#2396,#2397,#2078,.T.);
#2987=EDGE_CURVE('',#2359,#2397,#1202,.T.);
#2988=EDGE_CURVE('',#2358,#2386,#1203,.T.);
#2989=EDGE_CURVE('',#2376,#2398,#1204,.T.);
#2990=EDGE_CURVE('',#2399,#2398,#1205,.T.);
#2991=EDGE_CURVE('',#2362,#2399,#1206,.T.);
#2992=EDGE_CURVE('',#2395,#2377,#1207,.T.);
#2993=EDGE_CURVE('',#2396,#2379,#1208,.T.);
#2994=EDGE_CURVE('',#2397,#2378,#1209,.T.);
#2995=EDGE_CURVE('',#2398,#2370,#1210,.T.);
#2996=EDGE_CURVE('',#2371,#2394,#1211,.T.);
#2997=EDGE_CURVE('',#2342,#2400,#1212,.T.);
#2998=EDGE_CURVE('',#2400,#2401,#1213,.T.);
#2999=EDGE_CURVE('',#2401,#2399,#1214,.T.);
#3000=EDGE_CURVE('',#2363,#2401,#1215,.T.);
#3001=EDGE_CURVE('',#2364,#2400,#1216,.T.);
#3002=EDGE_CURVE('',#2402,#2402,#2079,.T.);
#3003=EDGE_CURVE('',#2402,#2403,#1217,.T.);
#3004=EDGE_CURVE('',#2403,#2403,#2080,.T.);
#3005=EDGE_CURVE('',#2404,#2405,#1218,.T.);
#3006=EDGE_CURVE('',#2405,#2406,#1219,.T.);
#3007=EDGE_CURVE('',#2407,#2406,#1220,.T.);
#3008=EDGE_CURVE('',#2404,#2407,#1221,.T.);
#3009=EDGE_CURVE('',#2408,#2404,#2081,.T.);
#3010=EDGE_CURVE('',#2409,#2407,#2082,.T.);
#3011=EDGE_CURVE('',#2408,#2409,#1222,.T.);
#3012=EDGE_CURVE('',#2410,#2408,#1223,.T.);
#3013=EDGE_CURVE('',#2411,#2409,#1224,.T.);
#3014=EDGE_CURVE('',#2410,#2411,#1225,.T.);
#3015=EDGE_CURVE('',#2412,#2410,#1226,.T.);
#3016=EDGE_CURVE('',#2413,#2411,#1227,.T.);
#3017=EDGE_CURVE('',#2412,#2413,#1228,.T.);
#3018=EDGE_CURVE('',#2412,#2414,#2083,.T.);
#3019=EDGE_CURVE('',#2415,#2413,#2084,.T.);
#3020=EDGE_CURVE('',#2414,#2415,#1229,.T.);
#3021=EDGE_CURVE('',#2416,#2414,#1230,.T.);
#3022=EDGE_CURVE('',#2417,#2415,#1231,.T.);
#3023=EDGE_CURVE('',#2416,#2417,#1232,.T.);
#3024=EDGE_CURVE('',#2416,#2405,#2085,.T.);
#3025=EDGE_CURVE('',#2406,#2417,#2086,.T.);
#3026=EDGE_CURVE('',#2418,#2418,#2087,.T.);
#3027=EDGE_CURVE('',#2418,#2419,#1233,.T.);
#3028=EDGE_CURVE('',#2419,#2419,#2088,.T.);
#3029=EDGE_CURVE('',#2420,#2420,#2089,.T.);
#3030=EDGE_CURVE('',#2420,#2421,#1234,.T.);
#3031=EDGE_CURVE('',#2421,#2421,#2090,.T.);
#3032=EDGE_CURVE('',#2422,#2423,#2091,.T.);
#3033=EDGE_CURVE('',#2424,#2422,#1235,.T.);
#3034=EDGE_CURVE('',#2425,#2424,#2092,.T.);
#3035=EDGE_CURVE('',#2426,#2425,#1236,.T.);
#3036=EDGE_CURVE('',#2423,#2426,#2093,.T.);
#3037=EDGE_CURVE('',#2427,#2422,#1237,.T.);
#3038=EDGE_CURVE('',#2428,#2427,#1238,.T.);
#3039=EDGE_CURVE('',#2424,#2428,#1239,.T.);
#3040=EDGE_CURVE('',#2429,#2428,#2094,.T.);
#3041=EDGE_CURVE('',#2425,#2429,#1240,.T.);
#3042=EDGE_CURVE('',#2430,#2429,#1241,.T.);
#3043=EDGE_CURVE('',#2426,#2430,#1242,.T.);
#3044=EDGE_CURVE('',#2430,#2427,#2095,.T.);
#3045=EDGE_CURVE('',#2431,#2431,#2096,.T.);
#3046=EDGE_CURVE('',#2431,#2423,#1243,.T.);
#3047=EDGE_CURVE('',#2432,#2432,#2097,.T.);
#3048=EDGE_CURVE('',#2432,#2433,#1244,.T.);
#3049=EDGE_CURVE('',#2433,#2433,#2098,.T.);
#3050=EDGE_CURVE('',#2434,#2434,#2099,.T.);
#3051=EDGE_CURVE('',#2435,#2435,#2100,.T.);
#3052=EDGE_CURVE('',#2435,#2434,#1245,.T.);
#3053=EDGE_CURVE('',#2436,#2436,#2101,.T.);
#3054=EDGE_CURVE('',#2436,#2437,#1246,.T.);
#3055=EDGE_CURVE('',#2437,#2437,#2102,.T.);
#3056=EDGE_CURVE('',#2438,#2439,#1247,.T.);
#3057=EDGE_CURVE('',#2439,#2440,#1248,.T.);
#3058=EDGE_CURVE('',#2440,#2441,#1249,.T.);
#3059=EDGE_CURVE('',#2441,#2442,#1250,.T.);
#3060=EDGE_CURVE('',#2442,#2443,#1251,.T.);
#3061=EDGE_CURVE('',#2443,#2438,#1252,.T.);
#3062=EDGE_CURVE('',#2444,#2440,#1253,.T.);
#3063=EDGE_CURVE('',#2445,#2444,#1254,.T.);
#3064=EDGE_CURVE('',#2441,#2445,#1255,.T.);
#3065=EDGE_CURVE('',#2446,#2444,#1256,.T.);
#3066=EDGE_CURVE('',#2447,#2446,#1257,.T.);
#3067=EDGE_CURVE('',#2448,#2447,#1258,.T.);
#3068=EDGE_CURVE('',#2448,#2449,#1259,.T.);
#3069=EDGE_CURVE('',#2450,#2449,#1260,.T.);
#3070=EDGE_CURVE('',#2451,#2450,#1261,.T.);
#3071=EDGE_CURVE('',#2451,#2452,#1262,.T.);
#3072=EDGE_CURVE('',#2453,#2452,#1263,.T.);
#3073=EDGE_CURVE('',#2454,#2453,#1264,.T.);
#3074=EDGE_CURVE('',#2455,#2454,#1265,.T.);
#3075=EDGE_CURVE('',#2456,#2455,#1266,.T.);
#3076=EDGE_CURVE('',#2457,#2456,#1267,.T.);
#3077=EDGE_CURVE('',#2457,#2458,#1268,.T.);
#3078=EDGE_CURVE('',#2459,#2458,#2103,.T.);
#3079=EDGE_CURVE('',#2459,#2460,#1269,.T.);
#3080=EDGE_CURVE('',#2461,#2460,#2104,.T.);
#3081=EDGE_CURVE('',#2461,#2462,#1270,.T.);
#3082=EDGE_CURVE('',#2463,#2462,#1271,.T.);
#3083=EDGE_CURVE('',#2463,#2464,#1272,.T.);
#3084=EDGE_CURVE('',#2464,#2465,#1273,.T.);
#3085=EDGE_CURVE('',#2465,#2466,#1274,.T.);
#3086=EDGE_CURVE('',#2467,#2466,#1275,.T.);
#3087=EDGE_CURVE('',#2467,#2468,#1276,.T.);
#3088=EDGE_CURVE('',#2468,#2469,#1277,.T.);
#3089=EDGE_CURVE('',#2469,#2445,#1278,.T.);
#3090=EDGE_CURVE('',#2470,#2471,#1279,.T.);
#3091=EDGE_CURVE('',#2472,#2470,#1280,.T.);
#3092=EDGE_CURVE('',#2473,#2472,#1281,.T.);
#3093=EDGE_CURVE('',#2471,#2473,#1282,.T.);
#3094=EDGE_CURVE('',#2474,#2475,#1283,.T.);
#3095=EDGE_CURVE('',#2476,#2474,#1284,.T.);
#3096=EDGE_CURVE('',#2477,#2476,#1285,.T.);
#3097=EDGE_CURVE('',#2475,#2477,#1286,.T.);
#3098=EDGE_CURVE('',#2478,#2479,#1287,.T.);
#3099=EDGE_CURVE('',#2479,#2439,#1288,.T.);
#3100=EDGE_CURVE('',#2480,#2438,#1289,.T.);
#3101=EDGE_CURVE('',#2480,#2481,#1290,.T.);
#3102=EDGE_CURVE('',#2481,#2482,#1291,.T.);
#3103=EDGE_CURVE('',#2483,#2482,#1292,.T.);
#3104=EDGE_CURVE('',#2443,#2483,#1293,.T.);
#3105=EDGE_CURVE('',#2484,#2442,#1294,.T.);
#3106=EDGE_CURVE('',#2485,#2484,#1295,.T.);
#3107=EDGE_CURVE('',#2486,#2485,#1296,.T.);
#3108=EDGE_CURVE('',#2486,#2487,#2105,.T.);
#3109=EDGE_CURVE('',#2488,#2487,#1297,.T.);
#3110=EDGE_CURVE('',#2488,#2489,#2106,.T.);
#3111=EDGE_CURVE('',#2490,#2489,#1298,.T.);
#3112=EDGE_CURVE('',#2491,#2490,#1299,.T.);
#3113=EDGE_CURVE('',#2492,#2491,#1300,.T.);
#3114=EDGE_CURVE('',#2492,#2493,#1301,.T.);
#3115=EDGE_CURVE('',#2494,#2493,#1302,.T.);
#3116=EDGE_CURVE('',#2494,#2495,#1303,.T.);
#3117=EDGE_CURVE('',#2495,#2496,#1304,.T.);
#3118=EDGE_CURVE('',#2497,#2496,#1305,.T.);
#3119=EDGE_CURVE('',#2497,#2478,#1306,.T.);
#3120=EDGE_CURVE('',#2498,#2499,#1307,.T.);
#3121=EDGE_CURVE('',#2500,#2498,#1308,.T.);
#3122=EDGE_CURVE('',#2501,#2500,#1309,.T.);
#3123=EDGE_CURVE('',#2499,#2501,#1310,.T.);
#3124=EDGE_CURVE('',#2502,#2503,#1311,.T.);
#3125=EDGE_CURVE('',#2503,#2504,#1312,.T.);
#3126=EDGE_CURVE('',#2504,#2505,#1313,.T.);
#3127=EDGE_CURVE('',#2505,#2502,#1314,.T.);
#3128=EDGE_CURVE('',#2506,#2507,#1315,.T.);
#3129=EDGE_CURVE('',#2508,#2506,#1316,.T.);
#3130=EDGE_CURVE('',#2509,#2508,#1317,.T.);
#3131=EDGE_CURVE('',#2507,#2509,#1318,.T.);
#3132=EDGE_CURVE('',#2464,#2499,#1319,.T.);
#3133=EDGE_CURVE('',#2463,#2498,#1320,.T.);
#3134=EDGE_CURVE('',#2465,#2501,#1321,.T.);
#3135=EDGE_CURVE('',#2466,#2500,#1322,.T.);
#3136=EDGE_CURVE('',#2454,#2502,#1323,.T.);
#3137=EDGE_CURVE('',#2453,#2503,#1324,.T.);
#3138=EDGE_CURVE('',#2455,#2505,#1325,.T.);
#3139=EDGE_CURVE('',#2456,#2504,#1326,.T.);
#3140=EDGE_CURVE('',#2459,#2488,#1327,.T.);
#3141=EDGE_CURVE('',#2458,#2489,#1328,.T.);
#3142=EDGE_CURVE('',#2460,#2487,#1329,.T.);
#3143=EDGE_CURVE('',#2461,#2486,#1330,.T.);
#3144=EDGE_CURVE('',#2468,#2485,#1331,.T.);
#3145=EDGE_CURVE('',#2462,#2467,#1332,.T.);
#3146=EDGE_CURVE('',#2469,#2484,#1333,.T.);
#3147=EDGE_CURVE('',#2510,#2511,#1334,.T.);
#3148=EDGE_CURVE('',#2497,#2511,#1335,.T.);
#3149=EDGE_CURVE('',#2510,#2496,#1336,.T.);
#3150=EDGE_CURVE('',#2449,#2510,#1337,.T.);
#3151=EDGE_CURVE('',#2450,#2495,#1338,.T.);
#3152=EDGE_CURVE('',#2451,#2494,#1339,.T.);
#3153=EDGE_CURVE('',#2512,#2513,#1340,.T.);
#3154=EDGE_CURVE('',#2512,#2456,#1341,.T.);
#3155=EDGE_CURVE('',#2513,#2453,#1342,.T.);
#3156=EDGE_CURVE('',#2493,#2514,#1343,.T.);
#3157=EDGE_CURVE('',#2514,#2515,#2107,.T.);
#3158=EDGE_CURVE('',#2490,#2515,#1344,.T.);
#3159=EDGE_CURVE('',#2452,#2457,#1345,.T.);
#3160=EDGE_CURVE('',#2516,#2463,#1346,.T.);
#3161=EDGE_CURVE('',#2516,#2517,#1347,.T.);
#3162=EDGE_CURVE('',#2517,#2466,#1348,.T.);
#3163=EDGE_CURVE('',#2518,#2470,#1349,.T.);
#3164=EDGE_CURVE('',#2519,#2518,#1350,.T.);
#3165=EDGE_CURVE('',#2519,#2472,#1351,.T.);
#3166=EDGE_CURVE('',#2520,#2471,#1352,.T.);
#3167=EDGE_CURVE('',#2520,#2521,#1353,.T.);
#3168=EDGE_CURVE('',#2518,#2521,#1354,.T.);
#3169=EDGE_CURVE('',#2522,#2473,#1355,.T.);
#3170=EDGE_CURVE('',#2522,#2520,#1356,.T.);
#3171=EDGE_CURVE('',#2523,#2519,#1357,.T.);
#3172=EDGE_CURVE('',#2523,#2522,#1358,.T.);
#3173=EDGE_CURVE('',#2521,#2523,#1359,.T.);
#3174=EDGE_CURVE('',#2524,#2474,#1360,.T.);
#3175=EDGE_CURVE('',#2524,#2525,#1361,.T.);
#3176=EDGE_CURVE('',#2526,#2525,#1362,.T.);
#3177=EDGE_CURVE('',#2526,#2476,#1363,.T.);
#3178=EDGE_CURVE('',#2527,#2475,#1364,.T.);
#3179=EDGE_CURVE('',#2527,#2524,#1365,.T.);
#3180=EDGE_CURVE('',#2528,#2529,#1366,.T.);
#3181=EDGE_CURVE('',#2528,#2527,#1367,.T.);
#3182=EDGE_CURVE('',#2529,#2477,#1368,.T.);
#3183=EDGE_CURVE('',#2529,#2526,#1369,.T.);
#3184=EDGE_CURVE('',#2525,#2528,#1370,.T.);
#3185=EDGE_CURVE('',#2530,#2507,#1371,.T.);
#3186=EDGE_CURVE('',#2531,#2530,#1372,.T.);
#3187=EDGE_CURVE('',#2531,#2506,#1373,.T.);
#3188=EDGE_CURVE('',#2532,#2509,#1374,.T.);
#3189=EDGE_CURVE('',#2530,#2532,#1375,.T.);
#3190=EDGE_CURVE('',#2533,#2508,#1376,.T.);
#3191=EDGE_CURVE('',#2532,#2533,#1377,.T.);
#3192=EDGE_CURVE('',#2533,#2531,#1378,.T.);
#3193=EDGE_CURVE('',#2534,#2443,#1379,.T.);
#3194=EDGE_CURVE('',#2535,#2534,#1380,.T.);
#3195=EDGE_CURVE('',#2438,#2535,#1381,.T.);
#3196=EDGE_CURVE('',#2482,#2536,#1382,.T.);
#3197=EDGE_CURVE('',#2537,#2536,#1383,.T.);
#3198=EDGE_CURVE('',#2538,#2537,#1384,.T.);
#3199=EDGE_CURVE('',#2538,#2483,#1385,.T.);
#3200=EDGE_CURVE('',#2539,#2536,#1386,.T.);
#3201=EDGE_CURVE('',#2539,#2480,#1387,.T.);
#3202=EDGE_CURVE('',#2540,#2535,#1388,.T.);
#3203=EDGE_CURVE('',#2537,#2540,#1389,.T.);
#3204=EDGE_CURVE('',#2541,#2534,#1390,.T.);
#3205=EDGE_CURVE('',#2540,#2541,#1391,.T.);
#3206=EDGE_CURVE('',#2541,#2538,#1392,.T.);
#3207=EDGE_CURVE('',#2481,#2539,#1393,.T.);
#3208=EDGE_CURVE('',#2492,#2542,#1394,.T.);
#3209=EDGE_CURVE('',#2542,#2514,#1395,.T.);
#3210=EDGE_CURVE('',#2543,#2515,#1396,.T.);
#3211=EDGE_CURVE('',#2491,#2543,#1397,.T.);
#3212=EDGE_CURVE('',#2542,#2543,#2108,.T.);
#3213=EDGE_CURVE('',#2452,#2544,#1398,.T.);
#3214=EDGE_CURVE('',#2545,#2544,#1399,.T.);
#3215=EDGE_CURVE('',#2546,#2545,#1400,.T.);
#3216=EDGE_CURVE('',#2546,#2547,#1401,.T.);
#3217=EDGE_CURVE('',#2547,#2513,#1402,.T.);
#3218=EDGE_CURVE('',#2544,#2548,#1403,.T.);
#3219=EDGE_CURVE('',#2549,#2548,#1404,.T.);
#3220=EDGE_CURVE('',#2545,#2549,#1405,.T.);
#3221=EDGE_CURVE('',#2512,#2550,#1406,.T.);
#3222=EDGE_CURVE('',#2550,#2551,#1407,.T.);
#3223=EDGE_CURVE('',#2549,#2551,#1408,.T.);
#3224=EDGE_CURVE('',#2548,#2457,#1409,.T.);
#3225=EDGE_CURVE('',#2551,#2546,#1410,.T.);
#3226=EDGE_CURVE('',#2517,#2552,#1411,.T.);
#3227=EDGE_CURVE('',#2552,#2553,#1412,.T.);
#3228=EDGE_CURVE('',#2554,#2553,#1413,.T.);
#3229=EDGE_CURVE('',#2554,#2555,#1414,.T.);
#3230=EDGE_CURVE('',#2555,#2467,#1415,.T.);
#3231=EDGE_CURVE('',#2462,#2556,#1416,.T.);
#3232=EDGE_CURVE('',#2557,#2556,#1417,.T.);
#3233=EDGE_CURVE('',#2558,#2557,#1418,.T.);
#3234=EDGE_CURVE('',#2558,#2559,#1419,.T.);
#3235=EDGE_CURVE('',#2559,#2516,#1420,.T.);
#3236=EDGE_CURVE('',#2556,#2555,#1421,.T.);
#3237=EDGE_CURVE('',#2557,#2554,#1422,.T.);
#3238=EDGE_CURVE('',#2553,#2558,#1423,.T.);
#3239=EDGE_CURVE('',#2511,#2448,#1424,.T.);
#3240=EDGE_CURVE('',#2478,#2447,#1425,.T.);
#3241=EDGE_CURVE('',#2479,#2446,#1426,.T.);
#3242=EDGE_CURVE('',#2550,#2547,#1427,.T.);
#3243=EDGE_CURVE('',#2559,#2552,#1428,.T.);
#3244=ORIENTED_EDGE('',*,*,#2560,.F.);
#3245=ORIENTED_EDGE('',*,*,#2561,.T.);
#3246=ORIENTED_EDGE('',*,*,#2562,.T.);
#3247=ORIENTED_EDGE('',*,*,#2561,.F.);
#3248=ORIENTED_EDGE('',*,*,#2562,.F.);
#3249=ORIENTED_EDGE('',*,*,#2563,.F.);
#3250=ORIENTED_EDGE('',*,*,#2564,.F.);
#3251=ORIENTED_EDGE('',*,*,#2565,.T.);
#3252=ORIENTED_EDGE('',*,*,#2563,.T.);
#3253=ORIENTED_EDGE('',*,*,#2565,.F.);
#3254=ORIENTED_EDGE('',*,*,#2566,.F.);
#3255=ORIENTED_EDGE('',*,*,#2564,.T.);
#3256=ORIENTED_EDGE('',*,*,#2567,.F.);
#3257=ORIENTED_EDGE('',*,*,#2568,.T.);
#3258=ORIENTED_EDGE('',*,*,#2566,.T.);
#3259=ORIENTED_EDGE('',*,*,#2568,.F.);
#3260=ORIENTED_EDGE('',*,*,#2569,.F.);
#3261=ORIENTED_EDGE('',*,*,#2570,.T.);
#3262=ORIENTED_EDGE('',*,*,#2571,.F.);
#3263=ORIENTED_EDGE('',*,*,#2570,.F.);
#3264=ORIENTED_EDGE('',*,*,#2572,.F.);
#3265=ORIENTED_EDGE('',*,*,#2573,.T.);
#3266=ORIENTED_EDGE('',*,*,#2574,.F.);
#3267=ORIENTED_EDGE('',*,*,#2575,.F.);
#3268=ORIENTED_EDGE('',*,*,#2576,.T.);
#3269=ORIENTED_EDGE('',*,*,#2577,.T.);
#3270=ORIENTED_EDGE('',*,*,#2578,.F.);
#3271=ORIENTED_EDGE('',*,*,#2579,.F.);
#3272=ORIENTED_EDGE('',*,*,#2580,.T.);
#3273=ORIENTED_EDGE('',*,*,#2581,.T.);
#3274=ORIENTED_EDGE('',*,*,#2582,.F.);
#3275=ORIENTED_EDGE('',*,*,#2583,.F.);
#3276=ORIENTED_EDGE('',*,*,#2584,.T.);
#3277=ORIENTED_EDGE('',*,*,#2585,.T.);
#3278=ORIENTED_EDGE('',*,*,#2586,.F.);
#3279=ORIENTED_EDGE('',*,*,#2587,.F.);
#3280=ORIENTED_EDGE('',*,*,#2588,.T.);
#3281=ORIENTED_EDGE('',*,*,#2589,.T.);
#3282=ORIENTED_EDGE('',*,*,#2590,.F.);
#3283=ORIENTED_EDGE('',*,*,#2573,.F.);
#3284=ORIENTED_EDGE('',*,*,#2572,.T.);
#3285=ORIENTED_EDGE('',*,*,#2567,.T.);
#3286=ORIENTED_EDGE('',*,*,#2569,.T.);
#3287=ORIENTED_EDGE('',*,*,#2560,.T.);
#3288=ORIENTED_EDGE('',*,*,#2591,.F.);
#3289=ORIENTED_EDGE('',*,*,#2584,.F.);
#3290=ORIENTED_EDGE('',*,*,#2592,.F.);
#3291=ORIENTED_EDGE('',*,*,#2593,.F.);
#3292=ORIENTED_EDGE('',*,*,#2594,.F.);
#3293=ORIENTED_EDGE('',*,*,#2580,.F.);
#3294=ORIENTED_EDGE('',*,*,#2595,.F.);
#3295=ORIENTED_EDGE('',*,*,#2596,.F.);
#3296=ORIENTED_EDGE('',*,*,#2597,.F.);
#3297=ORIENTED_EDGE('',*,*,#2576,.F.);
#3298=ORIENTED_EDGE('',*,*,#2598,.F.);
#3299=ORIENTED_EDGE('',*,*,#2599,.F.);
#3300=ORIENTED_EDGE('',*,*,#2600,.F.);
#3301=ORIENTED_EDGE('',*,*,#2588,.F.);
#3302=ORIENTED_EDGE('',*,*,#2601,.F.);
#3303=ORIENTED_EDGE('',*,*,#2602,.F.);
#3304=ORIENTED_EDGE('',*,*,#2571,.T.);
#3305=ORIENTED_EDGE('',*,*,#2591,.T.);
#3306=ORIENTED_EDGE('',*,*,#2603,.T.);
#3307=ORIENTED_EDGE('',*,*,#2604,.F.);
#3308=ORIENTED_EDGE('',*,*,#2585,.F.);
#3309=ORIENTED_EDGE('',*,*,#2601,.T.);
#3310=ORIENTED_EDGE('',*,*,#2587,.T.);
#3311=ORIENTED_EDGE('',*,*,#2605,.F.);
#3312=ORIENTED_EDGE('',*,*,#2606,.F.);
#3313=ORIENTED_EDGE('',*,*,#2602,.T.);
#3314=ORIENTED_EDGE('',*,*,#2606,.T.);
#3315=ORIENTED_EDGE('',*,*,#2607,.F.);
#3316=ORIENTED_EDGE('',*,*,#2603,.F.);
#3317=ORIENTED_EDGE('',*,*,#2604,.T.);
#3318=ORIENTED_EDGE('',*,*,#2607,.T.);
#3319=ORIENTED_EDGE('',*,*,#2605,.T.);
#3320=ORIENTED_EDGE('',*,*,#2586,.T.);
#3321=ORIENTED_EDGE('',*,*,#2600,.T.);
#3322=ORIENTED_EDGE('',*,*,#2608,.T.);
#3323=ORIENTED_EDGE('',*,*,#2609,.F.);
#3324=ORIENTED_EDGE('',*,*,#2589,.F.);
#3325=ORIENTED_EDGE('',*,*,#2598,.T.);
#3326=ORIENTED_EDGE('',*,*,#2575,.T.);
#3327=ORIENTED_EDGE('',*,*,#2610,.F.);
#3328=ORIENTED_EDGE('',*,*,#2611,.F.);
#3329=ORIENTED_EDGE('',*,*,#2599,.T.);
#3330=ORIENTED_EDGE('',*,*,#2611,.T.);
#3331=ORIENTED_EDGE('',*,*,#2612,.F.);
#3332=ORIENTED_EDGE('',*,*,#2608,.F.);
#3333=ORIENTED_EDGE('',*,*,#2609,.T.);
#3334=ORIENTED_EDGE('',*,*,#2612,.T.);
#3335=ORIENTED_EDGE('',*,*,#2610,.T.);
#3336=ORIENTED_EDGE('',*,*,#2574,.T.);
#3337=ORIENTED_EDGE('',*,*,#2590,.T.);
#3338=ORIENTED_EDGE('',*,*,#2594,.T.);
#3339=ORIENTED_EDGE('',*,*,#2613,.T.);
#3340=ORIENTED_EDGE('',*,*,#2614,.F.);
#3341=ORIENTED_EDGE('',*,*,#2581,.F.);
#3342=ORIENTED_EDGE('',*,*,#2592,.T.);
#3343=ORIENTED_EDGE('',*,*,#2583,.T.);
#3344=ORIENTED_EDGE('',*,*,#2615,.F.);
#3345=ORIENTED_EDGE('',*,*,#2616,.F.);
#3346=ORIENTED_EDGE('',*,*,#2593,.T.);
#3347=ORIENTED_EDGE('',*,*,#2616,.T.);
#3348=ORIENTED_EDGE('',*,*,#2617,.F.);
#3349=ORIENTED_EDGE('',*,*,#2613,.F.);
#3350=ORIENTED_EDGE('',*,*,#2614,.T.);
#3351=ORIENTED_EDGE('',*,*,#2617,.T.);
#3352=ORIENTED_EDGE('',*,*,#2615,.T.);
#3353=ORIENTED_EDGE('',*,*,#2582,.T.);
#3354=ORIENTED_EDGE('',*,*,#2597,.T.);
#3355=ORIENTED_EDGE('',*,*,#2618,.T.);
#3356=ORIENTED_EDGE('',*,*,#2619,.F.);
#3357=ORIENTED_EDGE('',*,*,#2577,.F.);
#3358=ORIENTED_EDGE('',*,*,#2595,.T.);
#3359=ORIENTED_EDGE('',*,*,#2579,.T.);
#3360=ORIENTED_EDGE('',*,*,#2620,.F.);
#3361=ORIENTED_EDGE('',*,*,#2621,.F.);
#3362=ORIENTED_EDGE('',*,*,#2596,.T.);
#3363=ORIENTED_EDGE('',*,*,#2621,.T.);
#3364=ORIENTED_EDGE('',*,*,#2622,.F.);
#3365=ORIENTED_EDGE('',*,*,#2618,.F.);
#3366=ORIENTED_EDGE('',*,*,#2619,.T.);
#3367=ORIENTED_EDGE('',*,*,#2622,.T.);
#3368=ORIENTED_EDGE('',*,*,#2620,.T.);
#3369=ORIENTED_EDGE('',*,*,#2578,.T.);
#3370=ORIENTED_EDGE('',*,*,#2623,.F.);
#3371=ORIENTED_EDGE('',*,*,#2624,.T.);
#3372=ORIENTED_EDGE('',*,*,#2625,.T.);
#3373=ORIENTED_EDGE('',*,*,#2626,.F.);
#3374=ORIENTED_EDGE('',*,*,#2627,.F.);
#3375=ORIENTED_EDGE('',*,*,#2628,.T.);
#3376=ORIENTED_EDGE('',*,*,#2629,.T.);
#3377=ORIENTED_EDGE('',*,*,#2624,.F.);
#3378=ORIENTED_EDGE('',*,*,#2630,.F.);
#3379=ORIENTED_EDGE('',*,*,#2631,.T.);
#3380=ORIENTED_EDGE('',*,*,#2632,.T.);
#3381=ORIENTED_EDGE('',*,*,#2628,.F.);
#3382=ORIENTED_EDGE('',*,*,#2633,.F.);
#3383=ORIENTED_EDGE('',*,*,#2634,.T.);
#3384=ORIENTED_EDGE('',*,*,#2635,.T.);
#3385=ORIENTED_EDGE('',*,*,#2631,.F.);
#3386=ORIENTED_EDGE('',*,*,#2636,.F.);
#3387=ORIENTED_EDGE('',*,*,#2637,.T.);
#3388=ORIENTED_EDGE('',*,*,#2638,.T.);
#3389=ORIENTED_EDGE('',*,*,#2634,.F.);
#3390=ORIENTED_EDGE('',*,*,#2639,.F.);
#3391=ORIENTED_EDGE('',*,*,#2640,.T.);
#3392=ORIENTED_EDGE('',*,*,#2641,.T.);
#3393=ORIENTED_EDGE('',*,*,#2637,.F.);
#3394=ORIENTED_EDGE('',*,*,#2642,.F.);
#3395=ORIENTED_EDGE('',*,*,#2643,.T.);
#3396=ORIENTED_EDGE('',*,*,#2644,.T.);
#3397=ORIENTED_EDGE('',*,*,#2640,.F.);
#3398=ORIENTED_EDGE('',*,*,#2645,.F.);
#3399=ORIENTED_EDGE('',*,*,#2626,.T.);
#3400=ORIENTED_EDGE('',*,*,#2646,.T.);
#3401=ORIENTED_EDGE('',*,*,#2643,.F.);
#3402=ORIENTED_EDGE('',*,*,#2646,.F.);
#3403=ORIENTED_EDGE('',*,*,#2625,.F.);
#3404=ORIENTED_EDGE('',*,*,#2629,.F.);
#3405=ORIENTED_EDGE('',*,*,#2632,.F.);
#3406=ORIENTED_EDGE('',*,*,#2635,.F.);
#3407=ORIENTED_EDGE('',*,*,#2638,.F.);
#3408=ORIENTED_EDGE('',*,*,#2641,.F.);
#3409=ORIENTED_EDGE('',*,*,#2644,.F.);
#3410=ORIENTED_EDGE('',*,*,#2647,.F.);
#3411=ORIENTED_EDGE('',*,*,#2648,.F.);
#3412=ORIENTED_EDGE('',*,*,#2649,.F.);
#3413=ORIENTED_EDGE('',*,*,#2650,.F.);
#3414=ORIENTED_EDGE('',*,*,#2651,.F.);
#3415=ORIENTED_EDGE('',*,*,#2652,.F.);
#3416=ORIENTED_EDGE('',*,*,#2653,.T.);
#3417=ORIENTED_EDGE('',*,*,#2654,.T.);
#3418=ORIENTED_EDGE('',*,*,#2653,.F.);
#3419=ORIENTED_EDGE('',*,*,#2655,.F.);
#3420=ORIENTED_EDGE('',*,*,#2652,.T.);
#3421=ORIENTED_EDGE('',*,*,#2656,.F.);
#3422=ORIENTED_EDGE('',*,*,#2657,.T.);
#3423=ORIENTED_EDGE('',*,*,#2658,.T.);
#3424=ORIENTED_EDGE('',*,*,#2657,.F.);
#3425=ORIENTED_EDGE('',*,*,#2659,.F.);
#3426=ORIENTED_EDGE('',*,*,#2656,.T.);
#3427=ORIENTED_EDGE('',*,*,#2660,.F.);
#3428=ORIENTED_EDGE('',*,*,#2661,.T.);
#3429=ORIENTED_EDGE('',*,*,#2662,.T.);
#3430=ORIENTED_EDGE('',*,*,#2661,.F.);
#3431=ORIENTED_EDGE('',*,*,#2663,.F.);
#3432=ORIENTED_EDGE('',*,*,#2660,.T.);
#3433=ORIENTED_EDGE('',*,*,#2664,.F.);
#3434=ORIENTED_EDGE('',*,*,#2665,.T.);
#3435=ORIENTED_EDGE('',*,*,#2666,.T.);
#3436=ORIENTED_EDGE('',*,*,#2665,.F.);
#3437=ORIENTED_EDGE('',*,*,#2667,.F.);
#3438=ORIENTED_EDGE('',*,*,#2664,.T.);
#3439=ORIENTED_EDGE('',*,*,#2668,.F.);
#3440=ORIENTED_EDGE('',*,*,#2669,.T.);
#3441=ORIENTED_EDGE('',*,*,#2650,.T.);
#3442=ORIENTED_EDGE('',*,*,#2669,.F.);
#3443=ORIENTED_EDGE('',*,*,#2670,.F.);
#3444=ORIENTED_EDGE('',*,*,#2671,.T.);
#3445=ORIENTED_EDGE('',*,*,#2649,.T.);
#3446=ORIENTED_EDGE('',*,*,#2671,.F.);
#3447=ORIENTED_EDGE('',*,*,#2672,.F.);
#3448=ORIENTED_EDGE('',*,*,#2673,.T.);
#3449=ORIENTED_EDGE('',*,*,#2648,.T.);
#3450=ORIENTED_EDGE('',*,*,#2673,.F.);
#3451=ORIENTED_EDGE('',*,*,#2674,.F.);
#3452=ORIENTED_EDGE('',*,*,#2675,.T.);
#3453=ORIENTED_EDGE('',*,*,#2647,.T.);
#3454=ORIENTED_EDGE('',*,*,#2675,.F.);
#3455=ORIENTED_EDGE('',*,*,#2676,.F.);
#3456=ORIENTED_EDGE('',*,*,#2677,.T.);
#3457=ORIENTED_EDGE('',*,*,#2651,.T.);
#3458=ORIENTED_EDGE('',*,*,#2677,.F.);
#3459=ORIENTED_EDGE('',*,*,#2678,.F.);
#3460=ORIENTED_EDGE('',*,*,#2676,.T.);
#3461=ORIENTED_EDGE('',*,*,#2674,.T.);
#3462=ORIENTED_EDGE('',*,*,#2672,.T.);
#3463=ORIENTED_EDGE('',*,*,#2670,.T.);
#3464=ORIENTED_EDGE('',*,*,#2668,.T.);
#3465=ORIENTED_EDGE('',*,*,#2679,.F.);
#3466=ORIENTED_EDGE('',*,*,#2680,.T.);
#3467=ORIENTED_EDGE('',*,*,#2681,.F.);
#3468=ORIENTED_EDGE('',*,*,#2680,.F.);
#3469=ORIENTED_EDGE('',*,*,#2682,.F.);
#3470=ORIENTED_EDGE('',*,*,#2683,.T.);
#3471=ORIENTED_EDGE('',*,*,#2678,.T.);
#3472=ORIENTED_EDGE('',*,*,#2683,.F.);
#3473=ORIENTED_EDGE('',*,*,#2679,.T.);
#3474=ORIENTED_EDGE('',*,*,#2682,.T.);
#3475=ORIENTED_EDGE('',*,*,#2684,.F.);
#3476=ORIENTED_EDGE('',*,*,#2685,.T.);
#3477=ORIENTED_EDGE('',*,*,#2663,.T.);
#3478=ORIENTED_EDGE('',*,*,#2685,.F.);
#3479=ORIENTED_EDGE('',*,*,#2686,.F.);
#3480=ORIENTED_EDGE('',*,*,#2687,.T.);
#3481=ORIENTED_EDGE('',*,*,#2667,.T.);
#3482=ORIENTED_EDGE('',*,*,#2687,.F.);
#3483=ORIENTED_EDGE('',*,*,#2688,.F.);
#3484=ORIENTED_EDGE('',*,*,#2689,.T.);
#3485=ORIENTED_EDGE('',*,*,#2655,.T.);
#3486=ORIENTED_EDGE('',*,*,#2689,.F.);
#3487=ORIENTED_EDGE('',*,*,#2690,.F.);
#3488=ORIENTED_EDGE('',*,*,#2691,.T.);
#3489=ORIENTED_EDGE('',*,*,#2659,.T.);
#3490=ORIENTED_EDGE('',*,*,#2691,.F.);
#3491=ORIENTED_EDGE('',*,*,#2692,.T.);
#3492=ORIENTED_EDGE('',*,*,#2693,.T.);
#3493=ORIENTED_EDGE('',*,*,#2694,.F.);
#3494=ORIENTED_EDGE('',*,*,#2695,.F.);
#3495=ORIENTED_EDGE('',*,*,#2696,.T.);
#3496=ORIENTED_EDGE('',*,*,#2695,.T.);
#3497=ORIENTED_EDGE('',*,*,#2697,.F.);
#3498=ORIENTED_EDGE('',*,*,#2698,.F.);
#3499=ORIENTED_EDGE('',*,*,#2699,.T.);
#3500=ORIENTED_EDGE('',*,*,#2698,.T.);
#3501=ORIENTED_EDGE('',*,*,#2700,.F.);
#3502=ORIENTED_EDGE('',*,*,#2701,.F.);
#3503=ORIENTED_EDGE('',*,*,#2702,.T.);
#3504=ORIENTED_EDGE('',*,*,#2701,.T.);
#3505=ORIENTED_EDGE('',*,*,#2703,.F.);
#3506=ORIENTED_EDGE('',*,*,#2704,.F.);
#3507=ORIENTED_EDGE('',*,*,#2705,.T.);
#3508=ORIENTED_EDGE('',*,*,#2704,.T.);
#3509=ORIENTED_EDGE('',*,*,#2706,.F.);
#3510=ORIENTED_EDGE('',*,*,#2707,.F.);
#3511=ORIENTED_EDGE('',*,*,#2708,.T.);
#3512=ORIENTED_EDGE('',*,*,#2707,.T.);
#3513=ORIENTED_EDGE('',*,*,#2709,.F.);
#3514=ORIENTED_EDGE('',*,*,#2710,.F.);
#3515=ORIENTED_EDGE('',*,*,#2711,.T.);
#3516=ORIENTED_EDGE('',*,*,#2710,.T.);
#3517=ORIENTED_EDGE('',*,*,#2712,.F.);
#3518=ORIENTED_EDGE('',*,*,#2713,.F.);
#3519=ORIENTED_EDGE('',*,*,#2714,.T.);
#3520=ORIENTED_EDGE('',*,*,#2713,.T.);
#3521=ORIENTED_EDGE('',*,*,#2715,.F.);
#3522=ORIENTED_EDGE('',*,*,#2693,.F.);
#3523=ORIENTED_EDGE('',*,*,#2715,.T.);
#3524=ORIENTED_EDGE('',*,*,#2712,.T.);
#3525=ORIENTED_EDGE('',*,*,#2709,.T.);
#3526=ORIENTED_EDGE('',*,*,#2706,.T.);
#3527=ORIENTED_EDGE('',*,*,#2703,.T.);
#3528=ORIENTED_EDGE('',*,*,#2700,.T.);
#3529=ORIENTED_EDGE('',*,*,#2697,.T.);
#3530=ORIENTED_EDGE('',*,*,#2694,.T.);
#3531=ORIENTED_EDGE('',*,*,#2690,.T.);
#3532=ORIENTED_EDGE('',*,*,#2688,.T.);
#3533=ORIENTED_EDGE('',*,*,#2686,.T.);
#3534=ORIENTED_EDGE('',*,*,#2684,.T.);
#3535=ORIENTED_EDGE('',*,*,#2681,.T.);
#3536=ORIENTED_EDGE('',*,*,#2714,.F.);
#3537=ORIENTED_EDGE('',*,*,#2692,.F.);
#3538=ORIENTED_EDGE('',*,*,#2696,.F.);
#3539=ORIENTED_EDGE('',*,*,#2699,.F.);
#3540=ORIENTED_EDGE('',*,*,#2702,.F.);
#3541=ORIENTED_EDGE('',*,*,#2705,.F.);
#3542=ORIENTED_EDGE('',*,*,#2708,.F.);
#3543=ORIENTED_EDGE('',*,*,#2711,.F.);
#3544=ORIENTED_EDGE('',*,*,#2666,.F.);
#3545=ORIENTED_EDGE('',*,*,#2662,.F.);
#3546=ORIENTED_EDGE('',*,*,#2658,.F.);
#3547=ORIENTED_EDGE('',*,*,#2654,.F.);
#3548=ORIENTED_EDGE('',*,*,#2623,.T.);
#3549=ORIENTED_EDGE('',*,*,#2645,.T.);
#3550=ORIENTED_EDGE('',*,*,#2642,.T.);
#3551=ORIENTED_EDGE('',*,*,#2639,.T.);
#3552=ORIENTED_EDGE('',*,*,#2636,.T.);
#3553=ORIENTED_EDGE('',*,*,#2633,.T.);
#3554=ORIENTED_EDGE('',*,*,#2630,.T.);
#3555=ORIENTED_EDGE('',*,*,#2627,.T.);
#3556=ORIENTED_EDGE('',*,*,#2716,.F.);
#3557=ORIENTED_EDGE('',*,*,#2717,.F.);
#3558=ORIENTED_EDGE('',*,*,#2718,.T.);
#3559=ORIENTED_EDGE('',*,*,#2719,.F.);
#3560=ORIENTED_EDGE('',*,*,#2720,.F.);
#3561=ORIENTED_EDGE('',*,*,#2721,.F.);
#3562=ORIENTED_EDGE('',*,*,#2718,.F.);
#3563=ORIENTED_EDGE('',*,*,#2722,.F.);
#3564=ORIENTED_EDGE('',*,*,#2723,.F.);
#3565=ORIENTED_EDGE('',*,*,#2724,.F.);
#3566=ORIENTED_EDGE('',*,*,#2725,.F.);
#3567=ORIENTED_EDGE('',*,*,#2726,.F.);
#3568=ORIENTED_EDGE('',*,*,#2727,.F.);
#3569=ORIENTED_EDGE('',*,*,#2728,.T.);
#3570=ORIENTED_EDGE('',*,*,#2729,.F.);
#3571=ORIENTED_EDGE('',*,*,#2730,.F.);
#3572=ORIENTED_EDGE('',*,*,#2731,.F.);
#3573=ORIENTED_EDGE('',*,*,#2732,.F.);
#3574=ORIENTED_EDGE('',*,*,#2733,.F.);
#3575=ORIENTED_EDGE('',*,*,#2734,.F.);
#3576=ORIENTED_EDGE('',*,*,#2735,.F.);
#3577=ORIENTED_EDGE('',*,*,#2728,.F.);
#3578=ORIENTED_EDGE('',*,*,#2736,.F.);
#3579=ORIENTED_EDGE('',*,*,#2716,.T.);
#3580=ORIENTED_EDGE('',*,*,#2737,.F.);
#3581=ORIENTED_EDGE('',*,*,#2738,.T.);
#3582=ORIENTED_EDGE('',*,*,#2739,.T.);
#3583=ORIENTED_EDGE('',*,*,#2740,.T.);
#3584=ORIENTED_EDGE('',*,*,#2741,.T.);
#3585=ORIENTED_EDGE('',*,*,#2742,.T.);
#3586=ORIENTED_EDGE('',*,*,#2743,.T.);
#3587=ORIENTED_EDGE('',*,*,#2720,.T.);
#3588=ORIENTED_EDGE('',*,*,#2744,.T.);
#3589=ORIENTED_EDGE('',*,*,#2745,.F.);
#3590=ORIENTED_EDGE('',*,*,#2746,.F.);
#3591=ORIENTED_EDGE('',*,*,#2733,.T.);
#3592=ORIENTED_EDGE('',*,*,#2747,.T.);
#3593=ORIENTED_EDGE('',*,*,#2748,.F.);
#3594=ORIENTED_EDGE('',*,*,#2749,.F.);
#3595=ORIENTED_EDGE('',*,*,#2732,.T.);
#3596=ORIENTED_EDGE('',*,*,#2750,.T.);
#3597=ORIENTED_EDGE('',*,*,#2751,.F.);
#3598=ORIENTED_EDGE('',*,*,#2747,.F.);
#3599=ORIENTED_EDGE('',*,*,#2719,.T.);
#3600=ORIENTED_EDGE('',*,*,#2721,.T.);
#3601=ORIENTED_EDGE('',*,*,#2746,.T.);
#3602=ORIENTED_EDGE('',*,*,#2752,.F.);
#3603=ORIENTED_EDGE('',*,*,#2753,.T.);
#3604=ORIENTED_EDGE('',*,*,#2754,.T.);
#3605=ORIENTED_EDGE('',*,*,#2755,.T.);
#3606=ORIENTED_EDGE('',*,*,#2756,.T.);
#3607=ORIENTED_EDGE('',*,*,#2757,.F.);
#3608=ORIENTED_EDGE('',*,*,#2750,.F.);
#3609=ORIENTED_EDGE('',*,*,#2731,.T.);
#3610=ORIENTED_EDGE('',*,*,#2727,.T.);
#3611=ORIENTED_EDGE('',*,*,#2758,.T.);
#3612=ORIENTED_EDGE('',*,*,#2737,.T.);
#3613=ORIENTED_EDGE('',*,*,#2726,.T.);
#3614=ORIENTED_EDGE('',*,*,#2759,.T.);
#3615=ORIENTED_EDGE('',*,*,#2758,.F.);
#3616=ORIENTED_EDGE('',*,*,#2760,.F.);
#3617=ORIENTED_EDGE('',*,*,#2761,.T.);
#3618=ORIENTED_EDGE('',*,*,#2736,.T.);
#3619=ORIENTED_EDGE('',*,*,#2761,.F.);
#3620=ORIENTED_EDGE('',*,*,#2734,.T.);
#3621=ORIENTED_EDGE('',*,*,#2749,.T.);
#3622=ORIENTED_EDGE('',*,*,#2762,.F.);
#3623=ORIENTED_EDGE('',*,*,#2763,.F.);
#3624=ORIENTED_EDGE('',*,*,#2757,.T.);
#3625=ORIENTED_EDGE('',*,*,#2764,.F.);
#3626=ORIENTED_EDGE('',*,*,#2765,.T.);
#3627=ORIENTED_EDGE('',*,*,#2762,.T.);
#3628=ORIENTED_EDGE('',*,*,#2748,.T.);
#3629=ORIENTED_EDGE('',*,*,#2751,.T.);
#3630=ORIENTED_EDGE('',*,*,#2760,.T.);
#3631=ORIENTED_EDGE('',*,*,#2766,.F.);
#3632=ORIENTED_EDGE('',*,*,#2767,.T.);
#3633=ORIENTED_EDGE('',*,*,#2725,.T.);
#3634=ORIENTED_EDGE('',*,*,#2767,.F.);
#3635=ORIENTED_EDGE('',*,*,#2723,.T.);
#3636=ORIENTED_EDGE('',*,*,#2768,.T.);
#3637=ORIENTED_EDGE('',*,*,#2769,.F.);
#3638=ORIENTED_EDGE('',*,*,#2770,.F.);
#3639=ORIENTED_EDGE('',*,*,#2724,.T.);
#3640=ORIENTED_EDGE('',*,*,#2770,.T.);
#3641=ORIENTED_EDGE('',*,*,#2771,.F.);
#3642=ORIENTED_EDGE('',*,*,#2744,.F.);
#3643=ORIENTED_EDGE('',*,*,#2745,.T.);
#3644=ORIENTED_EDGE('',*,*,#2771,.T.);
#3645=ORIENTED_EDGE('',*,*,#2769,.T.);
#3646=ORIENTED_EDGE('',*,*,#2772,.T.);
#3647=ORIENTED_EDGE('',*,*,#2773,.F.);
#3648=ORIENTED_EDGE('',*,*,#2752,.T.);
#3649=ORIENTED_EDGE('',*,*,#2766,.T.);
#3650=ORIENTED_EDGE('',*,*,#2774,.F.);
#3651=ORIENTED_EDGE('',*,*,#2775,.T.);
#3652=ORIENTED_EDGE('',*,*,#2776,.F.);
#3653=ORIENTED_EDGE('',*,*,#2775,.F.);
#3654=ORIENTED_EDGE('',*,*,#2774,.T.);
#3655=ORIENTED_EDGE('',*,*,#2741,.F.);
#3656=ORIENTED_EDGE('',*,*,#2777,.T.);
#3657=ORIENTED_EDGE('',*,*,#2778,.F.);
#3658=ORIENTED_EDGE('',*,*,#2779,.F.);
#3659=ORIENTED_EDGE('',*,*,#2738,.F.);
#3660=ORIENTED_EDGE('',*,*,#2759,.F.);
#3661=ORIENTED_EDGE('',*,*,#2780,.F.);
#3662=ORIENTED_EDGE('',*,*,#2742,.F.);
#3663=ORIENTED_EDGE('',*,*,#2779,.T.);
#3664=ORIENTED_EDGE('',*,*,#2781,.F.);
#3665=ORIENTED_EDGE('',*,*,#2782,.F.);
#3666=ORIENTED_EDGE('',*,*,#2739,.F.);
#3667=ORIENTED_EDGE('',*,*,#2782,.T.);
#3668=ORIENTED_EDGE('',*,*,#2783,.F.);
#3669=ORIENTED_EDGE('',*,*,#2784,.F.);
#3670=ORIENTED_EDGE('',*,*,#2740,.F.);
#3671=ORIENTED_EDGE('',*,*,#2784,.T.);
#3672=ORIENTED_EDGE('',*,*,#2785,.F.);
#3673=ORIENTED_EDGE('',*,*,#2777,.F.);
#3674=ORIENTED_EDGE('',*,*,#2785,.T.);
#3675=ORIENTED_EDGE('',*,*,#2783,.T.);
#3676=ORIENTED_EDGE('',*,*,#2781,.T.);
#3677=ORIENTED_EDGE('',*,*,#2778,.T.);
#3678=ORIENTED_EDGE('',*,*,#2776,.T.);
#3679=ORIENTED_EDGE('',*,*,#2730,.T.);
#3680=ORIENTED_EDGE('',*,*,#2786,.F.);
#3681=ORIENTED_EDGE('',*,*,#2780,.T.);
#3682=ORIENTED_EDGE('',*,*,#2787,.T.);
#3683=ORIENTED_EDGE('',*,*,#2788,.T.);
#3684=ORIENTED_EDGE('',*,*,#2754,.F.);
#3685=ORIENTED_EDGE('',*,*,#2789,.F.);
#3686=ORIENTED_EDGE('',*,*,#2773,.T.);
#3687=ORIENTED_EDGE('',*,*,#2790,.T.);
#3688=ORIENTED_EDGE('',*,*,#2789,.T.);
#3689=ORIENTED_EDGE('',*,*,#2753,.F.);
#3690=ORIENTED_EDGE('',*,*,#2764,.T.);
#3691=ORIENTED_EDGE('',*,*,#2756,.F.);
#3692=ORIENTED_EDGE('',*,*,#2791,.F.);
#3693=ORIENTED_EDGE('',*,*,#2792,.T.);
#3694=ORIENTED_EDGE('',*,*,#2793,.T.);
#3695=ORIENTED_EDGE('',*,*,#2791,.T.);
#3696=ORIENTED_EDGE('',*,*,#2755,.F.);
#3697=ORIENTED_EDGE('',*,*,#2788,.F.);
#3698=ORIENTED_EDGE('',*,*,#2717,.T.);
#3699=ORIENTED_EDGE('',*,*,#2743,.F.);
#3700=ORIENTED_EDGE('',*,*,#2786,.T.);
#3701=ORIENTED_EDGE('',*,*,#2729,.T.);
#3702=ORIENTED_EDGE('',*,*,#2735,.T.);
#3703=ORIENTED_EDGE('',*,*,#2763,.T.);
#3704=ORIENTED_EDGE('',*,*,#2765,.F.);
#3705=ORIENTED_EDGE('',*,*,#2792,.F.);
#3706=ORIENTED_EDGE('',*,*,#2793,.F.);
#3707=ORIENTED_EDGE('',*,*,#2787,.F.);
#3708=ORIENTED_EDGE('',*,*,#2790,.F.);
#3709=ORIENTED_EDGE('',*,*,#2772,.F.);
#3710=ORIENTED_EDGE('',*,*,#2768,.F.);
#3711=ORIENTED_EDGE('',*,*,#2722,.T.);
#3712=ORIENTED_EDGE('',*,*,#2794,.F.);
#3713=ORIENTED_EDGE('',*,*,#2795,.F.);
#3714=ORIENTED_EDGE('',*,*,#2796,.F.);
#3715=ORIENTED_EDGE('',*,*,#2797,.F.);
#3716=ORIENTED_EDGE('',*,*,#2798,.F.);
#3717=ORIENTED_EDGE('',*,*,#2799,.F.);
#3718=ORIENTED_EDGE('',*,*,#2800,.F.);
#3719=ORIENTED_EDGE('',*,*,#2801,.F.);
#3720=ORIENTED_EDGE('',*,*,#2802,.F.);
#3721=ORIENTED_EDGE('',*,*,#2803,.F.);
#3722=ORIENTED_EDGE('',*,*,#2804,.F.);
#3723=ORIENTED_EDGE('',*,*,#2805,.F.);
#3724=ORIENTED_EDGE('',*,*,#2806,.F.);
#3725=ORIENTED_EDGE('',*,*,#2807,.F.);
#3726=ORIENTED_EDGE('',*,*,#2808,.F.);
#3727=ORIENTED_EDGE('',*,*,#2809,.F.);
#3728=ORIENTED_EDGE('',*,*,#2804,.T.);
#3729=ORIENTED_EDGE('',*,*,#2810,.F.);
#3730=ORIENTED_EDGE('',*,*,#2811,.F.);
#3731=ORIENTED_EDGE('',*,*,#2812,.F.);
#3732=ORIENTED_EDGE('',*,*,#2803,.T.);
#3733=ORIENTED_EDGE('',*,*,#2813,.F.);
#3734=ORIENTED_EDGE('',*,*,#2814,.F.);
#3735=ORIENTED_EDGE('',*,*,#2810,.T.);
#3736=ORIENTED_EDGE('',*,*,#2809,.T.);
#3737=ORIENTED_EDGE('',*,*,#2815,.T.);
#3738=ORIENTED_EDGE('',*,*,#2816,.T.);
#3739=ORIENTED_EDGE('',*,*,#2817,.T.);
#3740=ORIENTED_EDGE('',*,*,#2818,.T.);
#3741=ORIENTED_EDGE('',*,*,#2819,.T.);
#3742=ORIENTED_EDGE('',*,*,#2820,.T.);
#3743=ORIENTED_EDGE('',*,*,#2794,.T.);
#3744=ORIENTED_EDGE('',*,*,#2821,.T.);
#3745=ORIENTED_EDGE('',*,*,#2822,.F.);
#3746=ORIENTED_EDGE('',*,*,#2823,.F.);
#3747=ORIENTED_EDGE('',*,*,#2800,.T.);
#3748=ORIENTED_EDGE('',*,*,#2824,.T.);
#3749=ORIENTED_EDGE('',*,*,#2825,.T.);
#3750=ORIENTED_EDGE('',*,*,#2826,.T.);
#3751=ORIENTED_EDGE('',*,*,#2827,.T.);
#3752=ORIENTED_EDGE('',*,*,#2828,.T.);
#3753=ORIENTED_EDGE('',*,*,#2829,.T.);
#3754=ORIENTED_EDGE('',*,*,#2830,.T.);
#3755=ORIENTED_EDGE('',*,*,#2831,.F.);
#3756=ORIENTED_EDGE('',*,*,#2832,.F.);
#3757=ORIENTED_EDGE('',*,*,#2802,.T.);
#3758=ORIENTED_EDGE('',*,*,#2820,.F.);
#3759=ORIENTED_EDGE('',*,*,#2833,.F.);
#3760=ORIENTED_EDGE('',*,*,#2824,.F.);
#3761=ORIENTED_EDGE('',*,*,#2799,.T.);
#3762=ORIENTED_EDGE('',*,*,#2834,.T.);
#3763=ORIENTED_EDGE('',*,*,#2835,.T.);
#3764=ORIENTED_EDGE('',*,*,#2813,.T.);
#3765=ORIENTED_EDGE('',*,*,#2836,.F.);
#3766=ORIENTED_EDGE('',*,*,#2837,.T.);
#3767=ORIENTED_EDGE('',*,*,#2838,.F.);
#3768=ORIENTED_EDGE('',*,*,#2839,.T.);
#3769=ORIENTED_EDGE('',*,*,#2840,.F.);
#3770=ORIENTED_EDGE('',*,*,#2841,.T.);
#3771=ORIENTED_EDGE('',*,*,#2842,.T.);
#3772=ORIENTED_EDGE('',*,*,#2843,.T.);
#3773=ORIENTED_EDGE('',*,*,#2844,.T.);
#3774=ORIENTED_EDGE('',*,*,#2828,.F.);
#3775=ORIENTED_EDGE('',*,*,#2845,.T.);
#3776=ORIENTED_EDGE('',*,*,#2846,.T.);
#3777=ORIENTED_EDGE('',*,*,#2836,.T.);
#3778=ORIENTED_EDGE('',*,*,#2847,.T.);
#3779=ORIENTED_EDGE('',*,*,#2848,.T.);
#3780=ORIENTED_EDGE('',*,*,#2849,.T.);
#3781=ORIENTED_EDGE('',*,*,#2850,.T.);
#3782=ORIENTED_EDGE('',*,*,#2851,.T.);
#3783=ORIENTED_EDGE('',*,*,#2852,.T.);
#3784=ORIENTED_EDGE('',*,*,#2853,.T.);
#3785=ORIENTED_EDGE('',*,*,#2854,.F.);
#3786=ORIENTED_EDGE('',*,*,#2855,.T.);
#3787=ORIENTED_EDGE('',*,*,#2853,.F.);
#3788=ORIENTED_EDGE('',*,*,#2855,.F.);
#3789=ORIENTED_EDGE('',*,*,#2854,.T.);
#3790=ORIENTED_EDGE('',*,*,#2847,.F.);
#3791=ORIENTED_EDGE('',*,*,#2839,.F.);
#3792=ORIENTED_EDGE('',*,*,#2856,.F.);
#3793=ORIENTED_EDGE('',*,*,#2857,.F.);
#3794=ORIENTED_EDGE('',*,*,#2858,.F.);
#3795=ORIENTED_EDGE('',*,*,#2848,.F.);
#3796=ORIENTED_EDGE('',*,*,#2858,.T.);
#3797=ORIENTED_EDGE('',*,*,#2859,.F.);
#3798=ORIENTED_EDGE('',*,*,#2860,.F.);
#3799=ORIENTED_EDGE('',*,*,#2849,.F.);
#3800=ORIENTED_EDGE('',*,*,#2860,.T.);
#3801=ORIENTED_EDGE('',*,*,#2861,.F.);
#3802=ORIENTED_EDGE('',*,*,#2862,.F.);
#3803=ORIENTED_EDGE('',*,*,#2850,.F.);
#3804=ORIENTED_EDGE('',*,*,#2862,.T.);
#3805=ORIENTED_EDGE('',*,*,#2863,.F.);
#3806=ORIENTED_EDGE('',*,*,#2864,.T.);
#3807=ORIENTED_EDGE('',*,*,#2846,.F.);
#3808=ORIENTED_EDGE('',*,*,#2865,.T.);
#3809=ORIENTED_EDGE('',*,*,#2866,.F.);
#3810=ORIENTED_EDGE('',*,*,#2867,.F.);
#3811=ORIENTED_EDGE('',*,*,#2837,.F.);
#3812=ORIENTED_EDGE('',*,*,#2852,.F.);
#3813=ORIENTED_EDGE('',*,*,#2868,.T.);
#3814=ORIENTED_EDGE('',*,*,#2869,.F.);
#3815=ORIENTED_EDGE('',*,*,#2865,.F.);
#3816=ORIENTED_EDGE('',*,*,#2851,.F.);
#3817=ORIENTED_EDGE('',*,*,#2864,.F.);
#3818=ORIENTED_EDGE('',*,*,#2870,.F.);
#3819=ORIENTED_EDGE('',*,*,#2868,.F.);
#3820=ORIENTED_EDGE('',*,*,#2871,.F.);
#3821=ORIENTED_EDGE('',*,*,#2872,.T.);
#3822=ORIENTED_EDGE('',*,*,#2843,.F.);
#3823=ORIENTED_EDGE('',*,*,#2873,.F.);
#3824=ORIENTED_EDGE('',*,*,#2874,.F.);
#3825=ORIENTED_EDGE('',*,*,#2873,.T.);
#3826=ORIENTED_EDGE('',*,*,#2842,.F.);
#3827=ORIENTED_EDGE('',*,*,#2875,.F.);
#3828=ORIENTED_EDGE('',*,*,#2876,.F.);
#3829=ORIENTED_EDGE('',*,*,#2829,.F.);
#3830=ORIENTED_EDGE('',*,*,#2844,.F.);
#3831=ORIENTED_EDGE('',*,*,#2872,.F.);
#3832=ORIENTED_EDGE('',*,*,#2877,.F.);
#3833=ORIENTED_EDGE('',*,*,#2816,.F.);
#3834=ORIENTED_EDGE('',*,*,#2878,.F.);
#3835=ORIENTED_EDGE('',*,*,#2879,.T.);
#3836=ORIENTED_EDGE('',*,*,#2840,.T.);
#3837=ORIENTED_EDGE('',*,*,#2877,.T.);
#3838=ORIENTED_EDGE('',*,*,#2845,.F.);
#3839=ORIENTED_EDGE('',*,*,#2827,.F.);
#3840=ORIENTED_EDGE('',*,*,#2880,.T.);
#3841=ORIENTED_EDGE('',*,*,#2817,.F.);
#3842=ORIENTED_EDGE('',*,*,#2798,.T.);
#3843=ORIENTED_EDGE('',*,*,#2881,.T.);
#3844=ORIENTED_EDGE('',*,*,#2882,.T.);
#3845=ORIENTED_EDGE('',*,*,#2834,.F.);
#3846=ORIENTED_EDGE('',*,*,#2814,.T.);
#3847=ORIENTED_EDGE('',*,*,#2835,.F.);
#3848=ORIENTED_EDGE('',*,*,#2882,.F.);
#3849=ORIENTED_EDGE('',*,*,#2883,.T.);
#3850=ORIENTED_EDGE('',*,*,#2884,.F.);
#3851=ORIENTED_EDGE('',*,*,#2885,.T.);
#3852=ORIENTED_EDGE('',*,*,#2822,.T.);
#3853=ORIENTED_EDGE('',*,*,#2886,.F.);
#3854=ORIENTED_EDGE('',*,*,#2887,.T.);
#3855=ORIENTED_EDGE('',*,*,#2888,.T.);
#3856=ORIENTED_EDGE('',*,*,#2889,.T.);
#3857=ORIENTED_EDGE('',*,*,#2811,.T.);
#3858=ORIENTED_EDGE('',*,*,#2879,.F.);
#3859=ORIENTED_EDGE('',*,*,#2890,.T.);
#3860=ORIENTED_EDGE('',*,*,#2875,.T.);
#3861=ORIENTED_EDGE('',*,*,#2841,.F.);
#3862=ORIENTED_EDGE('',*,*,#2867,.T.);
#3863=ORIENTED_EDGE('',*,*,#2891,.T.);
#3864=ORIENTED_EDGE('',*,*,#2878,.T.);
#3865=ORIENTED_EDGE('',*,*,#2892,.F.);
#3866=ORIENTED_EDGE('',*,*,#2831,.T.);
#3867=ORIENTED_EDGE('',*,*,#2893,.T.);
#3868=ORIENTED_EDGE('',*,*,#2856,.T.);
#3869=ORIENTED_EDGE('',*,*,#2838,.T.);
#3870=ORIENTED_EDGE('',*,*,#2857,.T.);
#3871=ORIENTED_EDGE('',*,*,#2893,.F.);
#3872=ORIENTED_EDGE('',*,*,#2830,.F.);
#3873=ORIENTED_EDGE('',*,*,#2876,.T.);
#3874=ORIENTED_EDGE('',*,*,#2871,.T.);
#3875=ORIENTED_EDGE('',*,*,#2874,.T.);
#3876=ORIENTED_EDGE('',*,*,#2890,.F.);
#3877=ORIENTED_EDGE('',*,*,#2891,.F.);
#3878=ORIENTED_EDGE('',*,*,#2866,.T.);
#3879=ORIENTED_EDGE('',*,*,#2869,.T.);
#3880=ORIENTED_EDGE('',*,*,#2870,.T.);
#3881=ORIENTED_EDGE('',*,*,#2863,.T.);
#3882=ORIENTED_EDGE('',*,*,#2861,.T.);
#3883=ORIENTED_EDGE('',*,*,#2859,.T.);
#3884=ORIENTED_EDGE('',*,*,#2808,.T.);
#3885=ORIENTED_EDGE('',*,*,#2894,.T.);
#3886=ORIENTED_EDGE('',*,*,#2886,.T.);
#3887=ORIENTED_EDGE('',*,*,#2821,.F.);
#3888=ORIENTED_EDGE('',*,*,#2801,.T.);
#3889=ORIENTED_EDGE('',*,*,#2832,.T.);
#3890=ORIENTED_EDGE('',*,*,#2892,.T.);
#3891=ORIENTED_EDGE('',*,*,#2815,.F.);
#3892=ORIENTED_EDGE('',*,*,#2795,.T.);
#3893=ORIENTED_EDGE('',*,*,#2823,.T.);
#3894=ORIENTED_EDGE('',*,*,#2885,.F.);
#3895=ORIENTED_EDGE('',*,*,#2895,.F.);
#3896=ORIENTED_EDGE('',*,*,#2796,.T.);
#3897=ORIENTED_EDGE('',*,*,#2895,.T.);
#3898=ORIENTED_EDGE('',*,*,#2884,.T.);
#3899=ORIENTED_EDGE('',*,*,#2896,.T.);
#3900=ORIENTED_EDGE('',*,*,#2807,.T.);
#3901=ORIENTED_EDGE('',*,*,#2897,.F.);
#3902=ORIENTED_EDGE('',*,*,#2887,.F.);
#3903=ORIENTED_EDGE('',*,*,#2894,.F.);
#3904=ORIENTED_EDGE('',*,*,#2806,.T.);
#3905=ORIENTED_EDGE('',*,*,#2898,.F.);
#3906=ORIENTED_EDGE('',*,*,#2888,.F.);
#3907=ORIENTED_EDGE('',*,*,#2897,.T.);
#3908=ORIENTED_EDGE('',*,*,#2805,.T.);
#3909=ORIENTED_EDGE('',*,*,#2812,.T.);
#3910=ORIENTED_EDGE('',*,*,#2889,.F.);
#3911=ORIENTED_EDGE('',*,*,#2898,.T.);
#3912=ORIENTED_EDGE('',*,*,#2797,.T.);
#3913=ORIENTED_EDGE('',*,*,#2896,.F.);
#3914=ORIENTED_EDGE('',*,*,#2883,.F.);
#3915=ORIENTED_EDGE('',*,*,#2881,.F.);
#3916=ORIENTED_EDGE('',*,*,#2825,.F.);
#3917=ORIENTED_EDGE('',*,*,#2833,.T.);
#3918=ORIENTED_EDGE('',*,*,#2819,.F.);
#3919=ORIENTED_EDGE('',*,*,#2899,.F.);
#3920=ORIENTED_EDGE('',*,*,#2899,.T.);
#3921=ORIENTED_EDGE('',*,*,#2818,.F.);
#3922=ORIENTED_EDGE('',*,*,#2880,.F.);
#3923=ORIENTED_EDGE('',*,*,#2826,.F.);
#3924=ORIENTED_EDGE('',*,*,#2900,.F.);
#3925=ORIENTED_EDGE('',*,*,#2901,.F.);
#3926=ORIENTED_EDGE('',*,*,#2902,.F.);
#3927=ORIENTED_EDGE('',*,*,#2903,.F.);
#3928=ORIENTED_EDGE('',*,*,#2904,.F.);
#3929=ORIENTED_EDGE('',*,*,#2905,.F.);
#3930=ORIENTED_EDGE('',*,*,#2906,.F.);
#3931=ORIENTED_EDGE('',*,*,#2907,.F.);
#3932=ORIENTED_EDGE('',*,*,#2908,.F.);
#3933=ORIENTED_EDGE('',*,*,#2909,.F.);
#3934=ORIENTED_EDGE('',*,*,#2910,.F.);
#3935=ORIENTED_EDGE('',*,*,#2911,.F.);
#3936=ORIENTED_EDGE('',*,*,#2912,.F.);
#3937=ORIENTED_EDGE('',*,*,#2913,.F.);
#3938=ORIENTED_EDGE('',*,*,#2914,.F.);
#3939=ORIENTED_EDGE('',*,*,#2915,.F.);
#3940=ORIENTED_EDGE('',*,*,#2914,.T.);
#3941=ORIENTED_EDGE('',*,*,#2916,.F.);
#3942=ORIENTED_EDGE('',*,*,#2917,.F.);
#3943=ORIENTED_EDGE('',*,*,#2918,.F.);
#3944=ORIENTED_EDGE('',*,*,#2913,.T.);
#3945=ORIENTED_EDGE('',*,*,#2919,.T.);
#3946=ORIENTED_EDGE('',*,*,#2920,.T.);
#3947=ORIENTED_EDGE('',*,*,#2916,.T.);
#3948=ORIENTED_EDGE('',*,*,#2912,.T.);
#3949=ORIENTED_EDGE('',*,*,#2921,.T.);
#3950=ORIENTED_EDGE('',*,*,#2922,.F.);
#3951=ORIENTED_EDGE('',*,*,#2919,.F.);
#3952=ORIENTED_EDGE('',*,*,#2911,.T.);
#3953=ORIENTED_EDGE('',*,*,#2923,.F.);
#3954=ORIENTED_EDGE('',*,*,#2924,.F.);
#3955=ORIENTED_EDGE('',*,*,#2921,.F.);
#3956=ORIENTED_EDGE('',*,*,#2901,.T.);
#3957=ORIENTED_EDGE('',*,*,#2925,.F.);
#3958=ORIENTED_EDGE('',*,*,#2926,.F.);
#3959=ORIENTED_EDGE('',*,*,#2927,.T.);
#3960=ORIENTED_EDGE('',*,*,#2907,.T.);
#3961=ORIENTED_EDGE('',*,*,#2928,.T.);
#3962=ORIENTED_EDGE('',*,*,#2929,.T.);
#3963=ORIENTED_EDGE('',*,*,#2930,.T.);
#3964=ORIENTED_EDGE('',*,*,#2931,.T.);
#3965=ORIENTED_EDGE('',*,*,#2932,.F.);
#3966=ORIENTED_EDGE('',*,*,#2933,.F.);
#3967=ORIENTED_EDGE('',*,*,#2934,.F.);
#3968=ORIENTED_EDGE('',*,*,#2935,.F.);
#3969=ORIENTED_EDGE('',*,*,#2936,.F.);
#3970=ORIENTED_EDGE('',*,*,#2905,.T.);
#3971=ORIENTED_EDGE('',*,*,#2937,.F.);
#3972=ORIENTED_EDGE('',*,*,#2938,.F.);
#3973=ORIENTED_EDGE('',*,*,#2939,.T.);
#3974=ORIENTED_EDGE('',*,*,#2904,.T.);
#3975=ORIENTED_EDGE('',*,*,#2940,.F.);
#3976=ORIENTED_EDGE('',*,*,#2941,.F.);
#3977=ORIENTED_EDGE('',*,*,#2937,.T.);
#3978=ORIENTED_EDGE('',*,*,#2924,.T.);
#3979=ORIENTED_EDGE('',*,*,#2942,.F.);
#3980=ORIENTED_EDGE('',*,*,#2938,.T.);
#3981=ORIENTED_EDGE('',*,*,#2941,.T.);
#3982=ORIENTED_EDGE('',*,*,#2943,.T.);
#3983=ORIENTED_EDGE('',*,*,#2944,.T.);
#3984=ORIENTED_EDGE('',*,*,#2926,.T.);
#3985=ORIENTED_EDGE('',*,*,#2945,.F.);
#3986=ORIENTED_EDGE('',*,*,#2946,.F.);
#3987=ORIENTED_EDGE('',*,*,#2917,.T.);
#3988=ORIENTED_EDGE('',*,*,#2920,.F.);
#3989=ORIENTED_EDGE('',*,*,#2922,.T.);
#3990=ORIENTED_EDGE('',*,*,#2903,.T.);
#3991=ORIENTED_EDGE('',*,*,#2947,.T.);
#3992=ORIENTED_EDGE('',*,*,#2943,.F.);
#3993=ORIENTED_EDGE('',*,*,#2940,.T.);
#3994=ORIENTED_EDGE('',*,*,#2902,.T.);
#3995=ORIENTED_EDGE('',*,*,#2927,.F.);
#3996=ORIENTED_EDGE('',*,*,#2944,.F.);
#3997=ORIENTED_EDGE('',*,*,#2947,.F.);
#3998=ORIENTED_EDGE('',*,*,#2910,.T.);
#3999=ORIENTED_EDGE('',*,*,#2948,.F.);
#4000=ORIENTED_EDGE('',*,*,#2949,.T.);
#4001=ORIENTED_EDGE('',*,*,#2950,.F.);
#4002=ORIENTED_EDGE('',*,*,#2928,.F.);
#4003=ORIENTED_EDGE('',*,*,#2906,.T.);
#4004=ORIENTED_EDGE('',*,*,#2939,.F.);
#4005=ORIENTED_EDGE('',*,*,#2942,.T.);
#4006=ORIENTED_EDGE('',*,*,#2923,.T.);
#4007=ORIENTED_EDGE('',*,*,#2915,.T.);
#4008=ORIENTED_EDGE('',*,*,#2918,.T.);
#4009=ORIENTED_EDGE('',*,*,#2946,.T.);
#4010=ORIENTED_EDGE('',*,*,#2951,.F.);
#4011=ORIENTED_EDGE('',*,*,#2952,.F.);
#4012=ORIENTED_EDGE('',*,*,#2953,.T.);
#4013=ORIENTED_EDGE('',*,*,#2954,.F.);
#4014=ORIENTED_EDGE('',*,*,#2955,.F.);
#4015=ORIENTED_EDGE('',*,*,#2956,.F.);
#4016=ORIENTED_EDGE('',*,*,#2957,.F.);
#4017=ORIENTED_EDGE('',*,*,#2932,.T.);
#4018=ORIENTED_EDGE('',*,*,#2958,.T.);
#4019=ORIENTED_EDGE('',*,*,#2959,.T.);
#4020=ORIENTED_EDGE('',*,*,#2960,.T.);
#4021=ORIENTED_EDGE('',*,*,#2961,.T.);
#4022=ORIENTED_EDGE('',*,*,#2952,.T.);
#4023=ORIENTED_EDGE('',*,*,#2962,.T.);
#4024=ORIENTED_EDGE('',*,*,#2963,.T.);
#4025=ORIENTED_EDGE('',*,*,#2964,.T.);
#4026=ORIENTED_EDGE('',*,*,#2965,.T.);
#4027=ORIENTED_EDGE('',*,*,#2966,.T.);
#4028=ORIENTED_EDGE('',*,*,#2967,.T.);
#4029=ORIENTED_EDGE('',*,*,#2968,.F.);
#4030=ORIENTED_EDGE('',*,*,#2969,.F.);
#4031=ORIENTED_EDGE('',*,*,#2953,.F.);
#4032=ORIENTED_EDGE('',*,*,#2961,.F.);
#4033=ORIENTED_EDGE('',*,*,#2970,.T.);
#4034=ORIENTED_EDGE('',*,*,#2971,.F.);
#4035=ORIENTED_EDGE('',*,*,#2970,.F.);
#4036=ORIENTED_EDGE('',*,*,#2967,.F.);
#4037=ORIENTED_EDGE('',*,*,#2972,.T.);
#4038=ORIENTED_EDGE('',*,*,#2973,.F.);
#4039=ORIENTED_EDGE('',*,*,#2972,.F.);
#4040=ORIENTED_EDGE('',*,*,#2966,.F.);
#4041=ORIENTED_EDGE('',*,*,#2974,.F.);
#4042=ORIENTED_EDGE('',*,*,#2975,.F.);
#4043=ORIENTED_EDGE('',*,*,#2974,.T.);
#4044=ORIENTED_EDGE('',*,*,#2965,.F.);
#4045=ORIENTED_EDGE('',*,*,#2976,.T.);
#4046=ORIENTED_EDGE('',*,*,#2977,.F.);
#4047=ORIENTED_EDGE('',*,*,#2976,.F.);
#4048=ORIENTED_EDGE('',*,*,#2964,.F.);
#4049=ORIENTED_EDGE('',*,*,#2978,.T.);
#4050=ORIENTED_EDGE('',*,*,#2979,.F.);
#4051=ORIENTED_EDGE('',*,*,#2978,.F.);
#4052=ORIENTED_EDGE('',*,*,#2963,.F.);
#4053=ORIENTED_EDGE('',*,*,#2980,.T.);
#4054=ORIENTED_EDGE('',*,*,#2981,.F.);
#4055=ORIENTED_EDGE('',*,*,#2980,.F.);
#4056=ORIENTED_EDGE('',*,*,#2962,.F.);
#4057=ORIENTED_EDGE('',*,*,#2955,.T.);
#4058=ORIENTED_EDGE('',*,*,#2982,.F.);
#4059=ORIENTED_EDGE('',*,*,#2981,.T.);
#4060=ORIENTED_EDGE('',*,*,#2983,.T.);
#4061=ORIENTED_EDGE('',*,*,#2984,.F.);
#4062=ORIENTED_EDGE('',*,*,#2985,.T.);
#4063=ORIENTED_EDGE('',*,*,#2986,.T.);
#4064=ORIENTED_EDGE('',*,*,#2987,.F.);
#4065=ORIENTED_EDGE('',*,*,#2930,.F.);
#4066=ORIENTED_EDGE('',*,*,#2988,.T.);
#4067=ORIENTED_EDGE('',*,*,#2968,.T.);
#4068=ORIENTED_EDGE('',*,*,#2971,.T.);
#4069=ORIENTED_EDGE('',*,*,#2973,.T.);
#4070=ORIENTED_EDGE('',*,*,#2975,.T.);
#4071=ORIENTED_EDGE('',*,*,#2977,.T.);
#4072=ORIENTED_EDGE('',*,*,#2979,.T.);
#4073=ORIENTED_EDGE('',*,*,#2989,.T.);
#4074=ORIENTED_EDGE('',*,*,#2990,.F.);
#4075=ORIENTED_EDGE('',*,*,#2991,.F.);
#4076=ORIENTED_EDGE('',*,*,#2933,.T.);
#4077=ORIENTED_EDGE('',*,*,#2957,.T.);
#4078=ORIENTED_EDGE('',*,*,#2992,.T.);
#4079=ORIENTED_EDGE('',*,*,#2960,.F.);
#4080=ORIENTED_EDGE('',*,*,#2993,.F.);
#4081=ORIENTED_EDGE('',*,*,#2985,.F.);
#4082=ORIENTED_EDGE('',*,*,#2994,.F.);
#4083=ORIENTED_EDGE('',*,*,#2986,.F.);
#4084=ORIENTED_EDGE('',*,*,#2993,.T.);
#4085=ORIENTED_EDGE('',*,*,#2959,.F.);
#4086=ORIENTED_EDGE('',*,*,#2994,.T.);
#4087=ORIENTED_EDGE('',*,*,#2958,.F.);
#4088=ORIENTED_EDGE('',*,*,#2931,.F.);
#4089=ORIENTED_EDGE('',*,*,#2987,.T.);
#4090=ORIENTED_EDGE('',*,*,#2949,.F.);
#4091=ORIENTED_EDGE('',*,*,#2995,.F.);
#4092=ORIENTED_EDGE('',*,*,#2989,.F.);
#4093=ORIENTED_EDGE('',*,*,#2956,.T.);
#4094=ORIENTED_EDGE('',*,*,#2992,.F.);
#4095=ORIENTED_EDGE('',*,*,#2984,.T.);
#4096=ORIENTED_EDGE('',*,*,#2996,.F.);
#4097=ORIENTED_EDGE('',*,*,#2909,.T.);
#4098=ORIENTED_EDGE('',*,*,#2997,.T.);
#4099=ORIENTED_EDGE('',*,*,#2998,.T.);
#4100=ORIENTED_EDGE('',*,*,#2999,.T.);
#4101=ORIENTED_EDGE('',*,*,#2990,.T.);
#4102=ORIENTED_EDGE('',*,*,#2995,.T.);
#4103=ORIENTED_EDGE('',*,*,#2948,.T.);
#4104=ORIENTED_EDGE('',*,*,#2969,.T.);
#4105=ORIENTED_EDGE('',*,*,#2988,.F.);
#4106=ORIENTED_EDGE('',*,*,#2929,.F.);
#4107=ORIENTED_EDGE('',*,*,#2950,.T.);
#4108=ORIENTED_EDGE('',*,*,#2996,.T.);
#4109=ORIENTED_EDGE('',*,*,#2983,.F.);
#4110=ORIENTED_EDGE('',*,*,#2982,.T.);
#4111=ORIENTED_EDGE('',*,*,#2954,.T.);
#4112=ORIENTED_EDGE('',*,*,#2934,.T.);
#4113=ORIENTED_EDGE('',*,*,#2991,.T.);
#4114=ORIENTED_EDGE('',*,*,#2999,.F.);
#4115=ORIENTED_EDGE('',*,*,#3000,.F.);
#4116=ORIENTED_EDGE('',*,*,#2935,.T.);
#4117=ORIENTED_EDGE('',*,*,#3000,.T.);
#4118=ORIENTED_EDGE('',*,*,#2998,.F.);
#4119=ORIENTED_EDGE('',*,*,#3001,.F.);
#4120=ORIENTED_EDGE('',*,*,#2908,.T.);
#4121=ORIENTED_EDGE('',*,*,#2951,.T.);
#4122=ORIENTED_EDGE('',*,*,#2945,.T.);
#4123=ORIENTED_EDGE('',*,*,#2925,.T.);
#4124=ORIENTED_EDGE('',*,*,#2900,.T.);
#4125=ORIENTED_EDGE('',*,*,#2936,.T.);
#4126=ORIENTED_EDGE('',*,*,#3001,.T.);
#4127=ORIENTED_EDGE('',*,*,#2997,.F.);
#4128=ORIENTED_EDGE('',*,*,#3002,.F.);
#4129=ORIENTED_EDGE('',*,*,#3003,.T.);
#4130=ORIENTED_EDGE('',*,*,#3004,.F.);
#4131=ORIENTED_EDGE('',*,*,#3003,.F.);
#4132=ORIENTED_EDGE('',*,*,#3005,.T.);
#4133=ORIENTED_EDGE('',*,*,#3006,.T.);
#4134=ORIENTED_EDGE('',*,*,#3007,.F.);
#4135=ORIENTED_EDGE('',*,*,#3008,.F.);
#4136=ORIENTED_EDGE('',*,*,#3009,.T.);
#4137=ORIENTED_EDGE('',*,*,#3008,.T.);
#4138=ORIENTED_EDGE('',*,*,#3010,.F.);
#4139=ORIENTED_EDGE('',*,*,#3011,.F.);
#4140=ORIENTED_EDGE('',*,*,#3012,.T.);
#4141=ORIENTED_EDGE('',*,*,#3011,.T.);
#4142=ORIENTED_EDGE('',*,*,#3013,.F.);
#4143=ORIENTED_EDGE('',*,*,#3014,.F.);
#4144=ORIENTED_EDGE('',*,*,#3015,.T.);
#4145=ORIENTED_EDGE('',*,*,#3014,.T.);
#4146=ORIENTED_EDGE('',*,*,#3016,.F.);
#4147=ORIENTED_EDGE('',*,*,#3017,.F.);
#4148=ORIENTED_EDGE('',*,*,#3018,.F.);
#4149=ORIENTED_EDGE('',*,*,#3017,.T.);
#4150=ORIENTED_EDGE('',*,*,#3019,.F.);
#4151=ORIENTED_EDGE('',*,*,#3020,.F.);
#4152=ORIENTED_EDGE('',*,*,#3021,.T.);
#4153=ORIENTED_EDGE('',*,*,#3020,.T.);
#4154=ORIENTED_EDGE('',*,*,#3022,.F.);
#4155=ORIENTED_EDGE('',*,*,#3023,.F.);
#4156=ORIENTED_EDGE('',*,*,#3024,.F.);
#4157=ORIENTED_EDGE('',*,*,#3023,.T.);
#4158=ORIENTED_EDGE('',*,*,#3025,.F.);
#4159=ORIENTED_EDGE('',*,*,#3006,.F.);
#4160=ORIENTED_EDGE('',*,*,#3024,.T.);
#4161=ORIENTED_EDGE('',*,*,#3005,.F.);
#4162=ORIENTED_EDGE('',*,*,#3009,.F.);
#4163=ORIENTED_EDGE('',*,*,#3012,.F.);
#4164=ORIENTED_EDGE('',*,*,#3015,.F.);
#4165=ORIENTED_EDGE('',*,*,#3018,.T.);
#4166=ORIENTED_EDGE('',*,*,#3021,.F.);
#4167=ORIENTED_EDGE('',*,*,#3004,.T.);
#4168=ORIENTED_EDGE('',*,*,#3025,.T.);
#4169=ORIENTED_EDGE('',*,*,#3022,.T.);
#4170=ORIENTED_EDGE('',*,*,#3019,.T.);
#4171=ORIENTED_EDGE('',*,*,#3016,.T.);
#4172=ORIENTED_EDGE('',*,*,#3013,.T.);
#4173=ORIENTED_EDGE('',*,*,#3010,.T.);
#4174=ORIENTED_EDGE('',*,*,#3007,.T.);
#4175=ORIENTED_EDGE('',*,*,#3002,.T.);
#4176=ORIENTED_EDGE('',*,*,#3026,.F.);
#4177=ORIENTED_EDGE('',*,*,#3027,.T.);
#4178=ORIENTED_EDGE('',*,*,#3028,.F.);
#4179=ORIENTED_EDGE('',*,*,#3027,.F.);
#4180=ORIENTED_EDGE('',*,*,#3029,.F.);
#4181=ORIENTED_EDGE('',*,*,#3030,.T.);
#4182=ORIENTED_EDGE('',*,*,#3031,.F.);
#4183=ORIENTED_EDGE('',*,*,#3030,.F.);
#4184=ORIENTED_EDGE('',*,*,#3029,.T.);
#4185=ORIENTED_EDGE('',*,*,#3026,.T.);
#4186=ORIENTED_EDGE('',*,*,#3032,.F.);
#4187=ORIENTED_EDGE('',*,*,#3033,.F.);
#4188=ORIENTED_EDGE('',*,*,#3034,.F.);
#4189=ORIENTED_EDGE('',*,*,#3035,.F.);
#4190=ORIENTED_EDGE('',*,*,#3036,.F.);
#4191=ORIENTED_EDGE('',*,*,#3031,.T.);
#4192=ORIENTED_EDGE('',*,*,#3033,.T.);
#4193=ORIENTED_EDGE('',*,*,#3037,.F.);
#4194=ORIENTED_EDGE('',*,*,#3038,.F.);
#4195=ORIENTED_EDGE('',*,*,#3039,.F.);
#4196=ORIENTED_EDGE('',*,*,#3034,.T.);
#4197=ORIENTED_EDGE('',*,*,#3039,.T.);
#4198=ORIENTED_EDGE('',*,*,#3040,.F.);
#4199=ORIENTED_EDGE('',*,*,#3041,.F.);
#4200=ORIENTED_EDGE('',*,*,#3035,.T.);
#4201=ORIENTED_EDGE('',*,*,#3041,.T.);
#4202=ORIENTED_EDGE('',*,*,#3042,.F.);
#4203=ORIENTED_EDGE('',*,*,#3043,.F.);
#4204=ORIENTED_EDGE('',*,*,#3042,.T.);
#4205=ORIENTED_EDGE('',*,*,#3040,.T.);
#4206=ORIENTED_EDGE('',*,*,#3038,.T.);
#4207=ORIENTED_EDGE('',*,*,#3044,.F.);
#4208=ORIENTED_EDGE('',*,*,#3045,.F.);
#4209=ORIENTED_EDGE('',*,*,#3046,.T.);
#4210=ORIENTED_EDGE('',*,*,#3036,.T.);
#4211=ORIENTED_EDGE('',*,*,#3043,.T.);
#4212=ORIENTED_EDGE('',*,*,#3044,.T.);
#4213=ORIENTED_EDGE('',*,*,#3037,.T.);
#4214=ORIENTED_EDGE('',*,*,#3032,.T.);
#4215=ORIENTED_EDGE('',*,*,#3046,.F.);
#4216=ORIENTED_EDGE('',*,*,#3047,.F.);
#4217=ORIENTED_EDGE('',*,*,#3048,.T.);
#4218=ORIENTED_EDGE('',*,*,#3049,.T.);
#4219=ORIENTED_EDGE('',*,*,#3048,.F.);
#4220=ORIENTED_EDGE('',*,*,#3050,.F.);
#4221=ORIENTED_EDGE('',*,*,#3047,.T.);
#4222=ORIENTED_EDGE('',*,*,#3051,.F.);
#4223=ORIENTED_EDGE('',*,*,#3052,.T.);
#4224=ORIENTED_EDGE('',*,*,#3050,.T.);
#4225=ORIENTED_EDGE('',*,*,#3052,.F.);
#4226=ORIENTED_EDGE('',*,*,#3045,.T.);
#4227=ORIENTED_EDGE('',*,*,#3051,.T.);
#4228=ORIENTED_EDGE('',*,*,#3028,.T.);
#4229=ORIENTED_EDGE('',*,*,#3049,.F.);
#4230=ORIENTED_EDGE('',*,*,#3053,.F.);
#4231=ORIENTED_EDGE('',*,*,#3054,.T.);
#4232=ORIENTED_EDGE('',*,*,#3055,.T.);
#4233=ORIENTED_EDGE('',*,*,#3054,.F.);
#4234=ORIENTED_EDGE('',*,*,#3056,.T.);
#4235=ORIENTED_EDGE('',*,*,#3057,.T.);
#4236=ORIENTED_EDGE('',*,*,#3058,.T.);
#4237=ORIENTED_EDGE('',*,*,#3059,.T.);
#4238=ORIENTED_EDGE('',*,*,#3060,.T.);
#4239=ORIENTED_EDGE('',*,*,#3061,.T.);
#4240=ORIENTED_EDGE('',*,*,#3062,.F.);
#4241=ORIENTED_EDGE('',*,*,#3063,.F.);
#4242=ORIENTED_EDGE('',*,*,#3064,.F.);
#4243=ORIENTED_EDGE('',*,*,#3058,.F.);
#4244=ORIENTED_EDGE('',*,*,#3065,.F.);
#4245=ORIENTED_EDGE('',*,*,#3066,.F.);
#4246=ORIENTED_EDGE('',*,*,#3067,.F.);
#4247=ORIENTED_EDGE('',*,*,#3068,.T.);
#4248=ORIENTED_EDGE('',*,*,#3069,.F.);
#4249=ORIENTED_EDGE('',*,*,#3070,.F.);
#4250=ORIENTED_EDGE('',*,*,#3071,.T.);
#4251=ORIENTED_EDGE('',*,*,#3072,.F.);
#4252=ORIENTED_EDGE('',*,*,#3073,.F.);
#4253=ORIENTED_EDGE('',*,*,#3074,.F.);
#4254=ORIENTED_EDGE('',*,*,#3075,.F.);
#4255=ORIENTED_EDGE('',*,*,#3076,.F.);
#4256=ORIENTED_EDGE('',*,*,#3077,.T.);
#4257=ORIENTED_EDGE('',*,*,#3078,.F.);
#4258=ORIENTED_EDGE('',*,*,#3079,.T.);
#4259=ORIENTED_EDGE('',*,*,#3080,.F.);
#4260=ORIENTED_EDGE('',*,*,#3081,.T.);
#4261=ORIENTED_EDGE('',*,*,#3082,.F.);
#4262=ORIENTED_EDGE('',*,*,#3083,.T.);
#4263=ORIENTED_EDGE('',*,*,#3084,.T.);
#4264=ORIENTED_EDGE('',*,*,#3085,.T.);
#4265=ORIENTED_EDGE('',*,*,#3086,.F.);
#4266=ORIENTED_EDGE('',*,*,#3087,.T.);
#4267=ORIENTED_EDGE('',*,*,#3088,.T.);
#4268=ORIENTED_EDGE('',*,*,#3089,.T.);
#4269=ORIENTED_EDGE('',*,*,#3063,.T.);
#4270=ORIENTED_EDGE('',*,*,#3090,.F.);
#4271=ORIENTED_EDGE('',*,*,#3091,.F.);
#4272=ORIENTED_EDGE('',*,*,#3092,.F.);
#4273=ORIENTED_EDGE('',*,*,#3093,.F.);
#4274=ORIENTED_EDGE('',*,*,#3094,.F.);
#4275=ORIENTED_EDGE('',*,*,#3095,.F.);
#4276=ORIENTED_EDGE('',*,*,#3096,.F.);
#4277=ORIENTED_EDGE('',*,*,#3097,.F.);
#4278=ORIENTED_EDGE('',*,*,#3098,.T.);
#4279=ORIENTED_EDGE('',*,*,#3099,.T.);
#4280=ORIENTED_EDGE('',*,*,#3056,.F.);
#4281=ORIENTED_EDGE('',*,*,#3100,.F.);
#4282=ORIENTED_EDGE('',*,*,#3101,.T.);
#4283=ORIENTED_EDGE('',*,*,#3102,.T.);
#4284=ORIENTED_EDGE('',*,*,#3103,.F.);
#4285=ORIENTED_EDGE('',*,*,#3104,.F.);
#4286=ORIENTED_EDGE('',*,*,#3060,.F.);
#4287=ORIENTED_EDGE('',*,*,#3105,.F.);
#4288=ORIENTED_EDGE('',*,*,#3106,.F.);
#4289=ORIENTED_EDGE('',*,*,#3107,.F.);
#4290=ORIENTED_EDGE('',*,*,#3108,.T.);
#4291=ORIENTED_EDGE('',*,*,#3109,.F.);
#4292=ORIENTED_EDGE('',*,*,#3110,.T.);
#4293=ORIENTED_EDGE('',*,*,#3111,.F.);
#4294=ORIENTED_EDGE('',*,*,#3112,.F.);
#4295=ORIENTED_EDGE('',*,*,#3113,.F.);
#4296=ORIENTED_EDGE('',*,*,#3114,.T.);
#4297=ORIENTED_EDGE('',*,*,#3115,.F.);
#4298=ORIENTED_EDGE('',*,*,#3116,.T.);
#4299=ORIENTED_EDGE('',*,*,#3117,.T.);
#4300=ORIENTED_EDGE('',*,*,#3118,.F.);
#4301=ORIENTED_EDGE('',*,*,#3119,.T.);
#4302=ORIENTED_EDGE('',*,*,#3120,.F.);
#4303=ORIENTED_EDGE('',*,*,#3121,.F.);
#4304=ORIENTED_EDGE('',*,*,#3122,.F.);
#4305=ORIENTED_EDGE('',*,*,#3123,.F.);
#4306=ORIENTED_EDGE('',*,*,#3124,.T.);
#4307=ORIENTED_EDGE('',*,*,#3125,.T.);
#4308=ORIENTED_EDGE('',*,*,#3126,.T.);
#4309=ORIENTED_EDGE('',*,*,#3127,.T.);
#4310=ORIENTED_EDGE('',*,*,#3128,.F.);
#4311=ORIENTED_EDGE('',*,*,#3129,.F.);
#4312=ORIENTED_EDGE('',*,*,#3130,.F.);
#4313=ORIENTED_EDGE('',*,*,#3131,.F.);
#4314=ORIENTED_EDGE('',*,*,#3120,.T.);
#4315=ORIENTED_EDGE('',*,*,#3132,.F.);
#4316=ORIENTED_EDGE('',*,*,#3083,.F.);
#4317=ORIENTED_EDGE('',*,*,#3133,.T.);
#4318=ORIENTED_EDGE('',*,*,#3123,.T.);
#4319=ORIENTED_EDGE('',*,*,#3134,.F.);
#4320=ORIENTED_EDGE('',*,*,#3084,.F.);
#4321=ORIENTED_EDGE('',*,*,#3132,.T.);
#4322=ORIENTED_EDGE('',*,*,#3122,.T.);
#4323=ORIENTED_EDGE('',*,*,#3135,.F.);
#4324=ORIENTED_EDGE('',*,*,#3085,.F.);
#4325=ORIENTED_EDGE('',*,*,#3134,.T.);
#4326=ORIENTED_EDGE('',*,*,#3124,.F.);
#4327=ORIENTED_EDGE('',*,*,#3136,.F.);
#4328=ORIENTED_EDGE('',*,*,#3073,.T.);
#4329=ORIENTED_EDGE('',*,*,#3137,.T.);
#4330=ORIENTED_EDGE('',*,*,#3127,.F.);
#4331=ORIENTED_EDGE('',*,*,#3138,.F.);
#4332=ORIENTED_EDGE('',*,*,#3074,.T.);
#4333=ORIENTED_EDGE('',*,*,#3136,.T.);
#4334=ORIENTED_EDGE('',*,*,#3126,.F.);
#4335=ORIENTED_EDGE('',*,*,#3139,.F.);
#4336=ORIENTED_EDGE('',*,*,#3075,.T.);
#4337=ORIENTED_EDGE('',*,*,#3138,.T.);
#4338=ORIENTED_EDGE('',*,*,#3110,.F.);
#4339=ORIENTED_EDGE('',*,*,#3140,.F.);
#4340=ORIENTED_EDGE('',*,*,#3078,.T.);
#4341=ORIENTED_EDGE('',*,*,#3141,.T.);
#4342=ORIENTED_EDGE('',*,*,#3109,.T.);
#4343=ORIENTED_EDGE('',*,*,#3142,.F.);
#4344=ORIENTED_EDGE('',*,*,#3079,.F.);
#4345=ORIENTED_EDGE('',*,*,#3140,.T.);
#4346=ORIENTED_EDGE('',*,*,#3108,.F.);
#4347=ORIENTED_EDGE('',*,*,#3143,.F.);
#4348=ORIENTED_EDGE('',*,*,#3080,.T.);
#4349=ORIENTED_EDGE('',*,*,#3142,.T.);
#4350=ORIENTED_EDGE('',*,*,#3107,.T.);
#4351=ORIENTED_EDGE('',*,*,#3144,.F.);
#4352=ORIENTED_EDGE('',*,*,#3087,.F.);
#4353=ORIENTED_EDGE('',*,*,#3145,.F.);
#4354=ORIENTED_EDGE('',*,*,#3081,.F.);
#4355=ORIENTED_EDGE('',*,*,#3143,.T.);
#4356=ORIENTED_EDGE('',*,*,#3106,.T.);
#4357=ORIENTED_EDGE('',*,*,#3146,.F.);
#4358=ORIENTED_EDGE('',*,*,#3088,.F.);
#4359=ORIENTED_EDGE('',*,*,#3144,.T.);
#4360=ORIENTED_EDGE('',*,*,#3059,.F.);
#4361=ORIENTED_EDGE('',*,*,#3064,.T.);
#4362=ORIENTED_EDGE('',*,*,#3089,.F.);
#4363=ORIENTED_EDGE('',*,*,#3146,.T.);
#4364=ORIENTED_EDGE('',*,*,#3105,.T.);
#4365=ORIENTED_EDGE('',*,*,#3147,.T.);
#4366=ORIENTED_EDGE('',*,*,#3148,.F.);
#4367=ORIENTED_EDGE('',*,*,#3118,.T.);
#4368=ORIENTED_EDGE('',*,*,#3149,.F.);
#4369=ORIENTED_EDGE('',*,*,#3069,.T.);
#4370=ORIENTED_EDGE('',*,*,#3150,.T.);
#4371=ORIENTED_EDGE('',*,*,#3149,.T.);
#4372=ORIENTED_EDGE('',*,*,#3117,.F.);
#4373=ORIENTED_EDGE('',*,*,#3151,.F.);
#4374=ORIENTED_EDGE('',*,*,#3116,.F.);
#4375=ORIENTED_EDGE('',*,*,#3152,.F.);
#4376=ORIENTED_EDGE('',*,*,#3070,.T.);
#4377=ORIENTED_EDGE('',*,*,#3151,.T.);
#4378=ORIENTED_EDGE('',*,*,#3153,.F.);
#4379=ORIENTED_EDGE('',*,*,#3154,.T.);
#4380=ORIENTED_EDGE('',*,*,#3139,.T.);
#4381=ORIENTED_EDGE('',*,*,#3125,.F.);
#4382=ORIENTED_EDGE('',*,*,#3137,.F.);
#4383=ORIENTED_EDGE('',*,*,#3155,.F.);
#4384=ORIENTED_EDGE('',*,*,#3115,.T.);
#4385=ORIENTED_EDGE('',*,*,#3156,.T.);
#4386=ORIENTED_EDGE('',*,*,#3157,.T.);
#4387=ORIENTED_EDGE('',*,*,#3158,.F.);
#4388=ORIENTED_EDGE('',*,*,#3111,.T.);
#4389=ORIENTED_EDGE('',*,*,#3141,.F.);
#4390=ORIENTED_EDGE('',*,*,#3077,.F.);
#4391=ORIENTED_EDGE('',*,*,#3159,.F.);
#4392=ORIENTED_EDGE('',*,*,#3071,.F.);
#4393=ORIENTED_EDGE('',*,*,#3152,.T.);
#4394=ORIENTED_EDGE('',*,*,#3055,.F.);
#4395=ORIENTED_EDGE('',*,*,#3160,.F.);
#4396=ORIENTED_EDGE('',*,*,#3161,.T.);
#4397=ORIENTED_EDGE('',*,*,#3162,.T.);
#4398=ORIENTED_EDGE('',*,*,#3135,.T.);
#4399=ORIENTED_EDGE('',*,*,#3121,.T.);
#4400=ORIENTED_EDGE('',*,*,#3133,.F.);
#4401=ORIENTED_EDGE('',*,*,#3091,.T.);
#4402=ORIENTED_EDGE('',*,*,#3163,.F.);
#4403=ORIENTED_EDGE('',*,*,#3164,.F.);
#4404=ORIENTED_EDGE('',*,*,#3165,.T.);
#4405=ORIENTED_EDGE('',*,*,#3166,.F.);
#4406=ORIENTED_EDGE('',*,*,#3167,.T.);
#4407=ORIENTED_EDGE('',*,*,#3168,.F.);
#4408=ORIENTED_EDGE('',*,*,#3163,.T.);
#4409=ORIENTED_EDGE('',*,*,#3090,.T.);
#4410=ORIENTED_EDGE('',*,*,#3169,.F.);
#4411=ORIENTED_EDGE('',*,*,#3170,.T.);
#4412=ORIENTED_EDGE('',*,*,#3166,.T.);
#4413=ORIENTED_EDGE('',*,*,#3093,.T.);
#4414=ORIENTED_EDGE('',*,*,#3171,.F.);
#4415=ORIENTED_EDGE('',*,*,#3172,.T.);
#4416=ORIENTED_EDGE('',*,*,#3169,.T.);
#4417=ORIENTED_EDGE('',*,*,#3092,.T.);
#4418=ORIENTED_EDGE('',*,*,#3165,.F.);
#4419=ORIENTED_EDGE('',*,*,#3168,.T.);
#4420=ORIENTED_EDGE('',*,*,#3173,.T.);
#4421=ORIENTED_EDGE('',*,*,#3171,.T.);
#4422=ORIENTED_EDGE('',*,*,#3164,.T.);
#4423=ORIENTED_EDGE('',*,*,#3174,.F.);
#4424=ORIENTED_EDGE('',*,*,#3175,.T.);
#4425=ORIENTED_EDGE('',*,*,#3176,.F.);
#4426=ORIENTED_EDGE('',*,*,#3177,.T.);
#4427=ORIENTED_EDGE('',*,*,#3095,.T.);
#4428=ORIENTED_EDGE('',*,*,#3178,.F.);
#4429=ORIENTED_EDGE('',*,*,#3179,.T.);
#4430=ORIENTED_EDGE('',*,*,#3174,.T.);
#4431=ORIENTED_EDGE('',*,*,#3094,.T.);
#4432=ORIENTED_EDGE('',*,*,#3180,.F.);
#4433=ORIENTED_EDGE('',*,*,#3181,.T.);
#4434=ORIENTED_EDGE('',*,*,#3178,.T.);
#4435=ORIENTED_EDGE('',*,*,#3097,.T.);
#4436=ORIENTED_EDGE('',*,*,#3182,.F.);
#4437=ORIENTED_EDGE('',*,*,#3096,.T.);
#4438=ORIENTED_EDGE('',*,*,#3177,.F.);
#4439=ORIENTED_EDGE('',*,*,#3183,.F.);
#4440=ORIENTED_EDGE('',*,*,#3182,.T.);
#4441=ORIENTED_EDGE('',*,*,#3176,.T.);
#4442=ORIENTED_EDGE('',*,*,#3184,.T.);
#4443=ORIENTED_EDGE('',*,*,#3180,.T.);
#4444=ORIENTED_EDGE('',*,*,#3183,.T.);
#4445=ORIENTED_EDGE('',*,*,#3175,.F.);
#4446=ORIENTED_EDGE('',*,*,#3179,.F.);
#4447=ORIENTED_EDGE('',*,*,#3181,.F.);
#4448=ORIENTED_EDGE('',*,*,#3184,.F.);
#4449=ORIENTED_EDGE('',*,*,#3167,.F.);
#4450=ORIENTED_EDGE('',*,*,#3170,.F.);
#4451=ORIENTED_EDGE('',*,*,#3172,.F.);
#4452=ORIENTED_EDGE('',*,*,#3173,.F.);
#4453=ORIENTED_EDGE('',*,*,#3128,.T.);
#4454=ORIENTED_EDGE('',*,*,#3185,.F.);
#4455=ORIENTED_EDGE('',*,*,#3186,.F.);
#4456=ORIENTED_EDGE('',*,*,#3187,.T.);
#4457=ORIENTED_EDGE('',*,*,#3131,.T.);
#4458=ORIENTED_EDGE('',*,*,#3188,.F.);
#4459=ORIENTED_EDGE('',*,*,#3189,.F.);
#4460=ORIENTED_EDGE('',*,*,#3185,.T.);
#4461=ORIENTED_EDGE('',*,*,#3130,.T.);
#4462=ORIENTED_EDGE('',*,*,#3190,.F.);
#4463=ORIENTED_EDGE('',*,*,#3191,.F.);
#4464=ORIENTED_EDGE('',*,*,#3188,.T.);
#4465=ORIENTED_EDGE('',*,*,#3129,.T.);
#4466=ORIENTED_EDGE('',*,*,#3187,.F.);
#4467=ORIENTED_EDGE('',*,*,#3192,.F.);
#4468=ORIENTED_EDGE('',*,*,#3190,.T.);
#4469=ORIENTED_EDGE('',*,*,#3186,.T.);
#4470=ORIENTED_EDGE('',*,*,#3189,.T.);
#4471=ORIENTED_EDGE('',*,*,#3191,.T.);
#4472=ORIENTED_EDGE('',*,*,#3192,.T.);
#4473=ORIENTED_EDGE('',*,*,#3061,.F.);
#4474=ORIENTED_EDGE('',*,*,#3193,.F.);
#4475=ORIENTED_EDGE('',*,*,#3194,.F.);
#4476=ORIENTED_EDGE('',*,*,#3195,.F.);
#4477=ORIENTED_EDGE('',*,*,#3103,.T.);
#4478=ORIENTED_EDGE('',*,*,#3196,.T.);
#4479=ORIENTED_EDGE('',*,*,#3197,.F.);
#4480=ORIENTED_EDGE('',*,*,#3198,.F.);
#4481=ORIENTED_EDGE('',*,*,#3199,.T.);
#4482=ORIENTED_EDGE('',*,*,#3197,.T.);
#4483=ORIENTED_EDGE('',*,*,#3200,.F.);
#4484=ORIENTED_EDGE('',*,*,#3201,.T.);
#4485=ORIENTED_EDGE('',*,*,#3100,.T.);
#4486=ORIENTED_EDGE('',*,*,#3195,.T.);
#4487=ORIENTED_EDGE('',*,*,#3202,.F.);
#4488=ORIENTED_EDGE('',*,*,#3203,.F.);
#4489=ORIENTED_EDGE('',*,*,#3194,.T.);
#4490=ORIENTED_EDGE('',*,*,#3204,.F.);
#4491=ORIENTED_EDGE('',*,*,#3205,.F.);
#4492=ORIENTED_EDGE('',*,*,#3202,.T.);
#4493=ORIENTED_EDGE('',*,*,#3193,.T.);
#4494=ORIENTED_EDGE('',*,*,#3104,.T.);
#4495=ORIENTED_EDGE('',*,*,#3199,.F.);
#4496=ORIENTED_EDGE('',*,*,#3206,.F.);
#4497=ORIENTED_EDGE('',*,*,#3204,.T.);
#4498=ORIENTED_EDGE('',*,*,#3198,.T.);
#4499=ORIENTED_EDGE('',*,*,#3203,.T.);
#4500=ORIENTED_EDGE('',*,*,#3205,.T.);
#4501=ORIENTED_EDGE('',*,*,#3206,.T.);
#4502=ORIENTED_EDGE('',*,*,#3196,.F.);
#4503=ORIENTED_EDGE('',*,*,#3102,.F.);
#4504=ORIENTED_EDGE('',*,*,#3207,.T.);
#4505=ORIENTED_EDGE('',*,*,#3200,.T.);
#4506=ORIENTED_EDGE('',*,*,#3201,.F.);
#4507=ORIENTED_EDGE('',*,*,#3207,.F.);
#4508=ORIENTED_EDGE('',*,*,#3101,.F.);
#4509=ORIENTED_EDGE('',*,*,#3156,.F.);
#4510=ORIENTED_EDGE('',*,*,#3114,.F.);
#4511=ORIENTED_EDGE('',*,*,#3208,.T.);
#4512=ORIENTED_EDGE('',*,*,#3209,.T.);
#4513=ORIENTED_EDGE('',*,*,#3158,.T.);
#4514=ORIENTED_EDGE('',*,*,#3210,.F.);
#4515=ORIENTED_EDGE('',*,*,#3211,.F.);
#4516=ORIENTED_EDGE('',*,*,#3112,.T.);
#4517=ORIENTED_EDGE('',*,*,#3157,.F.);
#4518=ORIENTED_EDGE('',*,*,#3209,.F.);
#4519=ORIENTED_EDGE('',*,*,#3212,.T.);
#4520=ORIENTED_EDGE('',*,*,#3210,.T.);
#4521=ORIENTED_EDGE('',*,*,#3208,.F.);
#4522=ORIENTED_EDGE('',*,*,#3113,.T.);
#4523=ORIENTED_EDGE('',*,*,#3211,.T.);
#4524=ORIENTED_EDGE('',*,*,#3212,.F.);
#4525=ORIENTED_EDGE('',*,*,#3053,.T.);
#4526=ORIENTED_EDGE('',*,*,#3072,.T.);
#4527=ORIENTED_EDGE('',*,*,#3213,.T.);
#4528=ORIENTED_EDGE('',*,*,#3214,.F.);
#4529=ORIENTED_EDGE('',*,*,#3215,.F.);
#4530=ORIENTED_EDGE('',*,*,#3216,.T.);
#4531=ORIENTED_EDGE('',*,*,#3217,.T.);
#4532=ORIENTED_EDGE('',*,*,#3155,.T.);
#4533=ORIENTED_EDGE('',*,*,#3214,.T.);
#4534=ORIENTED_EDGE('',*,*,#3218,.T.);
#4535=ORIENTED_EDGE('',*,*,#3219,.F.);
#4536=ORIENTED_EDGE('',*,*,#3220,.F.);
#4537=ORIENTED_EDGE('',*,*,#3076,.T.);
#4538=ORIENTED_EDGE('',*,*,#3154,.F.);
#4539=ORIENTED_EDGE('',*,*,#3221,.T.);
#4540=ORIENTED_EDGE('',*,*,#3222,.T.);
#4541=ORIENTED_EDGE('',*,*,#3223,.F.);
#4542=ORIENTED_EDGE('',*,*,#3219,.T.);
#4543=ORIENTED_EDGE('',*,*,#3224,.T.);
#4544=ORIENTED_EDGE('',*,*,#3225,.T.);
#4545=ORIENTED_EDGE('',*,*,#3215,.T.);
#4546=ORIENTED_EDGE('',*,*,#3220,.T.);
#4547=ORIENTED_EDGE('',*,*,#3223,.T.);
#4548=ORIENTED_EDGE('',*,*,#3086,.T.);
#4549=ORIENTED_EDGE('',*,*,#3162,.F.);
#4550=ORIENTED_EDGE('',*,*,#3226,.T.);
#4551=ORIENTED_EDGE('',*,*,#3227,.T.);
#4552=ORIENTED_EDGE('',*,*,#3228,.F.);
#4553=ORIENTED_EDGE('',*,*,#3229,.T.);
#4554=ORIENTED_EDGE('',*,*,#3230,.T.);
#4555=ORIENTED_EDGE('',*,*,#3082,.T.);
#4556=ORIENTED_EDGE('',*,*,#3231,.T.);
#4557=ORIENTED_EDGE('',*,*,#3232,.F.);
#4558=ORIENTED_EDGE('',*,*,#3233,.F.);
#4559=ORIENTED_EDGE('',*,*,#3234,.T.);
#4560=ORIENTED_EDGE('',*,*,#3235,.T.);
#4561=ORIENTED_EDGE('',*,*,#3160,.T.);
#4562=ORIENTED_EDGE('',*,*,#3232,.T.);
#4563=ORIENTED_EDGE('',*,*,#3236,.T.);
#4564=ORIENTED_EDGE('',*,*,#3229,.F.);
#4565=ORIENTED_EDGE('',*,*,#3237,.F.);
#4566=ORIENTED_EDGE('',*,*,#3228,.T.);
#4567=ORIENTED_EDGE('',*,*,#3238,.T.);
#4568=ORIENTED_EDGE('',*,*,#3233,.T.);
#4569=ORIENTED_EDGE('',*,*,#3237,.T.);
#4570=ORIENTED_EDGE('',*,*,#3213,.F.);
#4571=ORIENTED_EDGE('',*,*,#3159,.T.);
#4572=ORIENTED_EDGE('',*,*,#3224,.F.);
#4573=ORIENTED_EDGE('',*,*,#3218,.F.);
#4574=ORIENTED_EDGE('',*,*,#3231,.F.);
#4575=ORIENTED_EDGE('',*,*,#3145,.T.);
#4576=ORIENTED_EDGE('',*,*,#3230,.F.);
#4577=ORIENTED_EDGE('',*,*,#3236,.F.);
#4578=ORIENTED_EDGE('',*,*,#3239,.F.);
#4579=ORIENTED_EDGE('',*,*,#3147,.F.);
#4580=ORIENTED_EDGE('',*,*,#3150,.F.);
#4581=ORIENTED_EDGE('',*,*,#3068,.F.);
#4582=ORIENTED_EDGE('',*,*,#3240,.T.);
#4583=ORIENTED_EDGE('',*,*,#3066,.T.);
#4584=ORIENTED_EDGE('',*,*,#3241,.F.);
#4585=ORIENTED_EDGE('',*,*,#3098,.F.);
#4586=ORIENTED_EDGE('',*,*,#3241,.T.);
#4587=ORIENTED_EDGE('',*,*,#3065,.T.);
#4588=ORIENTED_EDGE('',*,*,#3062,.T.);
#4589=ORIENTED_EDGE('',*,*,#3057,.F.);
#4590=ORIENTED_EDGE('',*,*,#3099,.F.);
#4591=ORIENTED_EDGE('',*,*,#3148,.T.);
#4592=ORIENTED_EDGE('',*,*,#3239,.T.);
#4593=ORIENTED_EDGE('',*,*,#3067,.T.);
#4594=ORIENTED_EDGE('',*,*,#3240,.F.);
#4595=ORIENTED_EDGE('',*,*,#3119,.F.);
#4596=ORIENTED_EDGE('',*,*,#3221,.F.);
#4597=ORIENTED_EDGE('',*,*,#3153,.T.);
#4598=ORIENTED_EDGE('',*,*,#3217,.F.);
#4599=ORIENTED_EDGE('',*,*,#3242,.F.);
#4600=ORIENTED_EDGE('',*,*,#3222,.F.);
#4601=ORIENTED_EDGE('',*,*,#3242,.T.);
#4602=ORIENTED_EDGE('',*,*,#3216,.F.);
#4603=ORIENTED_EDGE('',*,*,#3225,.F.);
#4604=ORIENTED_EDGE('',*,*,#3234,.F.);
#4605=ORIENTED_EDGE('',*,*,#3238,.F.);
#4606=ORIENTED_EDGE('',*,*,#3227,.F.);
#4607=ORIENTED_EDGE('',*,*,#3243,.F.);
#4608=ORIENTED_EDGE('',*,*,#3235,.F.);
#4609=ORIENTED_EDGE('',*,*,#3243,.T.);
#4610=ORIENTED_EDGE('',*,*,#3226,.F.);
#4611=ORIENTED_EDGE('',*,*,#3161,.F.);
#4612=CYLINDRICAL_SURFACE('',#5031,2.15);
#4613=CYLINDRICAL_SURFACE('',#5036,1.);
#4614=CYLINDRICAL_SURFACE('',#5040,1.5);
#4615=CYLINDRICAL_SURFACE('',#5042,2.5);
#4616=CYLINDRICAL_SURFACE('',#5045,3.5);
#4617=CYLINDRICAL_SURFACE('',#5065,2.);
#4618=CYLINDRICAL_SURFACE('',#5070,2.);
#4619=CYLINDRICAL_SURFACE('',#5075,2.);
#4620=CYLINDRICAL_SURFACE('',#5080,2.);
#4621=CYLINDRICAL_SURFACE('',#5084,3.2);
#4622=CYLINDRICAL_SURFACE('',#5088,3.2);
#4623=CYLINDRICAL_SURFACE('',#5092,3.2);
#4624=CYLINDRICAL_SURFACE('',#5096,3.2);
#4625=CYLINDRICAL_SURFACE('',#5106,1.);
#4626=CYLINDRICAL_SURFACE('',#5111,1.);
#4627=CYLINDRICAL_SURFACE('',#5116,1.);
#4628=CYLINDRICAL_SURFACE('',#5121,1.);
#4629=CYLINDRICAL_SURFACE('',#5126,1.1);
#4630=CYLINDRICAL_SURFACE('',#5128,1.1);
#4631=CYLINDRICAL_SURFACE('',#5130,3.);
#4632=CYLINDRICAL_SURFACE('',#5132,1.1);
#4633=CYLINDRICAL_SURFACE('',#5134,1.1);
#4634=CYLINDRICAL_SURFACE('',#5138,12.);
#4635=CYLINDRICAL_SURFACE('',#5141,11.);
#4636=CYLINDRICAL_SURFACE('',#5144,1.8);
#4637=CYLINDRICAL_SURFACE('',#5146,1.8);
#4638=CYLINDRICAL_SURFACE('',#5148,1.8);
#4639=CYLINDRICAL_SURFACE('',#5150,1.8);
#4640=CYLINDRICAL_SURFACE('',#5153,4.);
#4641=CYLINDRICAL_SURFACE('',#5157,4.);
#4642=CYLINDRICAL_SURFACE('',#5161,4.);
#4643=CYLINDRICAL_SURFACE('',#5165,4.);
#4644=CYLINDRICAL_SURFACE('',#5187,2.);
#4645=CYLINDRICAL_SURFACE('',#5190,2.);
#4646=CYLINDRICAL_SURFACE('',#5195,0.899999999999999);
#4647=CYLINDRICAL_SURFACE('',#5197,2.);
#4648=CYLINDRICAL_SURFACE('',#5200,0.9);
#4649=CYLINDRICAL_SURFACE('',#5202,2.);
#4650=CYLINDRICAL_SURFACE('',#5206,1.9);
#4651=CYLINDRICAL_SURFACE('',#5210,1.);
#4652=CYLINDRICAL_SURFACE('',#5212,5.9);
#4653=CYLINDRICAL_SURFACE('',#5215,1.00000000000002);
#4654=CYLINDRICAL_SURFACE('',#5217,3.25);
#4655=CYLINDRICAL_SURFACE('',#5243,2.5);
#4656=CYLINDRICAL_SURFACE('',#5246,1.);
#4657=CYLINDRICAL_SURFACE('',#5250,1.00000000000001);
#4658=CYLINDRICAL_SURFACE('',#5253,1.);
#4659=CYLINDRICAL_SURFACE('',#5257,1.00000000000005);
#4660=CYLINDRICAL_SURFACE('',#5259,5.);
#4661=CYLINDRICAL_SURFACE('',#5302,1.);
#4662=CYLINDRICAL_SURFACE('',#5306,1.00000000000001);
#4663=CYLINDRICAL_SURFACE('',#5309,1.00000000000004);
#4664=CYLINDRICAL_SURFACE('',#5312,0.999999999999999);
#4665=CYLINDRICAL_SURFACE('',#5319,10.0000000000001);
#4666=CYLINDRICAL_SURFACE('',#5327,3.75);
#4667=CYLINDRICAL_SURFACE('',#5331,2.);
#4668=CYLINDRICAL_SURFACE('',#5336,10.0000000000001);
#4669=CYLINDRICAL_SURFACE('',#5340,5.);
#4670=CYLINDRICAL_SURFACE('',#5346,1.9);
#4671=CYLINDRICAL_SURFACE('',#5349,2.75);
#4672=CYLINDRICAL_SURFACE('',#5358,2.);
#4673=CYLINDRICAL_SURFACE('',#5363,3.5);
#4674=CYLINDRICAL_SURFACE('',#5365,1.);
#4675=CYLINDRICAL_SURFACE('',#5370,1.9);
#4676=CYLINDRICAL_SURFACE('',#5375,2.5);
#4677=CYLINDRICAL_SURFACE('',#5392,8.5);
#4678=CYLINDRICAL_SURFACE('',#5394,8.5);
#4679=CYLINDRICAL_SURFACE('',#5432,4.5);
#4680=ADVANCED_FACE('',(#320),#4612,.F.);
#4681=ADVANCED_FACE('',(#321,#73),#125,.F.);
#4682=ADVANCED_FACE('',(#322),#4613,.F.);
#4683=ADVANCED_FACE('',(#323,#74),#126,.T.);
#4684=ADVANCED_FACE('',(#324),#4614,.F.);
#4685=ADVANCED_FACE('',(#325),#4615,.T.);
#4686=ADVANCED_FACE('',(#326),#4616,.T.);
#4687=ADVANCED_FACE('',(#327,#75),#127,.T.);
#4688=ADVANCED_FACE('',(#328,#76),#128,.F.);
#4689=ADVANCED_FACE('',(#329,#77),#129,.F.);
#4690=ADVANCED_FACE('',(#330),#130,.T.);
#4691=ADVANCED_FACE('',(#331),#131,.T.);
#4692=ADVANCED_FACE('',(#332),#4617,.T.);
#4693=ADVANCED_FACE('',(#333),#132,.T.);
#4694=ADVANCED_FACE('',(#334),#133,.T.);
#4695=ADVANCED_FACE('',(#335),#134,.T.);
#4696=ADVANCED_FACE('',(#336),#4618,.T.);
#4697=ADVANCED_FACE('',(#337),#135,.T.);
#4698=ADVANCED_FACE('',(#338),#136,.T.);
#4699=ADVANCED_FACE('',(#339),#137,.T.);
#4700=ADVANCED_FACE('',(#340),#4619,.T.);
#4701=ADVANCED_FACE('',(#341),#138,.T.);
#4702=ADVANCED_FACE('',(#342),#139,.T.);
#4703=ADVANCED_FACE('',(#343),#140,.T.);
#4704=ADVANCED_FACE('',(#344),#4620,.T.);
#4705=ADVANCED_FACE('',(#345),#141,.T.);
#4706=ADVANCED_FACE('',(#346),#4621,.T.);
#4707=ADVANCED_FACE('',(#347),#142,.F.);
#4708=ADVANCED_FACE('',(#348),#4622,.T.);
#4709=ADVANCED_FACE('',(#349),#143,.F.);
#4710=ADVANCED_FACE('',(#350),#4623,.T.);
#4711=ADVANCED_FACE('',(#351),#144,.F.);
#4712=ADVANCED_FACE('',(#352),#4624,.T.);
#4713=ADVANCED_FACE('',(#353),#145,.F.);
#4714=ADVANCED_FACE('',(#354,#78,#79,#80,#81,#82),#146,.T.);
#4715=ADVANCED_FACE('',(#355),#4625,.F.);
#4716=ADVANCED_FACE('',(#356,#83),#147,.T.);
#4717=ADVANCED_FACE('',(#357),#4626,.F.);
#4718=ADVANCED_FACE('',(#358,#84),#148,.T.);
#4719=ADVANCED_FACE('',(#359),#4627,.F.);
#4720=ADVANCED_FACE('',(#360,#85),#149,.T.);
#4721=ADVANCED_FACE('',(#361),#4628,.F.);
#4722=ADVANCED_FACE('',(#362,#86),#150,.T.);
#4723=ADVANCED_FACE('',(#363),#4629,.F.);
#4724=ADVANCED_FACE('',(#364),#4630,.F.);
#4725=ADVANCED_FACE('',(#365),#4631,.F.);
#4726=ADVANCED_FACE('',(#366),#4632,.F.);
#4727=ADVANCED_FACE('',(#367),#4633,.F.);
#4728=ADVANCED_FACE('',(#368,#87,#88,#89,#90,#91),#151,.T.);
#4729=ADVANCED_FACE('',(#369),#4634,.T.);
#4730=ADVANCED_FACE('',(#370),#4635,.F.);
#4731=ADVANCED_FACE('',(#371,#92),#152,.T.);
#4732=ADVANCED_FACE('',(#372),#4636,.F.);
#4733=ADVANCED_FACE('',(#373),#4637,.F.);
#4734=ADVANCED_FACE('',(#374),#4638,.F.);
#4735=ADVANCED_FACE('',(#375),#4639,.F.);
#4736=ADVANCED_FACE('',(#376),#153,.T.);
#4737=ADVANCED_FACE('',(#377),#4640,.T.);
#4738=ADVANCED_FACE('',(#378),#154,.T.);
#4739=ADVANCED_FACE('',(#379),#4641,.T.);
#4740=ADVANCED_FACE('',(#380),#155,.T.);
#4741=ADVANCED_FACE('',(#381),#4642,.T.);
#4742=ADVANCED_FACE('',(#382),#156,.T.);
#4743=ADVANCED_FACE('',(#383),#4643,.T.);
#4744=ADVANCED_FACE('',(#384,#93,#94,#95,#96,#97),#157,.T.);
#4745=ADVANCED_FACE('',(#385,#98,#99,#100,#101,#102),#158,.F.);
#4746=ADVANCED_FACE('',(#386),#159,.F.);
#4747=ADVANCED_FACE('',(#387,#103),#160,.T.);
#4748=ADVANCED_FACE('',(#388),#161,.F.);
#4749=ADVANCED_FACE('',(#389,#104),#162,.T.);
#4750=ADVANCED_FACE('',(#390),#163,.T.);
#4751=ADVANCED_FACE('',(#391),#4644,.T.);
#4752=ADVANCED_FACE('',(#392),#164,.T.);
#4753=ADVANCED_FACE('',(#393),#4645,.T.);
#4754=ADVANCED_FACE('',(#394),#165,.T.);
#4755=ADVANCED_FACE('',(#395),#166,.T.);
#4756=ADVANCED_FACE('',(#396),#4646,.F.);
#4757=ADVANCED_FACE('',(#397),#4647,.T.);
#4758=ADVANCED_FACE('',(#398,#105),#167,.F.);
#4759=ADVANCED_FACE('',(#399),#4648,.F.);
#4760=ADVANCED_FACE('',(#400),#4649,.T.);
#4761=ADVANCED_FACE('',(#401),#168,.T.);
#4762=ADVANCED_FACE('',(#402,#106),#169,.F.);
#4763=ADVANCED_FACE('',(#403),#4650,.T.);
#4764=ADVANCED_FACE('',(#404),#170,.T.);
#4765=ADVANCED_FACE('',(#405),#4651,.F.);
#4766=ADVANCED_FACE('',(#406),#4652,.T.);
#4767=ADVANCED_FACE('',(#407),#4653,.F.);
#4768=ADVANCED_FACE('',(#408),#4654,.T.);
#4769=ADVANCED_FACE('',(#409,#107),#171,.T.);
#4770=ADVANCED_FACE('',(#410),#172,.T.);
#4771=ADVANCED_FACE('',(#411),#173,.T.);
#4772=ADVANCED_FACE('',(#412),#174,.T.);
#4773=ADVANCED_FACE('',(#413),#175,.T.);
#4774=ADVANCED_FACE('',(#414),#176,.T.);
#4775=ADVANCED_FACE('',(#415),#177,.F.);
#4776=ADVANCED_FACE('',(#416),#178,.F.);
#4777=ADVANCED_FACE('',(#417),#179,.F.);
#4778=ADVANCED_FACE('',(#418),#180,.F.);
#4779=ADVANCED_FACE('',(#419),#181,.F.);
#4780=ADVANCED_FACE('',(#420),#182,.T.);
#4781=ADVANCED_FACE('',(#421),#183,.T.);
#4782=ADVANCED_FACE('',(#422),#184,.F.);
#4783=ADVANCED_FACE('',(#423),#185,.T.);
#4784=ADVANCED_FACE('',(#424),#186,.F.);
#4785=ADVANCED_FACE('',(#425,#108,#109),#187,.T.);
#4786=ADVANCED_FACE('',(#426),#4655,.T.);
#4787=ADVANCED_FACE('',(#427),#188,.T.);
#4788=ADVANCED_FACE('',(#428),#4656,.F.);
#4789=ADVANCED_FACE('',(#429),#189,.F.);
#4790=ADVANCED_FACE('',(#430),#4657,.F.);
#4791=ADVANCED_FACE('',(#431),#190,.F.);
#4792=ADVANCED_FACE('',(#432),#4658,.F.);
#4793=ADVANCED_FACE('',(#433),#191,.F.);
#4794=ADVANCED_FACE('',(#434),#4659,.F.);
#4795=ADVANCED_FACE('',(#435),#4660,.T.);
#4796=ADVANCED_FACE('',(#436),#192,.T.);
#4797=ADVANCED_FACE('',(#437),#193,.T.);
#4798=ADVANCED_FACE('',(#438),#194,.F.);
#4799=ADVANCED_FACE('',(#439),#195,.T.);
#4800=ADVANCED_FACE('',(#440),#196,.F.);
#4801=ADVANCED_FACE('',(#441),#197,.F.);
#4802=ADVANCED_FACE('',(#442),#198,.F.);
#4803=ADVANCED_FACE('',(#443),#199,.T.);
#4804=ADVANCED_FACE('',(#444),#200,.T.);
#4805=ADVANCED_FACE('',(#445),#201,.T.);
#4806=ADVANCED_FACE('',(#446),#202,.T.);
#4807=ADVANCED_FACE('',(#447),#203,.F.);
#4808=ADVANCED_FACE('',(#448),#204,.T.);
#4809=ADVANCED_FACE('',(#449),#205,.T.);
#4810=ADVANCED_FACE('',(#450),#206,.F.);
#4811=ADVANCED_FACE('',(#451),#207,.F.);
#4812=ADVANCED_FACE('',(#452),#208,.T.);
#4813=ADVANCED_FACE('',(#453),#209,.T.);
#4814=ADVANCED_FACE('',(#454),#210,.F.);
#4815=ADVANCED_FACE('',(#455),#211,.F.);
#4816=ADVANCED_FACE('',(#456),#212,.F.);
#4817=ADVANCED_FACE('',(#457),#213,.F.);
#4818=ADVANCED_FACE('',(#458),#214,.T.);
#4819=ADVANCED_FACE('',(#459),#215,.T.);
#4820=ADVANCED_FACE('',(#460),#216,.F.);
#4821=ADVANCED_FACE('',(#461),#217,.F.);
#4822=ADVANCED_FACE('',(#462),#218,.T.);
#4823=ADVANCED_FACE('',(#463),#219,.T.);
#4824=ADVANCED_FACE('',(#464),#220,.F.);
#4825=ADVANCED_FACE('',(#465),#221,.F.);
#4826=ADVANCED_FACE('',(#466),#222,.F.);
#4827=ADVANCED_FACE('',(#467),#223,.T.);
#4828=ADVANCED_FACE('',(#468),#224,.F.);
#4829=ADVANCED_FACE('',(#469),#225,.F.);
#4830=ADVANCED_FACE('',(#470,#110),#226,.T.);
#4831=ADVANCED_FACE('',(#471),#4661,.F.);
#4832=ADVANCED_FACE('',(#472),#227,.F.);
#4833=ADVANCED_FACE('',(#473),#4662,.F.);
#4834=ADVANCED_FACE('',(#474),#228,.F.);
#4835=ADVANCED_FACE('',(#475),#4663,.F.);
#4836=ADVANCED_FACE('',(#476),#229,.F.);
#4837=ADVANCED_FACE('',(#477),#4664,.F.);
#4838=ADVANCED_FACE('',(#478),#230,.T.);
#4839=ADVANCED_FACE('',(#479),#231,.T.);
#4840=ADVANCED_FACE('',(#480),#232,.F.);
#4841=ADVANCED_FACE('',(#481),#4665,.T.);
#4842=ADVANCED_FACE('',(#482),#233,.T.);
#4843=ADVANCED_FACE('',(#483),#234,.F.);
#4844=ADVANCED_FACE('',(#484),#235,.T.);
#4845=ADVANCED_FACE('',(#485),#236,.T.);
#4846=ADVANCED_FACE('',(#486),#237,.T.);
#4847=ADVANCED_FACE('',(#487),#238,.T.);
#4848=ADVANCED_FACE('',(#488),#239,.T.);
#4849=ADVANCED_FACE('',(#489),#4666,.F.);
#4850=ADVANCED_FACE('',(#490),#240,.T.);
#4851=ADVANCED_FACE('',(#491),#4667,.F.);
#4852=ADVANCED_FACE('',(#492),#241,.T.);
#4853=ADVANCED_FACE('',(#493),#242,.T.);
#4854=ADVANCED_FACE('',(#494),#4668,.T.);
#4855=ADVANCED_FACE('',(#495),#243,.T.);
#4856=ADVANCED_FACE('',(#496),#4669,.T.);
#4857=ADVANCED_FACE('',(#497,#111),#244,.T.);
#4858=ADVANCED_FACE('',(#498,#112),#245,.F.);
#4859=ADVANCED_FACE('',(#499),#4670,.F.);
#4860=ADVANCED_FACE('',(#500),#4671,.T.);
#4861=ADVANCED_FACE('',(#501,#113),#246,.F.);
#4862=ADVANCED_FACE('',(#502,#114),#247,.F.);
#4863=ADVANCED_FACE('',(#503),#248,.T.);
#4864=ADVANCED_FACE('',(#504),#4672,.T.);
#4865=ADVANCED_FACE('',(#505),#249,.T.);
#4866=ADVANCED_FACE('',(#506),#250,.T.);
#4867=ADVANCED_FACE('',(#507),#4673,.T.);
#4868=ADVANCED_FACE('',(#508),#4674,.F.);
#4869=ADVANCED_FACE('',(#509,#115),#251,.T.);
#4870=ADVANCED_FACE('',(#510),#4675,.F.);
#4871=ADVANCED_FACE('',(#511,#116),#252,.T.);
#4872=ADVANCED_FACE('',(#512,#117),#253,.F.);
#4873=ADVANCED_FACE('',(#513),#4676,.F.);
#4874=ADVANCED_FACE('',(#514),#254,.F.);
#4875=ADVANCED_FACE('',(#515),#255,.T.);
#4876=ADVANCED_FACE('',(#516,#118,#119),#256,.T.);
#4877=ADVANCED_FACE('',(#517,#120,#121,#122),#257,.F.);
#4878=ADVANCED_FACE('',(#518),#258,.F.);
#4879=ADVANCED_FACE('',(#519),#259,.F.);
#4880=ADVANCED_FACE('',(#520),#260,.F.);
#4881=ADVANCED_FACE('',(#521),#261,.T.);
#4882=ADVANCED_FACE('',(#522),#262,.T.);
#4883=ADVANCED_FACE('',(#523),#263,.T.);
#4884=ADVANCED_FACE('',(#524),#4677,.T.);
#4885=ADVANCED_FACE('',(#525),#264,.F.);
#4886=ADVANCED_FACE('',(#526),#4678,.T.);
#4887=ADVANCED_FACE('',(#527),#265,.F.);
#4888=ADVANCED_FACE('',(#528),#266,.F.);
#4889=ADVANCED_FACE('',(#529),#267,.F.);
#4890=ADVANCED_FACE('',(#530),#268,.F.);
#4891=ADVANCED_FACE('',(#531),#269,.T.);
#4892=ADVANCED_FACE('',(#532),#270,.T.);
#4893=ADVANCED_FACE('',(#533),#271,.T.);
#4894=ADVANCED_FACE('',(#534,#123),#272,.F.);
#4895=ADVANCED_FACE('',(#535),#273,.F.);
#4896=ADVANCED_FACE('',(#536),#274,.F.);
#4897=ADVANCED_FACE('',(#537),#275,.F.);
#4898=ADVANCED_FACE('',(#538),#276,.F.);
#4899=ADVANCED_FACE('',(#539),#277,.F.);
#4900=ADVANCED_FACE('',(#540),#278,.T.);
#4901=ADVANCED_FACE('',(#541),#279,.F.);
#4902=ADVANCED_FACE('',(#542),#280,.F.);
#4903=ADVANCED_FACE('',(#543),#281,.F.);
#4904=ADVANCED_FACE('',(#544),#282,.F.);
#4905=ADVANCED_FACE('',(#545),#283,.T.);
#4906=ADVANCED_FACE('',(#546),#284,.T.);
#4907=ADVANCED_FACE('',(#547),#285,.T.);
#4908=ADVANCED_FACE('',(#548),#286,.F.);
#4909=ADVANCED_FACE('',(#549),#287,.F.);
#4910=ADVANCED_FACE('',(#550),#288,.F.);
#4911=ADVANCED_FACE('',(#551),#289,.F.);
#4912=ADVANCED_FACE('',(#552),#290,.F.);
#4913=ADVANCED_FACE('',(#553),#291,.T.);
#4914=ADVANCED_FACE('',(#554),#292,.F.);
#4915=ADVANCED_FACE('',(#555),#293,.F.);
#4916=ADVANCED_FACE('',(#556),#294,.F.);
#4917=ADVANCED_FACE('',(#557),#295,.F.);
#4918=ADVANCED_FACE('',(#558),#296,.F.);
#4919=ADVANCED_FACE('',(#559),#297,.T.);
#4920=ADVANCED_FACE('',(#560),#298,.F.);
#4921=ADVANCED_FACE('',(#561),#299,.T.);
#4922=ADVANCED_FACE('',(#562),#300,.F.);
#4923=ADVANCED_FACE('',(#563),#4679,.T.);
#4924=ADVANCED_FACE('',(#564,#124),#301,.F.);
#4925=ADVANCED_FACE('',(#565),#302,.F.);
#4926=ADVANCED_FACE('',(#566),#303,.F.);
#4927=ADVANCED_FACE('',(#567),#304,.F.);
#4928=ADVANCED_FACE('',(#568),#305,.T.);
#4929=ADVANCED_FACE('',(#569),#306,.F.);
#4930=ADVANCED_FACE('',(#570),#307,.F.);
#4931=ADVANCED_FACE('',(#571),#308,.F.);
#4932=ADVANCED_FACE('',(#572),#309,.T.);
#4933=ADVANCED_FACE('',(#573),#310,.F.);
#4934=ADVANCED_FACE('',(#574),#311,.F.);
#4935=ADVANCED_FACE('',(#575),#312,.T.);
#4936=ADVANCED_FACE('',(#576),#313,.F.);
#4937=ADVANCED_FACE('',(#577),#314,.F.);
#4938=ADVANCED_FACE('',(#578),#315,.F.);
#4939=ADVANCED_FACE('',(#579),#316,.T.);
#4940=ADVANCED_FACE('',(#580),#317,.T.);
#4941=ADVANCED_FACE('',(#581),#318,.T.);
#4942=ADVANCED_FACE('',(#582),#319,.T.);
#4943=CLOSED_SHELL('',(#4680,#4681,#4682,#4683,#4684,#4685,#4686,#4687,
#4688,#4689,#4690,#4691,#4692,#4693,#4694,#4695,#4696,#4697,#4698,#4699,
#4700,#4701,#4702,#4703,#4704,#4705));
#4944=CLOSED_SHELL('',(#4706,#4707,#4708,#4709,#4710,#4711,#4712,#4713,
#4714,#4715,#4716,#4717,#4718,#4719,#4720,#4721,#4722,#4723,#4724,#4725,
#4726,#4727,#4728,#4729,#4730,#4731,#4732,#4733,#4734,#4735,#4736,#4737,
#4738,#4739,#4740,#4741,#4742,#4743,#4744,#4745));
#4945=CLOSED_SHELL('',(#4746,#4747,#4748,#4749,#4750,#4751,#4752,#4753,
#4754,#4755,#4756,#4757,#4758,#4759,#4760,#4761,#4762,#4763,#4764,#4765,
#4766,#4767,#4768,#4769,#4770,#4771,#4772,#4773,#4774,#4775));
#4946=CLOSED_SHELL('',(#4776,#4777,#4778,#4779,#4780,#4781,#4782,#4783,
#4784,#4785,#4786,#4787,#4788,#4789,#4790,#4791,#4792,#4793,#4794,#4795,
#4796,#4797,#4798,#4799,#4800,#4801,#4802,#4803,#4804,#4805,#4806,#4807,
#4808,#4809,#4810,#4811,#4812,#4813));
#4947=CLOSED_SHELL('',(#4814,#4815,#4816,#4817,#4818,#4819,#4820,#4821,
#4822,#4823,#4824,#4825,#4826,#4827,#4828,#4829,#4830,#4831,#4832,#4833,
#4834,#4835,#4836,#4837,#4838,#4839,#4840,#4841,#4842,#4843,#4844,#4845,
#4846,#4847,#4848));
#4948=CLOSED_SHELL('',(#4849,#4850,#4851,#4852,#4853,#4854,#4855,#4856,
#4857,#4858));
#4949=CLOSED_SHELL('',(#4859,#4860,#4861,#4862,#4863,#4864,#4865,#4866,
#4867,#4868,#4869,#4870,#4871,#4872));
#4950=CLOSED_SHELL('',(#4873,#4874,#4875,#4876,#4877,#4878,#4879,#4880,
#4881,#4882,#4883,#4884,#4885,#4886,#4887,#4888,#4889,#4890,#4891,#4892,
#4893,#4894,#4895,#4896,#4897,#4898,#4899,#4900,#4901,#4902,#4903,#4904,
#4905,#4906,#4907,#4908,#4909,#4910,#4911,#4912,#4913,#4914,#4915,#4916,
#4917,#4918,#4919,#4920,#4921,#4922,#4923,#4924,#4925,#4926,#4927,#4928,
#4929,#4930,#4931,#4932,#4933,#4934,#4935,#4936,#4937,#4938,#4939,#4940,
#4941,#4942));
#4951=DERIVED_UNIT_ELEMENT(#4965,1.);
#4952=DERIVED_UNIT_ELEMENT(#8285,-3.);
#4953=DERIVED_UNIT_ELEMENT(#4965,1.);
#4954=DERIVED_UNIT_ELEMENT(#8285,-3.);
#4955=DERIVED_UNIT_ELEMENT(#4965,1.);
#4956=DERIVED_UNIT_ELEMENT(#8285,-3.);
#4957=DERIVED_UNIT_ELEMENT(#4965,1.);
#4958=DERIVED_UNIT_ELEMENT(#8285,-3.);
#4959=DERIVED_UNIT_ELEMENT(#4965,1.);
#4960=DERIVED_UNIT_ELEMENT(#8285,-3.);
#4961=DERIVED_UNIT_ELEMENT(#4965,1.);
#4962=DERIVED_UNIT_ELEMENT(#8285,-3.);
#4963=DERIVED_UNIT_ELEMENT(#4965,1.);
#4964=DERIVED_UNIT_ELEMENT(#8285,-3.);
#4965=(
MASS_UNIT()
NAMED_UNIT(*)
SI_UNIT(.KILO.,.GRAM.)
);
#4966=DERIVED_UNIT((#4951,#4952));
#4967=DERIVED_UNIT((#4953,#4954));
#4968=DERIVED_UNIT((#4955,#4956));
#4969=DERIVED_UNIT((#4957,#4958));
#4970=DERIVED_UNIT((#4959,#4960));
#4971=DERIVED_UNIT((#4961,#4962));
#4972=DERIVED_UNIT((#4963,#4964));
#4973=MEASURE_REPRESENTATION_ITEM('density measure',
POSITIVE_RATIO_MEASURE(7850.),#4966);
#4974=MEASURE_REPRESENTATION_ITEM('density measure',
POSITIVE_RATIO_MEASURE(7850.),#4967);
#4975=MEASURE_REPRESENTATION_ITEM('density measure',
POSITIVE_RATIO_MEASURE(7850.),#4968);
#4976=MEASURE_REPRESENTATION_ITEM('density measure',
POSITIVE_RATIO_MEASURE(7850.),#4969);
#4977=MEASURE_REPRESENTATION_ITEM('density measure',
POSITIVE_RATIO_MEASURE(7850.),#4970);
#4978=MEASURE_REPRESENTATION_ITEM('density measure',
POSITIVE_RATIO_MEASURE(7850.),#4971);
#4979=MEASURE_REPRESENTATION_ITEM('density measure',
POSITIVE_RATIO_MEASURE(7850.),#4972);
#4980=PROPERTY_DEFINITION_REPRESENTATION(#5015,#4994);
#4981=PROPERTY_DEFINITION_REPRESENTATION(#5016,#4995);
#4982=PROPERTY_DEFINITION_REPRESENTATION(#5017,#4996);
#4983=PROPERTY_DEFINITION_REPRESENTATION(#5018,#4997);
#4984=PROPERTY_DEFINITION_REPRESENTATION(#5019,#4998);
#4985=PROPERTY_DEFINITION_REPRESENTATION(#5020,#4999);
#4986=PROPERTY_DEFINITION_REPRESENTATION(#5021,#5000);
#4987=PROPERTY_DEFINITION_REPRESENTATION(#5022,#5001);
#4988=PROPERTY_DEFINITION_REPRESENTATION(#5023,#5002);
#4989=PROPERTY_DEFINITION_REPRESENTATION(#5024,#5003);
#4990=PROPERTY_DEFINITION_REPRESENTATION(#5025,#5004);
#4991=PROPERTY_DEFINITION_REPRESENTATION(#5026,#5005);
#4992=PROPERTY_DEFINITION_REPRESENTATION(#5027,#5006);
#4993=PROPERTY_DEFINITION_REPRESENTATION(#5028,#5007);
#4994=REPRESENTATION('material name',(#5008),#8276);
#4995=REPRESENTATION('density',(#4973),#8276);
#4996=REPRESENTATION('material name',(#5009),#8277);
#4997=REPRESENTATION('density',(#4974),#8277);
#4998=REPRESENTATION('material name',(#5010),#8278);
#4999=REPRESENTATION('density',(#4975),#8278);
#5000=REPRESENTATION('material name',(#5011),#8279);
#5001=REPRESENTATION('density',(#4976),#8279);
#5002=REPRESENTATION('material name',(#5012),#8280);
#5003=REPRESENTATION('density',(#4977),#8280);
#5004=REPRESENTATION('material name',(#5013),#8281);
#5005=REPRESENTATION('density',(#4978),#8281);
#5006=REPRESENTATION('material name',(#5014),#8282);
#5007=REPRESENTATION('density',(#4979),#8282);
#5008=DESCRIPTIVE_REPRESENTATION_ITEM('Steel','Steel');
#5009=DESCRIPTIVE_REPRESENTATION_ITEM('Steel','Steel');
#5010=DESCRIPTIVE_REPRESENTATION_ITEM('Steel','Steel');
#5011=DESCRIPTIVE_REPRESENTATION_ITEM('Steel','Steel');
#5012=DESCRIPTIVE_REPRESENTATION_ITEM('Steel','Steel');
#5013=DESCRIPTIVE_REPRESENTATION_ITEM('Steel','Steel');
#5014=DESCRIPTIVE_REPRESENTATION_ITEM('Steel','Steel');
#5015=PROPERTY_DEFINITION('material property','material name',#8321);
#5016=PROPERTY_DEFINITION('material property','density of part',#8321);
#5017=PROPERTY_DEFINITION('material property','material name',#8322);
#5018=PROPERTY_DEFINITION('material property','density of part',#8322);
#5019=PROPERTY_DEFINITION('material property','material name',#8323);
#5020=PROPERTY_DEFINITION('material property','density of part',#8323);
#5021=PROPERTY_DEFINITION('material property','material name',#8324);
#5022=PROPERTY_DEFINITION('material property','density of part',#8324);
#5023=PROPERTY_DEFINITION('material property','material name',#8325);
#5024=PROPERTY_DEFINITION('material property','density of part',#8325);
#5025=PROPERTY_DEFINITION('material property','material name',#8326);
#5026=PROPERTY_DEFINITION('material property','density of part',#8326);
#5027=PROPERTY_DEFINITION('material property','material name',#8327);
#5028=PROPERTY_DEFINITION('material property','density of part',#8327);
#5029=AXIS2_PLACEMENT_3D('',#6853,#5460,#5461);
#5030=AXIS2_PLACEMENT_3D('',#6854,#5462,#5463);
#5031=AXIS2_PLACEMENT_3D('',#6855,#5464,#5465);
#5032=AXIS2_PLACEMENT_3D('',#6857,#5466,#5467);
#5033=AXIS2_PLACEMENT_3D('',#6860,#5469,#5470);
#5034=AXIS2_PLACEMENT_3D('',#6861,#5471,#5472);
#5035=AXIS2_PLACEMENT_3D('',#6863,#5473,#5474);
#5036=AXIS2_PLACEMENT_3D('',#6864,#5475,#5476);
#5037=AXIS2_PLACEMENT_3D('',#6866,#5477,#5478);
#5038=AXIS2_PLACEMENT_3D('',#6868,#5480,#5481);
#5039=AXIS2_PLACEMENT_3D('',#6870,#5482,#5483);
#5040=AXIS2_PLACEMENT_3D('',#6871,#5484,#5485);
#5041=AXIS2_PLACEMENT_3D('',#6873,#5486,#5487);
#5042=AXIS2_PLACEMENT_3D('',#6875,#5489,#5490);
#5043=AXIS2_PLACEMENT_3D('',#6877,#5491,#5492);
#5044=AXIS2_PLACEMENT_3D('',#6880,#5494,#5495);
#5045=AXIS2_PLACEMENT_3D('',#6881,#5496,#5497);
#5046=AXIS2_PLACEMENT_3D('',#6883,#5498,#5499);
#5047=AXIS2_PLACEMENT_3D('',#6887,#5501,#5502);
#5048=AXIS2_PLACEMENT_3D('',#6891,#5504,#5505);
#5049=AXIS2_PLACEMENT_3D('',#6895,#5507,#5508);
#5050=AXIS2_PLACEMENT_3D('',#6899,#5510,#5511);
#5051=AXIS2_PLACEMENT_3D('',#6903,#5513,#5514);
#5052=AXIS2_PLACEMENT_3D('',#6907,#5516,#5517);
#5053=AXIS2_PLACEMENT_3D('',#6911,#5519,#5520);
#5054=AXIS2_PLACEMENT_3D('',#6915,#5522,#5523);
#5055=AXIS2_PLACEMENT_3D('',#6918,#5525,#5526);
#5056=AXIS2_PLACEMENT_3D('',#6919,#5527,#5528);
#5057=AXIS2_PLACEMENT_3D('',#6920,#5529,#5530);
#5058=AXIS2_PLACEMENT_3D('',#6921,#5531,#5532);
#5059=AXIS2_PLACEMENT_3D('',#6927,#5535,#5536);
#5060=AXIS2_PLACEMENT_3D('',#6932,#5539,#5540);
#5061=AXIS2_PLACEMENT_3D('',#6937,#5543,#5544);
#5062=AXIS2_PLACEMENT_3D('',#6941,#5547,#5548);
#5063=AXIS2_PLACEMENT_3D('',#6942,#5549,#5550);
#5064=AXIS2_PLACEMENT_3D('',#6946,#5553,#5554);
#5065=AXIS2_PLACEMENT_3D('',#6950,#5557,#5558);
#5066=AXIS2_PLACEMENT_3D('',#6951,#5559,#5560);
#5067=AXIS2_PLACEMENT_3D('',#6952,#5561,#5562);
#5068=AXIS2_PLACEMENT_3D('',#6953,#5563,#5564);
#5069=AXIS2_PLACEMENT_3D('',#6957,#5567,#5568);
#5070=AXIS2_PLACEMENT_3D('',#6961,#5571,#5572);
#5071=AXIS2_PLACEMENT_3D('',#6962,#5573,#5574);
#5072=AXIS2_PLACEMENT_3D('',#6963,#5575,#5576);
#5073=AXIS2_PLACEMENT_3D('',#6964,#5577,#5578);
#5074=AXIS2_PLACEMENT_3D('',#6968,#5581,#5582);
#5075=AXIS2_PLACEMENT_3D('',#6972,#5585,#5586);
#5076=AXIS2_PLACEMENT_3D('',#6973,#5587,#5588);
#5077=AXIS2_PLACEMENT_3D('',#6974,#5589,#5590);
#5078=AXIS2_PLACEMENT_3D('',#6975,#5591,#5592);
#5079=AXIS2_PLACEMENT_3D('',#6979,#5595,#5596);
#5080=AXIS2_PLACEMENT_3D('',#6983,#5599,#5600);
#5081=AXIS2_PLACEMENT_3D('',#6984,#5601,#5602);
#5082=AXIS2_PLACEMENT_3D('',#6985,#5603,#5604);
#5083=AXIS2_PLACEMENT_3D('',#6986,#5605,#5606);
#5084=AXIS2_PLACEMENT_3D('',#6987,#5607,#5608);
#5085=AXIS2_PLACEMENT_3D('',#6990,#5609,#5610);
#5086=AXIS2_PLACEMENT_3D('',#6994,#5612,#5613);
#5087=AXIS2_PLACEMENT_3D('',#6996,#5615,#5616);
#5088=AXIS2_PLACEMENT_3D('',#7002,#5620,#5621);
#5089=AXIS2_PLACEMENT_3D('',#7004,#5622,#5623);
#5090=AXIS2_PLACEMENT_3D('',#7007,#5625,#5626);
#5091=AXIS2_PLACEMENT_3D('',#7008,#5627,#5628);
#5092=AXIS2_PLACEMENT_3D('',#7014,#5632,#5633);
#5093=AXIS2_PLACEMENT_3D('',#7016,#5634,#5635);
#5094=AXIS2_PLACEMENT_3D('',#7019,#5637,#5638);
#5095=AXIS2_PLACEMENT_3D('',#7020,#5639,#5640);
#5096=AXIS2_PLACEMENT_3D('',#7026,#5644,#5645);
#5097=AXIS2_PLACEMENT_3D('',#7028,#5646,#5647);
#5098=AXIS2_PLACEMENT_3D('',#7031,#5649,#5650);
#5099=AXIS2_PLACEMENT_3D('',#7032,#5651,#5652);
#5100=AXIS2_PLACEMENT_3D('',#7035,#5655,#5656);
#5101=AXIS2_PLACEMENT_3D('',#7037,#5657,#5658);
#5102=AXIS2_PLACEMENT_3D('',#7039,#5659,#5660);
#5103=AXIS2_PLACEMENT_3D('',#7041,#5661,#5662);
#5104=AXIS2_PLACEMENT_3D('',#7043,#5663,#5664);
#5105=AXIS2_PLACEMENT_3D('',#7045,#5665,#5666);
#5106=AXIS2_PLACEMENT_3D('',#7046,#5667,#5668);
#5107=AXIS2_PLACEMENT_3D('',#7048,#5669,#5670);
#5108=AXIS2_PLACEMENT_3D('',#7051,#5672,#5673);
#5109=AXIS2_PLACEMENT_3D('',#7052,#5674,#5675);
#5110=AXIS2_PLACEMENT_3D('',#7054,#5676,#5677);
#5111=AXIS2_PLACEMENT_3D('',#7055,#5678,#5679);
#5112=AXIS2_PLACEMENT_3D('',#7057,#5680,#5681);
#5113=AXIS2_PLACEMENT_3D('',#7060,#5683,#5684);
#5114=AXIS2_PLACEMENT_3D('',#7061,#5685,#5686);
#5115=AXIS2_PLACEMENT_3D('',#7063,#5687,#5688);
#5116=AXIS2_PLACEMENT_3D('',#7064,#5689,#5690);
#5117=AXIS2_PLACEMENT_3D('',#7066,#5691,#5692);
#5118=AXIS2_PLACEMENT_3D('',#7069,#5694,#5695);
#5119=AXIS2_PLACEMENT_3D('',#7070,#5696,#5697);
#5120=AXIS2_PLACEMENT_3D('',#7072,#5698,#5699);
#5121=AXIS2_PLACEMENT_3D('',#7073,#5700,#5701);
#5122=AXIS2_PLACEMENT_3D('',#7075,#5702,#5703);
#5123=AXIS2_PLACEMENT_3D('',#7078,#5705,#5706);
#5124=AXIS2_PLACEMENT_3D('',#7079,#5707,#5708);
#5125=AXIS2_PLACEMENT_3D('',#7081,#5709,#5710);
#5126=AXIS2_PLACEMENT_3D('',#7082,#5711,#5712);
#5127=AXIS2_PLACEMENT_3D('',#7084,#5713,#5714);
#5128=AXIS2_PLACEMENT_3D('',#7086,#5716,#5717);
#5129=AXIS2_PLACEMENT_3D('',#7088,#5718,#5719);
#5130=AXIS2_PLACEMENT_3D('',#7090,#5721,#5722);
#5131=AXIS2_PLACEMENT_3D('',#7092,#5723,#5724);
#5132=AXIS2_PLACEMENT_3D('',#7094,#5726,#5727);
#5133=AXIS2_PLACEMENT_3D('',#7096,#5728,#5729);
#5134=AXIS2_PLACEMENT_3D('',#7098,#5731,#5732);
#5135=AXIS2_PLACEMENT_3D('',#7100,#5733,#5734);
#5136=AXIS2_PLACEMENT_3D('',#7102,#5736,#5737);
#5137=AXIS2_PLACEMENT_3D('',#7104,#5738,#5739);
#5138=AXIS2_PLACEMENT_3D('',#7105,#5740,#5741);
#5139=AXIS2_PLACEMENT_3D('',#7107,#5742,#5743);
#5140=AXIS2_PLACEMENT_3D('',#7110,#5745,#5746);
#5141=AXIS2_PLACEMENT_3D('',#7111,#5747,#5748);
#5142=AXIS2_PLACEMENT_3D('',#7113,#5749,#5750);
#5143=AXIS2_PLACEMENT_3D('',#7115,#5752,#5753);
#5144=AXIS2_PLACEMENT_3D('',#7116,#5754,#5755);
#5145=AXIS2_PLACEMENT_3D('',#7118,#5756,#5757);
#5146=AXIS2_PLACEMENT_3D('',#7120,#5759,#5760);
#5147=AXIS2_PLACEMENT_3D('',#7122,#5761,#5762);
#5148=AXIS2_PLACEMENT_3D('',#7124,#5764,#5765);
#5149=AXIS2_PLACEMENT_3D('',#7126,#5766,#5767);
#5150=AXIS2_PLACEMENT_3D('',#7128,#5769,#5770);
#5151=AXIS2_PLACEMENT_3D('',#7130,#5771,#5772);
#5152=AXIS2_PLACEMENT_3D('',#7132,#5774,#5775);
#5153=AXIS2_PLACEMENT_3D('',#7141,#5780,#5781);
#5154=AXIS2_PLACEMENT_3D('',#7143,#5782,#5783);
#5155=AXIS2_PLACEMENT_3D('',#7145,#5784,#5785);
#5156=AXIS2_PLACEMENT_3D('',#7147,#5787,#5788);
#5157=AXIS2_PLACEMENT_3D('',#7153,#5792,#5793);
#5158=AXIS2_PLACEMENT_3D('',#7155,#5794,#5795);
#5159=AXIS2_PLACEMENT_3D('',#7157,#5796,#5797);
#5160=AXIS2_PLACEMENT_3D('',#7159,#5799,#5800);
#5161=AXIS2_PLACEMENT_3D('',#7165,#5804,#5805);
#5162=AXIS2_PLACEMENT_3D('',#7167,#5806,#5807);
#5163=AXIS2_PLACEMENT_3D('',#7169,#5808,#5809);
#5164=AXIS2_PLACEMENT_3D('',#7171,#5811,#5812);
#5165=AXIS2_PLACEMENT_3D('',#7177,#5816,#5817);
#5166=AXIS2_PLACEMENT_3D('',#7178,#5818,#5819);
#5167=AXIS2_PLACEMENT_3D('',#7179,#5820,#5821);
#5168=AXIS2_PLACEMENT_3D('',#7180,#5822,#5823);
#5169=AXIS2_PLACEMENT_3D('',#7181,#5824,#5825);
#5170=AXIS2_PLACEMENT_3D('',#7182,#5826,#5827);
#5171=AXIS2_PLACEMENT_3D('',#7183,#5828,#5829);
#5172=AXIS2_PLACEMENT_3D('',#7192,#5834,#5835);
#5173=AXIS2_PLACEMENT_3D('',#7195,#5836,#5837);
#5174=AXIS2_PLACEMENT_3D('',#7200,#5840,#5841);
#5175=AXIS2_PLACEMENT_3D('',#7203,#5843,#5844);
#5176=AXIS2_PLACEMENT_3D('',#7204,#5845,#5846);
#5177=AXIS2_PLACEMENT_3D('',#7215,#5852,#5853);
#5178=AXIS2_PLACEMENT_3D('',#7219,#5855,#5856);
#5179=AXIS2_PLACEMENT_3D('',#7223,#5858,#5859);
#5180=AXIS2_PLACEMENT_3D('',#7226,#5861,#5862);
#5181=AXIS2_PLACEMENT_3D('',#7227,#5863,#5864);
#5182=AXIS2_PLACEMENT_3D('',#7231,#5866,#5867);
#5183=AXIS2_PLACEMENT_3D('',#7233,#5868,#5869);
#5184=AXIS2_PLACEMENT_3D('',#7235,#5870,#5871);
#5185=AXIS2_PLACEMENT_3D('',#7237,#5872,#5873);
#5186=AXIS2_PLACEMENT_3D('',#7239,#5874,#5875);
#5187=AXIS2_PLACEMENT_3D('',#7241,#5877,#5878);
#5188=AXIS2_PLACEMENT_3D('',#7245,#5880,#5881);
#5189=AXIS2_PLACEMENT_3D('',#7247,#5883,#5884);
#5190=AXIS2_PLACEMENT_3D('',#7253,#5888,#5889);
#5191=AXIS2_PLACEMENT_3D('',#7256,#5891,#5892);
#5192=AXIS2_PLACEMENT_3D('',#7257,#5893,#5894);
#5193=AXIS2_PLACEMENT_3D('',#7270,#5902,#5903);
#5194=AXIS2_PLACEMENT_3D('',#7271,#5904,#5905);
#5195=AXIS2_PLACEMENT_3D('',#7272,#5906,#5907);
#5196=AXIS2_PLACEMENT_3D('',#7274,#5908,#5909);
#5197=AXIS2_PLACEMENT_3D('',#7276,#5911,#5912);
#5198=AXIS2_PLACEMENT_3D('',#7278,#5913,#5914);
#5199=AXIS2_PLACEMENT_3D('',#7280,#5916,#5917);
#5200=AXIS2_PLACEMENT_3D('',#7284,#5920,#5921);
#5201=AXIS2_PLACEMENT_3D('',#7286,#5922,#5923);
#5202=AXIS2_PLACEMENT_3D('',#7288,#5925,#5926);
#5203=AXIS2_PLACEMENT_3D('',#7292,#5928,#5929);
#5204=AXIS2_PLACEMENT_3D('',#7294,#5931,#5932);
#5205=AXIS2_PLACEMENT_3D('',#7296,#5934,#5935);
#5206=AXIS2_PLACEMENT_3D('',#7300,#5938,#5939);
#5207=AXIS2_PLACEMENT_3D('',#7302,#5940,#5941);
#5208=AXIS2_PLACEMENT_3D('',#7305,#5943,#5944);
#5209=AXIS2_PLACEMENT_3D('',#7306,#5945,#5946);
#5210=AXIS2_PLACEMENT_3D('',#7307,#5947,#5948);
#5211=AXIS2_PLACEMENT_3D('',#7311,#5950,#5951);
#5212=AXIS2_PLACEMENT_3D('',#7313,#5953,#5954);
#5213=AXIS2_PLACEMENT_3D('',#7314,#5955,#5956);
#5214=AXIS2_PLACEMENT_3D('',#7316,#5957,#5958);
#5215=AXIS2_PLACEMENT_3D('',#7318,#5960,#5961);
#5216=AXIS2_PLACEMENT_3D('',#7320,#5962,#5963);
#5217=AXIS2_PLACEMENT_3D('',#7322,#5965,#5966);
#5218=AXIS2_PLACEMENT_3D('',#7323,#5967,#5968);
#5219=AXIS2_PLACEMENT_3D('',#7324,#5969,#5970);
#5220=AXIS2_PLACEMENT_3D('',#7325,#5971,#5972);
#5221=AXIS2_PLACEMENT_3D('',#7327,#5974,#5975);
#5222=AXIS2_PLACEMENT_3D('',#7333,#5979,#5980);
#5223=AXIS2_PLACEMENT_3D('',#7335,#5982,#5983);
#5224=AXIS2_PLACEMENT_3D('',#7339,#5986,#5987);
#5225=AXIS2_PLACEMENT_3D('',#7341,#5989,#5990);
#5226=AXIS2_PLACEMENT_3D('',#7342,#5991,#5992);
#5227=AXIS2_PLACEMENT_3D('',#7343,#5993,#5994);
#5228=AXIS2_PLACEMENT_3D('',#7360,#6003,#6004);
#5229=AXIS2_PLACEMENT_3D('',#7377,#6013,#6014);
#5230=AXIS2_PLACEMENT_3D('',#7383,#6018,#6019);
#5231=AXIS2_PLACEMENT_3D('',#7387,#6022,#6023);
#5232=AXIS2_PLACEMENT_3D('',#7399,#6030,#6031);
#5233=AXIS2_PLACEMENT_3D('',#7405,#6035,#6036);
#5234=AXIS2_PLACEMENT_3D('',#7423,#6046,#6047);
#5235=AXIS2_PLACEMENT_3D('',#7428,#6051,#6052);
#5236=AXIS2_PLACEMENT_3D('',#7437,#6057,#6058);
#5237=AXIS2_PLACEMENT_3D('',#7446,#6062,#6063);
#5238=AXIS2_PLACEMENT_3D('',#7450,#6066,#6067);
#5239=AXIS2_PLACEMENT_3D('',#7452,#6068,#6069);
#5240=AXIS2_PLACEMENT_3D('',#7456,#6071,#6072);
#5241=AXIS2_PLACEMENT_3D('',#7460,#6074,#6075);
#5242=AXIS2_PLACEMENT_3D('',#7463,#6077,#6078);
#5243=AXIS2_PLACEMENT_3D('',#7464,#6079,#6080);
#5244=AXIS2_PLACEMENT_3D('',#7466,#6081,#6082);
#5245=AXIS2_PLACEMENT_3D('',#7468,#6084,#6085);
#5246=AXIS2_PLACEMENT_3D('',#7469,#6086,#6087);
#5247=AXIS2_PLACEMENT_3D('',#7471,#6088,#6089);
#5248=AXIS2_PLACEMENT_3D('',#7473,#6090,#6091);
#5249=AXIS2_PLACEMENT_3D('',#7475,#6093,#6094);
#5250=AXIS2_PLACEMENT_3D('',#7479,#6097,#6098);
#5251=AXIS2_PLACEMENT_3D('',#7481,#6099,#6100);
#5252=AXIS2_PLACEMENT_3D('',#7483,#6102,#6103);
#5253=AXIS2_PLACEMENT_3D('',#7487,#6106,#6107);
#5254=AXIS2_PLACEMENT_3D('',#7491,#6109,#6110);
#5255=AXIS2_PLACEMENT_3D('',#7492,#6111,#6112);
#5256=AXIS2_PLACEMENT_3D('',#7493,#6113,#6114);
#5257=AXIS2_PLACEMENT_3D('',#7497,#6117,#6118);
#5258=AXIS2_PLACEMENT_3D('',#7498,#6119,#6120);
#5259=AXIS2_PLACEMENT_3D('',#7499,#6121,#6122);
#5260=AXIS2_PLACEMENT_3D('',#7502,#6123,#6124);
#5261=AXIS2_PLACEMENT_3D('',#7505,#6127,#6128);
#5262=AXIS2_PLACEMENT_3D('',#7509,#6131,#6132);
#5263=AXIS2_PLACEMENT_3D('',#7511,#6134,#6135);
#5264=AXIS2_PLACEMENT_3D('',#7516,#6139,#6140);
#5265=AXIS2_PLACEMENT_3D('',#7518,#6142,#6143);
#5266=AXIS2_PLACEMENT_3D('',#7522,#6146,#6147);
#5267=AXIS2_PLACEMENT_3D('',#7535,#6155,#6156);
#5268=AXIS2_PLACEMENT_3D('',#7537,#6158,#6159);
#5269=AXIS2_PLACEMENT_3D('',#7541,#6163,#6164);
#5270=AXIS2_PLACEMENT_3D('',#7542,#6165,#6166);
#5271=AXIS2_PLACEMENT_3D('',#7544,#6168,#6169);
#5272=AXIS2_PLACEMENT_3D('',#7546,#6171,#6172);
#5273=AXIS2_PLACEMENT_3D('',#7548,#6174,#6175);
#5274=AXIS2_PLACEMENT_3D('',#7550,#6177,#6178);
#5275=AXIS2_PLACEMENT_3D('',#7552,#6180,#6181);
#5276=AXIS2_PLACEMENT_3D('',#7553,#6182,#6183);
#5277=AXIS2_PLACEMENT_3D('',#7554,#6184,#6185);
#5278=AXIS2_PLACEMENT_3D('',#7556,#6187,#6188);
#5279=AXIS2_PLACEMENT_3D('',#7557,#6189,#6190);
#5280=AXIS2_PLACEMENT_3D('',#7558,#6191,#6192);
#5281=AXIS2_PLACEMENT_3D('',#7575,#6201,#6202);
#5282=AXIS2_PLACEMENT_3D('',#7592,#6211,#6212);
#5283=AXIS2_PLACEMENT_3D('',#7598,#6216,#6217);
#5284=AXIS2_PLACEMENT_3D('',#7602,#6220,#6221);
#5285=AXIS2_PLACEMENT_3D('',#7606,#6224,#6225);
#5286=AXIS2_PLACEMENT_3D('',#7610,#6228,#6229);
#5287=AXIS2_PLACEMENT_3D('',#7616,#6233,#6234);
#5288=AXIS2_PLACEMENT_3D('',#7634,#6244,#6245);
#5289=AXIS2_PLACEMENT_3D('',#7640,#6249,#6250);
#5290=AXIS2_PLACEMENT_3D('',#7644,#6253,#6254);
#5291=AXIS2_PLACEMENT_3D('',#7652,#6260,#6261);
#5292=AXIS2_PLACEMENT_3D('',#7654,#6263,#6264);
#5293=AXIS2_PLACEMENT_3D('',#7655,#6265,#6266);
#5294=AXIS2_PLACEMENT_3D('',#7661,#6270,#6271);
#5295=AXIS2_PLACEMENT_3D('',#7663,#6273,#6274);
#5296=AXIS2_PLACEMENT_3D('',#7672,#6279,#6280);
#5297=AXIS2_PLACEMENT_3D('',#7680,#6284,#6285);
#5298=AXIS2_PLACEMENT_3D('',#7683,#6287,#6288);
#5299=AXIS2_PLACEMENT_3D('',#7685,#6289,#6290);
#5300=AXIS2_PLACEMENT_3D('',#7689,#6292,#6293);
#5301=AXIS2_PLACEMENT_3D('',#7693,#6295,#6296);
#5302=AXIS2_PLACEMENT_3D('',#7695,#6298,#6299);
#5303=AXIS2_PLACEMENT_3D('',#7698,#6300,#6301);
#5304=AXIS2_PLACEMENT_3D('',#7699,#6302,#6303);
#5305=AXIS2_PLACEMENT_3D('',#7701,#6305,#6306);
#5306=AXIS2_PLACEMENT_3D('',#7705,#6309,#6310);
#5307=AXIS2_PLACEMENT_3D('',#7707,#6311,#6312);
#5308=AXIS2_PLACEMENT_3D('',#7709,#6314,#6315);
#5309=AXIS2_PLACEMENT_3D('',#7713,#6318,#6319);
#5310=AXIS2_PLACEMENT_3D('',#7715,#6320,#6321);
#5311=AXIS2_PLACEMENT_3D('',#7717,#6323,#6324);
#5312=AXIS2_PLACEMENT_3D('',#7721,#6327,#6328);
#5313=AXIS2_PLACEMENT_3D('',#7723,#6329,#6330);
#5314=AXIS2_PLACEMENT_3D('',#7724,#6331,#6332);
#5315=AXIS2_PLACEMENT_3D('',#7725,#6333,#6334);
#5316=AXIS2_PLACEMENT_3D('',#7733,#6338,#6339);
#5317=AXIS2_PLACEMENT_3D('',#7736,#6342,#6343);
#5318=AXIS2_PLACEMENT_3D('',#7742,#6347,#6348);
#5319=AXIS2_PLACEMENT_3D('',#7745,#6351,#6352);
#5320=AXIS2_PLACEMENT_3D('',#7747,#6354,#6355);
#5321=AXIS2_PLACEMENT_3D('',#7748,#6356,#6357);
#5322=AXIS2_PLACEMENT_3D('',#7751,#6360,#6361);
#5323=AXIS2_PLACEMENT_3D('',#7757,#6365,#6366);
#5324=AXIS2_PLACEMENT_3D('',#7758,#6367,#6368);
#5325=AXIS2_PLACEMENT_3D('',#7760,#6370,#6371);
#5326=AXIS2_PLACEMENT_3D('',#7762,#6373,#6374);
#5327=AXIS2_PLACEMENT_3D('',#7763,#6375,#6376);
#5328=AXIS2_PLACEMENT_3D('',#7765,#6377,#6378);
#5329=AXIS2_PLACEMENT_3D('',#7768,#6380,#6381);
#5330=AXIS2_PLACEMENT_3D('',#7769,#6382,#6383);
#5331=AXIS2_PLACEMENT_3D('',#7778,#6388,#6389);
#5332=AXIS2_PLACEMENT_3D('',#7780,#6390,#6391);
#5333=AXIS2_PLACEMENT_3D('',#7782,#6392,#6393);
#5334=AXIS2_PLACEMENT_3D('',#7784,#6395,#6396);
#5335=AXIS2_PLACEMENT_3D('',#7790,#6400,#6401);
#5336=AXIS2_PLACEMENT_3D('',#7796,#6405,#6406);
#5337=AXIS2_PLACEMENT_3D('',#7798,#6407,#6408);
#5338=AXIS2_PLACEMENT_3D('',#7800,#6409,#6410);
#5339=AXIS2_PLACEMENT_3D('',#7802,#6412,#6413);
#5340=AXIS2_PLACEMENT_3D('',#7808,#6417,#6418);
#5341=AXIS2_PLACEMENT_3D('',#7809,#6419,#6420);
#5342=AXIS2_PLACEMENT_3D('',#7810,#6421,#6422);
#5343=AXIS2_PLACEMENT_3D('',#7811,#6423,#6424);
#5344=AXIS2_PLACEMENT_3D('',#7812,#6425,#6426);
#5345=AXIS2_PLACEMENT_3D('',#7813,#6427,#6428);
#5346=AXIS2_PLACEMENT_3D('',#7814,#6429,#6430);
#5347=AXIS2_PLACEMENT_3D('',#7816,#6431,#6432);
#5348=AXIS2_PLACEMENT_3D('',#7819,#6434,#6435);
#5349=AXIS2_PLACEMENT_3D('',#7820,#6436,#6437);
#5350=AXIS2_PLACEMENT_3D('',#7822,#6438,#6439);
#5351=AXIS2_PLACEMENT_3D('',#7825,#6441,#6442);
#5352=AXIS2_PLACEMENT_3D('',#7826,#6443,#6444);
#5353=AXIS2_PLACEMENT_3D('',#7827,#6445,#6446);
#5354=AXIS2_PLACEMENT_3D('',#7830,#6447,#6448);
#5355=AXIS2_PLACEMENT_3D('',#7834,#6450,#6451);
#5356=AXIS2_PLACEMENT_3D('',#7837,#6453,#6454);
#5357=AXIS2_PLACEMENT_3D('',#7838,#6455,#6456);
#5358=AXIS2_PLACEMENT_3D('',#7844,#6460,#6461);
#5359=AXIS2_PLACEMENT_3D('',#7846,#6462,#6463);
#5360=AXIS2_PLACEMENT_3D('',#7848,#6465,#6466);
#5361=AXIS2_PLACEMENT_3D('',#7852,#6469,#6470);
#5362=AXIS2_PLACEMENT_3D('',#7853,#6471,#6472);
#5363=AXIS2_PLACEMENT_3D('',#7854,#6473,#6474);
#5364=AXIS2_PLACEMENT_3D('',#7856,#6475,#6476);
#5365=AXIS2_PLACEMENT_3D('',#7858,#6478,#6479);
#5366=AXIS2_PLACEMENT_3D('',#7860,#6480,#6481);
#5367=AXIS2_PLACEMENT_3D('',#7863,#6483,#6484);
#5368=AXIS2_PLACEMENT_3D('',#7864,#6485,#6486);
#5369=AXIS2_PLACEMENT_3D('',#7866,#6487,#6488);
#5370=AXIS2_PLACEMENT_3D('',#7867,#6489,#6490);
#5371=AXIS2_PLACEMENT_3D('',#7869,#6491,#6492);
#5372=AXIS2_PLACEMENT_3D('',#7871,#6494,#6495);
#5373=AXIS2_PLACEMENT_3D('',#7872,#6496,#6497);
#5374=AXIS2_PLACEMENT_3D('',#7873,#6498,#6499);
#5375=AXIS2_PLACEMENT_3D('',#7874,#6500,#6501);
#5376=AXIS2_PLACEMENT_3D('',#7876,#6502,#6503);
#5377=AXIS2_PLACEMENT_3D('',#7879,#6505,#6506);
#5378=AXIS2_PLACEMENT_3D('',#7880,#6507,#6508);
#5379=AXIS2_PLACEMENT_3D('',#7893,#6515,#6516);
#5380=AXIS2_PLACEMENT_3D('',#7899,#6520,#6521);
#5381=AXIS2_PLACEMENT_3D('',#7927,#6535,#6536);
#5382=AXIS2_PLACEMENT_3D('',#7931,#6538,#6539);
#5383=AXIS2_PLACEMENT_3D('',#7965,#6557,#6558);
#5384=AXIS2_PLACEMENT_3D('',#7986,#6569,#6570);
#5385=AXIS2_PLACEMENT_3D('',#7990,#6572,#6573);
#5386=AXIS2_PLACEMENT_3D('',#8032,#6595,#6596);
#5387=AXIS2_PLACEMENT_3D('',#8035,#6599,#6600);
#5388=AXIS2_PLACEMENT_3D('',#8037,#6602,#6603);
#5389=AXIS2_PLACEMENT_3D('',#8039,#6605,#6606);
#5390=AXIS2_PLACEMENT_3D('',#8042,#6609,#6610);
#5391=AXIS2_PLACEMENT_3D('',#8044,#6612,#6613);
#5392=AXIS2_PLACEMENT_3D('',#8046,#6615,#6616);
#5393=AXIS2_PLACEMENT_3D('',#8049,#6619,#6620);
#5394=AXIS2_PLACEMENT_3D('',#8051,#6622,#6623);
#5395=AXIS2_PLACEMENT_3D('',#8053,#6625,#6626);
#5396=AXIS2_PLACEMENT_3D('',#8056,#6629,#6630);
#5397=AXIS2_PLACEMENT_3D('',#8058,#6632,#6633);
#5398=AXIS2_PLACEMENT_3D('',#8059,#6634,#6635);
#5399=AXIS2_PLACEMENT_3D('',#8065,#6639,#6640);
#5400=AXIS2_PLACEMENT_3D('',#8068,#6643,#6644);
#5401=AXIS2_PLACEMENT_3D('',#8070,#6646,#6647);
#5402=AXIS2_PLACEMENT_3D('',#8076,#6651,#6652);
#5403=AXIS2_PLACEMENT_3D('',#8080,#6654,#6655);
#5404=AXIS2_PLACEMENT_3D('',#8083,#6658,#6659);
#5405=AXIS2_PLACEMENT_3D('',#8089,#6663,#6664);
#5406=AXIS2_PLACEMENT_3D('',#8095,#6668,#6669);
#5407=AXIS2_PLACEMENT_3D('',#8101,#6673,#6674);
#5408=AXIS2_PLACEMENT_3D('',#8105,#6677,#6678);
#5409=AXIS2_PLACEMENT_3D('',#8109,#6681,#6682);
#5410=AXIS2_PLACEMENT_3D('',#8111,#6684,#6685);
#5411=AXIS2_PLACEMENT_3D('',#8119,#6690,#6691);
#5412=AXIS2_PLACEMENT_3D('',#8123,#6694,#6695);
#5413=AXIS2_PLACEMENT_3D('',#8129,#6699,#6700);
#5414=AXIS2_PLACEMENT_3D('',#8131,#6702,#6703);
#5415=AXIS2_PLACEMENT_3D('',#8133,#6705,#6706);
#5416=AXIS2_PLACEMENT_3D('',#8134,#6707,#6708);
#5417=AXIS2_PLACEMENT_3D('',#8135,#6709,#6710);
#5418=AXIS2_PLACEMENT_3D('',#8141,#6714,#6715);
#5419=AXIS2_PLACEMENT_3D('',#8145,#6718,#6719);
#5420=AXIS2_PLACEMENT_3D('',#8149,#6722,#6723);
#5421=AXIS2_PLACEMENT_3D('',#8151,#6725,#6726);
#5422=AXIS2_PLACEMENT_3D('',#8152,#6727,#6728);
#5423=AXIS2_PLACEMENT_3D('',#8158,#6732,#6733);
#5424=AXIS2_PLACEMENT_3D('',#8166,#6738,#6739);
#5425=AXIS2_PLACEMENT_3D('',#8173,#6744,#6745);
#5426=AXIS2_PLACEMENT_3D('',#8177,#6748,#6749);
#5427=AXIS2_PLACEMENT_3D('',#8179,#6751,#6752);
#5428=AXIS2_PLACEMENT_3D('',#8180,#6753,#6754);
#5429=AXIS2_PLACEMENT_3D('',#8182,#6756,#6757);
#5430=AXIS2_PLACEMENT_3D('',#8183,#6758,#6759);
#5431=AXIS2_PLACEMENT_3D('',#8187,#6762,#6763);
#5432=AXIS2_PLACEMENT_3D('',#8191,#6766,#6767);
#5433=AXIS2_PLACEMENT_3D('',#8192,#6768,#6769);
#5434=AXIS2_PLACEMENT_3D('',#8193,#6770,#6771);
#5435=AXIS2_PLACEMENT_3D('',#8194,#6772,#6773);
#5436=AXIS2_PLACEMENT_3D('',#8204,#6779,#6780);
#5437=AXIS2_PLACEMENT_3D('',#8210,#6784,#6785);
#5438=AXIS2_PLACEMENT_3D('',#8217,#6790,#6791);
#5439=AXIS2_PLACEMENT_3D('',#8219,#6793,#6794);
#5440=AXIS2_PLACEMENT_3D('',#8229,#6800,#6801);
#5441=AXIS2_PLACEMENT_3D('',#8239,#6807,#6808);
#5442=AXIS2_PLACEMENT_3D('',#8242,#6811,#6812);
#5443=AXIS2_PLACEMENT_3D('',#8244,#6814,#6815);
#5444=AXIS2_PLACEMENT_3D('',#8245,#6816,#6817);
#5445=AXIS2_PLACEMENT_3D('',#8246,#6818,#6819);
#5446=AXIS2_PLACEMENT_3D('',#8248,#6821,#6822);
#5447=AXIS2_PLACEMENT_3D('',#8251,#6825,#6826);
#5448=AXIS2_PLACEMENT_3D('',#8252,#6827,#6828);
#5449=AXIS2_PLACEMENT_3D('',#8253,#6829,#6830);
#5450=AXIS2_PLACEMENT_3D('',#8255,#6832,#6833);
#5451=AXIS2_PLACEMENT_3D('',#8256,#6834,#6835);
#5452=AXIS2_PLACEMENT_3D('',#8258,#6837,#6838);
#5453=AXIS2_PLACEMENT_3D('',#8259,#6839,#6840);
#5454=AXIS2_PLACEMENT_3D('',#8260,#6841,#6842);
#5455=AXIS2_PLACEMENT_3D('',#8261,#6843,#6844);
#5456=AXIS2_PLACEMENT_3D('',#8262,#6845,#6846);
#5457=AXIS2_PLACEMENT_3D('',#8263,#6847,#6848);
#5458=AXIS2_PLACEMENT_3D('',#8264,#6849,#6850);
#5459=AXIS2_PLACEMENT_3D('',#8265,#6851,#6852);
#5460=DIRECTION('axis',(0.,0.,1.));
#5461=DIRECTION('refdir',(1.,0.,0.));
#5462=DIRECTION('axis',(0.,0.,1.));
#5463=DIRECTION('refdir',(1.,0.,0.));
#5464=DIRECTION('center_axis',(0.,0.,1.));
#5465=DIRECTION('ref_axis',(1.,0.,0.));
#5466=DIRECTION('center_axis',(0.,0.,1.));
#5467=DIRECTION('ref_axis',(1.,0.,0.));
#5468=DIRECTION('',(0.,0.,1.));
#5469=DIRECTION('center_axis',(0.,0.,1.));
#5470=DIRECTION('ref_axis',(1.,0.,0.));
#5471=DIRECTION('center_axis',(0.,0.,1.));
#5472=DIRECTION('ref_axis',(1.,0.,0.));
#5473=DIRECTION('center_axis',(0.,0.,-1.));
#5474=DIRECTION('ref_axis',(1.,0.,0.));
#5475=DIRECTION('center_axis',(0.,0.,1.));
#5476=DIRECTION('ref_axis',(1.,0.,0.));
#5477=DIRECTION('center_axis',(0.,0.,-1.));
#5478=DIRECTION('ref_axis',(1.,0.,0.));
#5479=DIRECTION('',(0.,0.,-1.));
#5480=DIRECTION('center_axis',(0.,0.,1.));
#5481=DIRECTION('ref_axis',(1.,0.,0.));
#5482=DIRECTION('center_axis',(0.,0.,-1.));
#5483=DIRECTION('ref_axis',(1.,0.,0.));
#5484=DIRECTION('center_axis',(0.,0.,1.));
#5485=DIRECTION('ref_axis',(1.,0.,0.));
#5486=DIRECTION('center_axis',(0.,0.,-1.));
#5487=DIRECTION('ref_axis',(1.,0.,0.));
#5488=DIRECTION('',(0.,0.,-1.));
#5489=DIRECTION('center_axis',(0.,0.,1.));
#5490=DIRECTION('ref_axis',(1.,0.,0.));
#5491=DIRECTION('center_axis',(0.,0.,-1.));
#5492=DIRECTION('ref_axis',(1.,0.,0.));
#5493=DIRECTION('',(0.,0.,1.));
#5494=DIRECTION('center_axis',(0.,0.,1.));
#5495=DIRECTION('ref_axis',(1.,0.,0.));
#5496=DIRECTION('center_axis',(0.,0.,1.));
#5497=DIRECTION('ref_axis',(1.,0.,0.));
#5498=DIRECTION('center_axis',(0.,0.,1.));
#5499=DIRECTION('ref_axis',(1.,0.,0.));
#5500=DIRECTION('',(0.,0.,-1.));
#5501=DIRECTION('center_axis',(0.,0.,-1.));
#5502=DIRECTION('ref_axis',(1.,0.,0.));
#5503=DIRECTION('',(0.,0.,1.));
#5504=DIRECTION('center_axis',(0.,0.,1.));
#5505=DIRECTION('ref_axis',(1.,0.,0.));
#5506=DIRECTION('',(0.,0.,1.));
#5507=DIRECTION('center_axis',(0.,0.,-1.));
#5508=DIRECTION('ref_axis',(1.,0.,0.));
#5509=DIRECTION('',(0.,0.,1.));
#5510=DIRECTION('center_axis',(0.,0.,1.));
#5511=DIRECTION('ref_axis',(1.,0.,0.));
#5512=DIRECTION('',(0.,0.,1.));
#5513=DIRECTION('center_axis',(0.,0.,-1.));
#5514=DIRECTION('ref_axis',(1.,0.,0.));
#5515=DIRECTION('',(0.,0.,1.));
#5516=DIRECTION('center_axis',(0.,0.,1.));
#5517=DIRECTION('ref_axis',(1.,0.,0.));
#5518=DIRECTION('',(0.,0.,1.));
#5519=DIRECTION('center_axis',(0.,0.,-1.));
#5520=DIRECTION('ref_axis',(1.,0.,0.));
#5521=DIRECTION('',(0.,0.,1.));
#5522=DIRECTION('center_axis',(0.,0.,1.));
#5523=DIRECTION('ref_axis',(1.,0.,0.));
#5524=DIRECTION('',(0.,0.,1.));
#5525=DIRECTION('center_axis',(0.,0.,-1.));
#5526=DIRECTION('ref_axis',(1.,0.,0.));
#5527=DIRECTION('center_axis',(0.,0.,1.));
#5528=DIRECTION('ref_axis',(1.,0.,0.));
#5529=DIRECTION('center_axis',(0.,0.,1.));
#5530=DIRECTION('ref_axis',(1.,0.,0.));
#5531=DIRECTION('center_axis',(0.,0.,1.));
#5532=DIRECTION('ref_axis',(1.,0.,0.));
#5533=DIRECTION('',(1.34483853137057E-16,1.,0.));
#5534=DIRECTION('',(-1.,0.,0.));
#5535=DIRECTION('center_axis',(0.,0.,1.));
#5536=DIRECTION('ref_axis',(0.,-1.,0.));
#5537=DIRECTION('',(1.,0.,0.));
#5538=DIRECTION('',(0.,1.,0.));
#5539=DIRECTION('center_axis',(0.,0.,1.));
#5540=DIRECTION('ref_axis',(-1.,0.,0.));
#5541=DIRECTION('',(-2.01725779705586E-16,-1.,0.));
#5542=DIRECTION('',(1.,0.,0.));
#5543=DIRECTION('center_axis',(0.,0.,1.));
#5544=DIRECTION('ref_axis',(0.,1.,0.));
#5545=DIRECTION('',(-1.,0.,0.));
#5546=DIRECTION('',(0.,-1.,0.));
#5547=DIRECTION('center_axis',(0.,0.,1.));
#5548=DIRECTION('ref_axis',(1.,0.,0.));
#5549=DIRECTION('center_axis',(1.,-1.34483853137057E-16,0.));
#5550=DIRECTION('ref_axis',(1.34483853137057E-16,1.,0.));
#5551=DIRECTION('',(0.,0.,1.));
#5552=DIRECTION('',(1.34483853137057E-16,1.,0.));
#5553=DIRECTION('center_axis',(-1.,0.,0.));
#5554=DIRECTION('ref_axis',(0.,-1.,0.));
#5555=DIRECTION('',(0.,-1.,0.));
#5556=DIRECTION('',(0.,0.,1.));
#5557=DIRECTION('center_axis',(0.,0.,1.));
#5558=DIRECTION('ref_axis',(1.,0.,0.));
#5559=DIRECTION('center_axis',(0.,0.,1.));
#5560=DIRECTION('ref_axis',(1.,0.,0.));
#5561=DIRECTION('center_axis',(0.,0.,1.));
#5562=DIRECTION('ref_axis',(1.,0.,0.));
#5563=DIRECTION('center_axis',(0.,1.,0.));
#5564=DIRECTION('ref_axis',(-1.,0.,0.));
#5565=DIRECTION('',(0.,0.,1.));
#5566=DIRECTION('',(-1.,0.,0.));
#5567=DIRECTION('center_axis',(0.,-1.,0.));
#5568=DIRECTION('ref_axis',(1.,0.,0.));
#5569=DIRECTION('',(1.,0.,0.));
#5570=DIRECTION('',(0.,0.,1.));
#5571=DIRECTION('center_axis',(0.,0.,1.));
#5572=DIRECTION('ref_axis',(0.,1.,0.));
#5573=DIRECTION('center_axis',(0.,0.,1.));
#5574=DIRECTION('ref_axis',(0.,1.,0.));
#5575=DIRECTION('center_axis',(0.,0.,1.));
#5576=DIRECTION('ref_axis',(1.,0.,0.));
#5577=DIRECTION('center_axis',(0.,-1.,0.));
#5578=DIRECTION('ref_axis',(1.,0.,0.));
#5579=DIRECTION('',(0.,0.,1.));
#5580=DIRECTION('',(1.,0.,0.));
#5581=DIRECTION('center_axis',(0.,1.,0.));
#5582=DIRECTION('ref_axis',(-1.,0.,0.));
#5583=DIRECTION('',(-1.,0.,0.));
#5584=DIRECTION('',(0.,0.,1.));
#5585=DIRECTION('center_axis',(0.,0.,1.));
#5586=DIRECTION('ref_axis',(0.,-1.,0.));
#5587=DIRECTION('center_axis',(0.,0.,1.));
#5588=DIRECTION('ref_axis',(0.,-1.,0.));
#5589=DIRECTION('center_axis',(0.,0.,1.));
#5590=DIRECTION('ref_axis',(1.,0.,0.));
#5591=DIRECTION('center_axis',(-1.,2.01725779705586E-16,0.));
#5592=DIRECTION('ref_axis',(-2.01725779705586E-16,-1.,0.));
#5593=DIRECTION('',(0.,0.,1.));
#5594=DIRECTION('',(-2.01725779705586E-16,-1.,0.));
#5595=DIRECTION('center_axis',(1.,0.,0.));
#5596=DIRECTION('ref_axis',(0.,1.,0.));
#5597=DIRECTION('',(0.,1.,0.));
#5598=DIRECTION('',(0.,0.,1.));
#5599=DIRECTION('center_axis',(0.,0.,1.));
#5600=DIRECTION('ref_axis',(-1.,0.,0.));
#5601=DIRECTION('center_axis',(0.,0.,1.));
#5602=DIRECTION('ref_axis',(-1.,0.,0.));
#5603=DIRECTION('center_axis',(0.,0.,1.));
#5604=DIRECTION('ref_axis',(1.,0.,0.));
#5605=DIRECTION('axis',(0.,0.,1.));
#5606=DIRECTION('refdir',(1.,0.,0.));
#5607=DIRECTION('center_axis',(0.,0.,1.));
#5608=DIRECTION('ref_axis',(0.707106781186546,0.707106781186549,0.));
#5609=DIRECTION('center_axis',(0.,0.,-1.));
#5610=DIRECTION('ref_axis',(-0.9375,0.347985272676875,0.));
#5611=DIRECTION('',(0.,0.,1.));
#5612=DIRECTION('center_axis',(0.,0.,-1.));
#5613=DIRECTION('ref_axis',(-0.9375,0.347985272676875,0.));
#5614=DIRECTION('',(0.,0.,1.));
#5615=DIRECTION('center_axis',(-1.,-1.49906462903649E-17,0.));
#5616=DIRECTION('ref_axis',(1.49906462903649E-17,-1.,0.));
#5617=DIRECTION('',(1.49906462903649E-17,-1.,0.));
#5618=DIRECTION('',(0.,0.,1.));
#5619=DIRECTION('',(1.49906462903649E-17,-1.,0.));
#5620=DIRECTION('center_axis',(0.,0.,1.));
#5621=DIRECTION('ref_axis',(0.707106781186548,-0.707106781186547,0.));
#5622=DIRECTION('center_axis',(0.,0.,-1.));
#5623=DIRECTION('ref_axis',(0.347985272676874,0.937500000000001,0.));
#5624=DIRECTION('',(0.,0.,1.));
#5625=DIRECTION('center_axis',(0.,0.,-1.));
#5626=DIRECTION('ref_axis',(0.347985272676874,0.937500000000001,0.));
#5627=DIRECTION('center_axis',(0.,1.,0.));
#5628=DIRECTION('ref_axis',(-1.,0.,0.));
#5629=DIRECTION('',(-1.,0.,0.));
#5630=DIRECTION('',(0.,0.,1.));
#5631=DIRECTION('',(-1.,0.,0.));
#5632=DIRECTION('center_axis',(0.,0.,1.));
#5633=DIRECTION('ref_axis',(-0.707106781186547,-0.707106781186548,0.));
#5634=DIRECTION('center_axis',(0.,0.,-1.));
#5635=DIRECTION('ref_axis',(0.937500000000001,-0.347985272676875,0.));
#5636=DIRECTION('',(0.,0.,1.));
#5637=DIRECTION('center_axis',(0.,0.,-1.));
#5638=DIRECTION('ref_axis',(0.937500000000001,-0.347985272676875,0.));
#5639=DIRECTION('center_axis',(1.,0.,0.));
#5640=DIRECTION('ref_axis',(0.,1.,0.));
#5641=DIRECTION('',(0.,1.,0.));
#5642=DIRECTION('',(0.,0.,1.));
#5643=DIRECTION('',(0.,1.,0.));
#5644=DIRECTION('center_axis',(0.,0.,1.));
#5645=DIRECTION('ref_axis',(-0.707106781186548,0.707106781186547,0.));
#5646=DIRECTION('center_axis',(0.,0.,-1.));
#5647=DIRECTION('ref_axis',(-0.347985272676878,-0.9375,0.));
#5648=DIRECTION('',(0.,0.,1.));
#5649=DIRECTION('center_axis',(0.,0.,-1.));
#5650=DIRECTION('ref_axis',(-0.347985272676878,-0.9375,0.));
#5651=DIRECTION('center_axis',(0.,-1.,0.));
#5652=DIRECTION('ref_axis',(1.,0.,0.));
#5653=DIRECTION('',(1.,0.,0.));
#5654=DIRECTION('',(1.,0.,0.));
#5655=DIRECTION('center_axis',(0.,0.,-1.));
#5656=DIRECTION('ref_axis',(1.,0.,0.));
#5657=DIRECTION('center_axis',(0.,0.,-1.));
#5658=DIRECTION('ref_axis',(1.,0.,0.));
#5659=DIRECTION('center_axis',(0.,0.,-1.));
#5660=DIRECTION('ref_axis',(1.,0.,0.));
#5661=DIRECTION('center_axis',(0.,0.,-1.));
#5662=DIRECTION('ref_axis',(1.,0.,0.));
#5663=DIRECTION('center_axis',(0.,0.,-1.));
#5664=DIRECTION('ref_axis',(1.,0.,0.));
#5665=DIRECTION('center_axis',(0.,0.,-1.));
#5666=DIRECTION('ref_axis',(1.,0.,0.));
#5667=DIRECTION('center_axis',(0.,0.,1.));
#5668=DIRECTION('ref_axis',(1.,0.,0.));
#5669=DIRECTION('center_axis',(0.,0.,-1.));
#5670=DIRECTION('ref_axis',(1.,0.,0.));
#5671=DIRECTION('',(0.,0.,-1.));
#5672=DIRECTION('center_axis',(0.,0.,-1.));
#5673=DIRECTION('ref_axis',(1.,0.,0.));
#5674=DIRECTION('center_axis',(0.,0.,1.));
#5675=DIRECTION('ref_axis',(1.,0.,0.));
#5676=DIRECTION('center_axis',(0.,0.,-1.));
#5677=DIRECTION('ref_axis',(1.,0.,0.));
#5678=DIRECTION('center_axis',(0.,0.,1.));
#5679=DIRECTION('ref_axis',(1.,0.,0.));
#5680=DIRECTION('center_axis',(0.,0.,-1.));
#5681=DIRECTION('ref_axis',(1.,0.,0.));
#5682=DIRECTION('',(0.,0.,-1.));
#5683=DIRECTION('center_axis',(0.,0.,-1.));
#5684=DIRECTION('ref_axis',(1.,0.,0.));
#5685=DIRECTION('center_axis',(0.,0.,1.));
#5686=DIRECTION('ref_axis',(1.,0.,0.));
#5687=DIRECTION('center_axis',(0.,0.,-1.));
#5688=DIRECTION('ref_axis',(1.,0.,0.));
#5689=DIRECTION('center_axis',(0.,0.,1.));
#5690=DIRECTION('ref_axis',(1.,0.,0.));
#5691=DIRECTION('center_axis',(0.,0.,-1.));
#5692=DIRECTION('ref_axis',(1.,0.,0.));
#5693=DIRECTION('',(0.,0.,-1.));
#5694=DIRECTION('center_axis',(0.,0.,-1.));
#5695=DIRECTION('ref_axis',(1.,0.,0.));
#5696=DIRECTION('center_axis',(0.,0.,1.));
#5697=DIRECTION('ref_axis',(1.,0.,0.));
#5698=DIRECTION('center_axis',(0.,0.,-1.));
#5699=DIRECTION('ref_axis',(1.,0.,0.));
#5700=DIRECTION('center_axis',(0.,0.,1.));
#5701=DIRECTION('ref_axis',(1.,0.,0.));
#5702=DIRECTION('center_axis',(0.,0.,-1.));
#5703=DIRECTION('ref_axis',(1.,0.,0.));
#5704=DIRECTION('',(0.,0.,-1.));
#5705=DIRECTION('center_axis',(0.,0.,-1.));
#5706=DIRECTION('ref_axis',(1.,0.,0.));
#5707=DIRECTION('center_axis',(0.,0.,1.));
#5708=DIRECTION('ref_axis',(1.,0.,0.));
#5709=DIRECTION('center_axis',(0.,0.,-1.));
#5710=DIRECTION('ref_axis',(1.,0.,0.));
#5711=DIRECTION('center_axis',(0.,0.,1.));
#5712=DIRECTION('ref_axis',(1.,0.,0.));
#5713=DIRECTION('center_axis',(0.,0.,-1.));
#5714=DIRECTION('ref_axis',(1.,0.,0.));
#5715=DIRECTION('',(0.,0.,-1.));
#5716=DIRECTION('center_axis',(0.,0.,1.));
#5717=DIRECTION('ref_axis',(1.,0.,0.));
#5718=DIRECTION('center_axis',(0.,0.,-1.));
#5719=DIRECTION('ref_axis',(1.,0.,0.));
#5720=DIRECTION('',(0.,0.,-1.));
#5721=DIRECTION('center_axis',(0.,0.,1.));
#5722=DIRECTION('ref_axis',(1.,0.,0.));
#5723=DIRECTION('center_axis',(0.,0.,-1.));
#5724=DIRECTION('ref_axis',(1.,0.,0.));
#5725=DIRECTION('',(0.,0.,-1.));
#5726=DIRECTION('center_axis',(0.,0.,1.));
#5727=DIRECTION('ref_axis',(1.,0.,0.));
#5728=DIRECTION('center_axis',(0.,0.,-1.));
#5729=DIRECTION('ref_axis',(1.,0.,0.));
#5730=DIRECTION('',(0.,0.,-1.));
#5731=DIRECTION('center_axis',(0.,0.,1.));
#5732=DIRECTION('ref_axis',(1.,0.,0.));
#5733=DIRECTION('center_axis',(0.,0.,-1.));
#5734=DIRECTION('ref_axis',(1.,0.,0.));
#5735=DIRECTION('',(0.,0.,-1.));
#5736=DIRECTION('center_axis',(0.,0.,1.));
#5737=DIRECTION('ref_axis',(1.,0.,0.));
#5738=DIRECTION('center_axis',(0.,0.,-1.));
#5739=DIRECTION('ref_axis',(1.,0.,0.));
#5740=DIRECTION('center_axis',(0.,0.,1.));
#5741=DIRECTION('ref_axis',(1.,0.,0.));
#5742=DIRECTION('center_axis',(0.,0.,1.));
#5743=DIRECTION('ref_axis',(1.,0.,0.));
#5744=DIRECTION('',(0.,0.,-1.));
#5745=DIRECTION('center_axis',(0.,0.,-1.));
#5746=DIRECTION('ref_axis',(1.,0.,0.));
#5747=DIRECTION('center_axis',(0.,0.,1.));
#5748=DIRECTION('ref_axis',(1.,0.,0.));
#5749=DIRECTION('center_axis',(0.,0.,-1.));
#5750=DIRECTION('ref_axis',(1.,0.,0.));
#5751=DIRECTION('',(0.,0.,-1.));
#5752=DIRECTION('center_axis',(0.,0.,1.));
#5753=DIRECTION('ref_axis',(1.,0.,0.));
#5754=DIRECTION('center_axis',(0.,0.,1.));
#5755=DIRECTION('ref_axis',(1.,0.,0.));
#5756=DIRECTION('center_axis',(0.,0.,-1.));
#5757=DIRECTION('ref_axis',(1.,0.,0.));
#5758=DIRECTION('',(0.,0.,-1.));
#5759=DIRECTION('center_axis',(0.,0.,1.));
#5760=DIRECTION('ref_axis',(1.,0.,0.));
#5761=DIRECTION('center_axis',(0.,0.,-1.));
#5762=DIRECTION('ref_axis',(1.,0.,0.));
#5763=DIRECTION('',(0.,0.,-1.));
#5764=DIRECTION('center_axis',(0.,0.,1.));
#5765=DIRECTION('ref_axis',(1.,0.,0.));
#5766=DIRECTION('center_axis',(0.,0.,-1.));
#5767=DIRECTION('ref_axis',(1.,0.,0.));
#5768=DIRECTION('',(0.,0.,-1.));
#5769=DIRECTION('center_axis',(0.,0.,1.));
#5770=DIRECTION('ref_axis',(1.,0.,0.));
#5771=DIRECTION('center_axis',(0.,0.,-1.));
#5772=DIRECTION('ref_axis',(1.,0.,0.));
#5773=DIRECTION('',(0.,0.,-1.));
#5774=DIRECTION('center_axis',(-1.,-1.11022302462516E-16,0.));
#5775=DIRECTION('ref_axis',(1.11022302462516E-16,-1.,0.));
#5776=DIRECTION('',(1.11022302462516E-16,-1.,0.));
#5777=DIRECTION('',(0.,0.,1.));
#5778=DIRECTION('',(1.11022302462516E-16,-1.,0.));
#5779=DIRECTION('',(0.,0.,1.));
#5780=DIRECTION('center_axis',(0.,0.,1.));
#5781=DIRECTION('ref_axis',(-1.2490009027033E-15,1.,0.));
#5782=DIRECTION('center_axis',(0.,0.,1.));
#5783=DIRECTION('ref_axis',(-1.2490009027033E-15,1.,0.));
#5784=DIRECTION('center_axis',(0.,0.,1.));
#5785=DIRECTION('ref_axis',(-1.2490009027033E-15,1.,0.));
#5786=DIRECTION('',(0.,0.,1.));
#5787=DIRECTION('center_axis',(0.,1.,0.));
#5788=DIRECTION('ref_axis',(-1.,0.,0.));
#5789=DIRECTION('',(-1.,0.,0.));
#5790=DIRECTION('',(-1.,0.,0.));
#5791=DIRECTION('',(0.,0.,1.));
#5792=DIRECTION('center_axis',(0.,0.,1.));
#5793=DIRECTION('ref_axis',(1.,1.11022302462516E-15,0.));
#5794=DIRECTION('center_axis',(0.,0.,1.));
#5795=DIRECTION('ref_axis',(1.,1.11022302462516E-15,0.));
#5796=DIRECTION('center_axis',(0.,0.,1.));
#5797=DIRECTION('ref_axis',(1.,1.11022302462516E-15,0.));
#5798=DIRECTION('',(0.,0.,1.));
#5799=DIRECTION('center_axis',(1.,0.,0.));
#5800=DIRECTION('ref_axis',(0.,1.,0.));
#5801=DIRECTION('',(0.,1.,0.));
#5802=DIRECTION('',(0.,1.,0.));
#5803=DIRECTION('',(0.,0.,1.));
#5804=DIRECTION('center_axis',(0.,0.,1.));
#5805=DIRECTION('ref_axis',(1.11022302462516E-15,-1.,0.));
#5806=DIRECTION('center_axis',(0.,0.,1.));
#5807=DIRECTION('ref_axis',(1.11022302462516E-15,-1.,0.));
#5808=DIRECTION('center_axis',(0.,0.,1.));
#5809=DIRECTION('ref_axis',(1.11022302462516E-15,-1.,0.));
#5810=DIRECTION('',(0.,0.,1.));
#5811=DIRECTION('center_axis',(0.,-1.,0.));
#5812=DIRECTION('ref_axis',(1.,0.,0.));
#5813=DIRECTION('',(1.,0.,0.));
#5814=DIRECTION('',(1.,0.,0.));
#5815=DIRECTION('',(0.,0.,1.));
#5816=DIRECTION('center_axis',(0.,0.,1.));
#5817=DIRECTION('ref_axis',(-1.,2.77555756156289E-16,0.));
#5818=DIRECTION('center_axis',(0.,0.,1.));
#5819=DIRECTION('ref_axis',(-1.,2.77555756156289E-16,0.));
#5820=DIRECTION('center_axis',(0.,0.,1.));
#5821=DIRECTION('ref_axis',(-1.,2.77555756156289E-16,0.));
#5822=DIRECTION('center_axis',(0.,0.,1.));
#5823=DIRECTION('ref_axis',(1.,0.,0.));
#5824=DIRECTION('center_axis',(0.,0.,1.));
#5825=DIRECTION('ref_axis',(1.,0.,0.));
#5826=DIRECTION('axis',(0.,0.,1.));
#5827=DIRECTION('refdir',(1.,0.,0.));
#5828=DIRECTION('center_axis',(1.,0.,0.));
#5829=DIRECTION('ref_axis',(0.,1.,0.));
#5830=DIRECTION('',(0.,1.,0.));
#5831=DIRECTION('',(0.,0.,-1.));
#5832=DIRECTION('',(0.,1.,0.));
#5833=DIRECTION('',(0.,0.,1.));
#5834=DIRECTION('center_axis',(0.,0.,-1.));
#5835=DIRECTION('ref_axis',(1.,0.,0.));
#5836=DIRECTION('center_axis',(0.,0.,1.));
#5837=DIRECTION('ref_axis',(-1.,-5.55111512312579E-16,0.));
#5838=DIRECTION('',(-1.,0.,0.));
#5839=DIRECTION('',(1.,0.,0.));
#5840=DIRECTION('center_axis',(0.,0.,1.));
#5841=DIRECTION('ref_axis',(5.55111512312579E-16,-1.,0.));
#5842=DIRECTION('',(-7.11681426041767E-17,-1.,0.));
#5843=DIRECTION('center_axis',(0.,0.,-1.));
#5844=DIRECTION('ref_axis',(1.,0.,0.));
#5845=DIRECTION('center_axis',(-1.,0.,0.));
#5846=DIRECTION('ref_axis',(0.,-1.,0.));
#5847=DIRECTION('',(0.,-1.,0.));
#5848=DIRECTION('',(0.,0.,-1.));
#5849=DIRECTION('',(0.,-1.,0.));
#5850=DIRECTION('',(0.,0.,1.));
#5851=DIRECTION('',(0.,-1.,0.));
#5852=DIRECTION('center_axis',(0.,0.,-1.));
#5853=DIRECTION('ref_axis',(1.,0.,0.));
#5854=DIRECTION('',(-1.,0.,0.));
#5855=DIRECTION('center_axis',(0.,0.,1.));
#5856=DIRECTION('ref_axis',(0.,1.,0.));
#5857=DIRECTION('',(0.,1.,0.));
#5858=DIRECTION('center_axis',(0.,0.,1.));
#5859=DIRECTION('ref_axis',(1.,-1.66533453693773E-15,0.));
#5860=DIRECTION('',(1.,0.,0.));
#5861=DIRECTION('center_axis',(0.,0.,-1.));
#5862=DIRECTION('ref_axis',(1.,0.,0.));
#5863=DIRECTION('center_axis',(0.,0.,-1.));
#5864=DIRECTION('ref_axis',(-1.,0.,0.));
#5865=DIRECTION('',(-1.,0.,0.));
#5866=DIRECTION('center_axis',(0.,0.,1.));
#5867=DIRECTION('ref_axis',(-0.794228270980464,0.607619497362768,0.));
#5868=DIRECTION('center_axis',(0.,0.,-1.));
#5869=DIRECTION('ref_axis',(0.794228270980458,-0.607619497362775,0.));
#5870=DIRECTION('center_axis',(0.,0.,1.));
#5871=DIRECTION('ref_axis',(0.0804353656811999,-0.996759826612074,0.));
#5872=DIRECTION('center_axis',(0.,0.,-1.));
#5873=DIRECTION('ref_axis',(-0.0804353656812039,0.996759826612074,0.));
#5874=DIRECTION('center_axis',(0.,0.,1.));
#5875=DIRECTION('ref_axis',(-0.794228270980464,0.607619497362768,0.));
#5876=DIRECTION('',(-1.,0.,0.));
#5877=DIRECTION('center_axis',(0.,0.,1.));
#5878=DIRECTION('ref_axis',(-1.,-5.55111512312579E-16,0.));
#5879=DIRECTION('',(0.,0.,1.));
#5880=DIRECTION('center_axis',(0.,0.,1.));
#5881=DIRECTION('ref_axis',(-1.,-5.55111512312579E-16,0.));
#5882=DIRECTION('',(0.,0.,1.));
#5883=DIRECTION('center_axis',(1.,0.,0.));
#5884=DIRECTION('ref_axis',(0.,1.,0.));
#5885=DIRECTION('',(0.,0.,1.));
#5886=DIRECTION('',(0.,1.,0.));
#5887=DIRECTION('',(0.,0.,1.));
#5888=DIRECTION('center_axis',(0.,0.,1.));
#5889=DIRECTION('ref_axis',(0.,1.,0.));
#5890=DIRECTION('',(0.,0.,1.));
#5891=DIRECTION('center_axis',(0.,0.,1.));
#5892=DIRECTION('ref_axis',(0.,1.,0.));
#5893=DIRECTION('center_axis',(0.,1.,0.));
#5894=DIRECTION('ref_axis',(0.,0.,1.));
#5895=DIRECTION('',(-1.,0.,0.));
#5896=DIRECTION('',(0.,0.,1.));
#5897=DIRECTION('',(1.,0.,0.));
#5898=DIRECTION('',(0.894454333511363,0.,-0.447159306358197));
#5899=DIRECTION('',(0.,0.,-1.));
#5900=DIRECTION('',(-1.,0.,0.));
#5901=DIRECTION('',(-1.,0.,0.));
#5902=DIRECTION('center_axis',(0.,0.,-1.));
#5903=DIRECTION('ref_axis',(-1.,0.,0.));
#5904=DIRECTION('center_axis',(0.,0.,1.));
#5905=DIRECTION('ref_axis',(-0.794228270980464,0.607619497362768,0.));
#5906=DIRECTION('center_axis',(0.,0.,1.));
#5907=DIRECTION('ref_axis',(1.,0.,0.));
#5908=DIRECTION('center_axis',(0.,0.,-1.));
#5909=DIRECTION('ref_axis',(1.,0.,0.));
#5910=DIRECTION('',(0.,0.,-1.));
#5911=DIRECTION('center_axis',(0.,0.,1.));
#5912=DIRECTION('ref_axis',(1.,-1.66533453693773E-15,0.));
#5913=DIRECTION('center_axis',(0.,0.,1.));
#5914=DIRECTION('ref_axis',(1.,-1.66533453693773E-15,0.));
#5915=DIRECTION('',(0.,0.,1.));
#5916=DIRECTION('center_axis',(0.,0.,-1.));
#5917=DIRECTION('ref_axis',(1.,0.,0.));
#5918=DIRECTION('',(0.,1.,0.));
#5919=DIRECTION('',(1.,0.,0.));
#5920=DIRECTION('center_axis',(0.,0.,1.));
#5921=DIRECTION('ref_axis',(1.,0.,0.));
#5922=DIRECTION('center_axis',(0.,0.,-1.));
#5923=DIRECTION('ref_axis',(1.,0.,0.));
#5924=DIRECTION('',(0.,0.,-1.));
#5925=DIRECTION('center_axis',(0.,0.,1.));
#5926=DIRECTION('ref_axis',(5.55111512312579E-16,-1.,0.));
#5927=DIRECTION('',(0.,0.,1.));
#5928=DIRECTION('center_axis',(0.,0.,1.));
#5929=DIRECTION('ref_axis',(5.55111512312579E-16,-1.,0.));
#5930=DIRECTION('',(0.,0.,1.));
#5931=DIRECTION('center_axis',(-1.,7.11681426041767E-17,0.));
#5932=DIRECTION('ref_axis',(-7.11681426041767E-17,-1.,0.));
#5933=DIRECTION('',(-7.11681426041767E-17,-1.,0.));
#5934=DIRECTION('center_axis',(0.,0.,-1.));
#5935=DIRECTION('ref_axis',(1.,0.,0.));
#5936=DIRECTION('',(1.,-9.91270557701032E-17,0.));
#5937=DIRECTION('',(0.,-1.,0.));
#5938=DIRECTION('center_axis',(0.,0.,-1.));
#5939=DIRECTION('ref_axis',(1.,0.,0.));
#5940=DIRECTION('center_axis',(0.,0.,-1.));
#5941=DIRECTION('ref_axis',(1.,0.,0.));
#5942=DIRECTION('',(0.,0.,1.));
#5943=DIRECTION('center_axis',(0.,0.,1.));
#5944=DIRECTION('ref_axis',(1.,0.,0.));
#5945=DIRECTION('center_axis',(0.,0.,-1.));
#5946=DIRECTION('ref_axis',(1.,0.,0.));
#5947=DIRECTION('center_axis',(0.,0.,-1.));
#5948=DIRECTION('ref_axis',(-0.0804353656812039,0.996759826612074,0.));
#5949=DIRECTION('',(0.,0.,-1.));
#5950=DIRECTION('center_axis',(0.,0.,1.));
#5951=DIRECTION('ref_axis',(-0.0804353656812039,0.996759826612074,0.));
#5952=DIRECTION('',(0.,0.,-1.));
#5953=DIRECTION('center_axis',(0.,0.,-1.));
#5954=DIRECTION('ref_axis',(0.999963911732532,0.00849560077764522,0.));
#5955=DIRECTION('center_axis',(0.,0.,1.));
#5956=DIRECTION('ref_axis',(-0.794228270980464,0.607619497362768,0.));
#5957=DIRECTION('center_axis',(0.,0.,-1.));
#5958=DIRECTION('ref_axis',(-0.794228270980464,0.607619497362768,0.));
#5959=DIRECTION('',(0.,0.,-1.));
#5960=DIRECTION('center_axis',(0.,0.,-1.));
#5961=DIRECTION('ref_axis',(0.794228270980458,-0.607619497362775,0.));
#5962=DIRECTION('center_axis',(0.,0.,1.));
#5963=DIRECTION('ref_axis',(0.794228270980458,-0.607619497362775,0.));
#5964=DIRECTION('',(0.,0.,-1.));
#5965=DIRECTION('center_axis',(0.,0.,-1.));
#5966=DIRECTION('ref_axis',(-0.999963911732532,-0.008495600777645,0.));
#5967=DIRECTION('center_axis',(0.,0.,-1.));
#5968=DIRECTION('ref_axis',(0.0804353656811999,-0.996759826612074,0.));
#5969=DIRECTION('center_axis',(0.,0.,-1.));
#5970=DIRECTION('ref_axis',(1.,0.,0.));
#5971=DIRECTION('center_axis',(0.,0.,-1.));
#5972=DIRECTION('ref_axis',(-1.,0.,0.));
#5973=DIRECTION('',(1.,0.,0.));
#5974=DIRECTION('center_axis',(0.,0.,1.));
#5975=DIRECTION('ref_axis',(1.,0.,0.));
#5976=DIRECTION('',(1.,0.,0.));
#5977=DIRECTION('',(0.,1.,0.));
#5978=DIRECTION('',(0.,1.,0.));
#5979=DIRECTION('center_axis',(-1.,0.,0.));
#5980=DIRECTION('ref_axis',(0.,0.,1.));
#5981=DIRECTION('',(0.,0.,1.));
#5982=DIRECTION('center_axis',(1.,0.,0.));
#5983=DIRECTION('ref_axis',(0.,0.,-1.));
#5984=DIRECTION('',(0.,1.,0.));
#5985=DIRECTION('',(0.,0.,-1.));
#5986=DIRECTION('center_axis',(0.447159306358197,0.,0.894454333511363));
#5987=DIRECTION('ref_axis',(0.894454333511363,0.,-0.447159306358197));
#5988=DIRECTION('',(0.894454333511363,0.,-0.447159306358197));
#5989=DIRECTION('center_axis',(0.,1.,0.));
#5990=DIRECTION('ref_axis',(1.,0.,0.));
#5991=DIRECTION('axis',(0.,0.,1.));
#5992=DIRECTION('refdir',(1.,0.,0.));
#5993=DIRECTION('center_axis',(0.,-1.,0.));
#5994=DIRECTION('ref_axis',(-1.,0.,0.));
#5995=DIRECTION('',(0.,0.,1.));
#5996=DIRECTION('',(1.,0.,0.));
#5997=DIRECTION('',(0.,0.,1.));
#5998=DIRECTION('',(-1.,0.,0.));
#5999=DIRECTION('',(0.,0.,1.));
#6000=DIRECTION('',(1.,0.,0.));
#6001=DIRECTION('',(0.,0.,-1.));
#6002=DIRECTION('',(-1.,0.,0.));
#6003=DIRECTION('center_axis',(0.,-1.,0.));
#6004=DIRECTION('ref_axis',(-1.,0.,0.));
#6005=DIRECTION('',(1.,0.,0.));
#6006=DIRECTION('',(0.,0.,-1.));
#6007=DIRECTION('',(-1.,0.,0.));
#6008=DIRECTION('',(0.,0.,-1.));
#6009=DIRECTION('',(1.,0.,0.));
#6010=DIRECTION('',(0.,0.,-1.));
#6011=DIRECTION('',(-1.,0.,0.));
#6012=DIRECTION('',(0.,0.,1.));
#6013=DIRECTION('center_axis',(0.,0.,-1.));
#6014=DIRECTION('ref_axis',(-1.,0.,0.));
#6015=DIRECTION('',(0.,1.,0.));
#6016=DIRECTION('',(-1.,0.,0.));
#6017=DIRECTION('',(0.,-1.,0.));
#6018=DIRECTION('center_axis',(1.,0.,0.));
#6019=DIRECTION('ref_axis',(0.,-1.,0.));
#6020=DIRECTION('',(0.,1.,0.));
#6021=DIRECTION('',(0.,0.,-1.));
#6022=DIRECTION('center_axis',(1.,0.,0.));
#6023=DIRECTION('ref_axis',(0.,0.,-1.));
#6024=DIRECTION('',(0.,-1.,0.));
#6025=DIRECTION('',(0.,-0.70701846429581,-0.707195087047976));
#6026=DIRECTION('',(0.,0.707106781186549,-0.707106781186546));
#6027=DIRECTION('',(0.,1.,0.));
#6028=DIRECTION('',(0.,1.50030138462859E-16,-1.));
#6029=DIRECTION('',(0.,1.,0.));
#6030=DIRECTION('center_axis',(1.,0.,0.));
#6031=DIRECTION('ref_axis',(0.,-1.,0.));
#6032=DIRECTION('',(0.,-1.,0.));
#6033=DIRECTION('',(0.,0.,1.));
#6034=DIRECTION('',(0.,-1.,0.));
#6035=DIRECTION('center_axis',(1.,0.,0.));
#6036=DIRECTION('ref_axis',(0.,1.,0.));
#6037=DIRECTION('',(0.,-1.,0.));
#6038=DIRECTION('',(0.,-1.50030138462859E-16,1.));
#6039=DIRECTION('',(0.,-1.,0.));
#6040=DIRECTION('',(0.,-0.707106781186549,0.707106781186546));
#6041=DIRECTION('',(0.,0.,1.));
#6042=DIRECTION('',(0.,1.,0.));
#6043=DIRECTION('',(0.,2.78166275459272E-16,-1.));
#6044=DIRECTION('',(0.,-0.707195087047976,0.70701846429581));
#6045=DIRECTION('',(0.,-1.,0.));
#6046=DIRECTION('center_axis',(0.,0.,-1.));
#6047=DIRECTION('ref_axis',(0.,1.,0.));
#6048=DIRECTION('',(1.,0.,0.));
#6049=DIRECTION('',(0.,-1.,0.));
#6050=DIRECTION('',(1.,0.,0.));
#6051=DIRECTION('center_axis',(0.,0.,-1.));
#6052=DIRECTION('ref_axis',(-1.,0.,0.));
#6053=DIRECTION('',(-1.,0.,0.));
#6054=DIRECTION('',(0.,1.,0.));
#6055=DIRECTION('',(1.,0.,0.));
#6056=DIRECTION('',(0.,-1.,0.));
#6057=DIRECTION('center_axis',(0.,-1.,0.));
#6058=DIRECTION('ref_axis',(0.,0.,-1.));
#6059=DIRECTION('',(0.523613590607244,0.,-0.851955871939028));
#6060=DIRECTION('',(-0.776046407066546,0.,0.630675807431286));
#6061=DIRECTION('',(-0.988047328097475,-5.16995552960397E-32,0.154150826917795));
#6062=DIRECTION('center_axis',(0.,-1.,0.));
#6063=DIRECTION('ref_axis',(0.,0.,-1.));
#6064=DIRECTION('',(1.,0.,0.));
#6065=DIRECTION('',(1.,0.,0.));
#6066=DIRECTION('center_axis',(0.,1.,0.));
#6067=DIRECTION('ref_axis',(0.683157128775741,0.,0.730271413518896));
#6068=DIRECTION('center_axis',(0.,1.,0.));
#6069=DIRECTION('ref_axis',(-2.22044604925031E-15,0.,-1.));
#6070=DIRECTION('',(-3.31409858097062E-16,0.,1.));
#6071=DIRECTION('center_axis',(0.,1.,0.));
#6072=DIRECTION('ref_axis',(-1.,0.,4.4408920985006E-15));
#6073=DIRECTION('',(1.,0.,0.));
#6074=DIRECTION('center_axis',(0.,1.,0.));
#6075=DIRECTION('ref_axis',(1.55431223447515E-14,0.,1.));
#6076=DIRECTION('',(0.730271413518895,0.,-0.683157128775741));
#6077=DIRECTION('center_axis',(0.,1.,0.));
#6078=DIRECTION('ref_axis',(1.,0.,0.));
#6079=DIRECTION('center_axis',(0.,-1.,0.));
#6080=DIRECTION('ref_axis',(1.,0.,0.));
#6081=DIRECTION('center_axis',(0.,-1.,0.));
#6082=DIRECTION('ref_axis',(1.,0.,0.));
#6083=DIRECTION('',(0.,1.,0.));
#6084=DIRECTION('center_axis',(0.,-1.,0.));
#6085=DIRECTION('ref_axis',(1.,0.,0.));
#6086=DIRECTION('center_axis',(0.,1.,0.));
#6087=DIRECTION('ref_axis',(-2.22044604925031E-15,0.,-1.));
#6088=DIRECTION('center_axis',(0.,-0.70701846429581,-0.707195087047976));
#6089=DIRECTION('ref_axis',(-1.56989635579265E-15,0.707195087047976,-0.70701846429581));
#6090=DIRECTION('center_axis',(0.,-1.,-2.78166275459272E-16));
#6091=DIRECTION('ref_axis',(-2.22044604925031E-15,0.,-1.));
#6092=DIRECTION('',(0.,1.,0.));
#6093=DIRECTION('center_axis',(-1.,0.,-3.31409858097062E-16));
#6094=DIRECTION('ref_axis',(-3.31409858097062E-16,0.,1.));
#6095=DIRECTION('',(3.31409858097062E-16,2.78166275459272E-16,-1.));
#6096=DIRECTION('',(0.,1.,0.));
#6097=DIRECTION('center_axis',(0.,1.,0.));
#6098=DIRECTION('ref_axis',(-1.,0.,4.4408920985006E-15));
#6099=DIRECTION('center_axis',(0.,-1.,-2.78166275459272E-16));
#6100=DIRECTION('ref_axis',(-1.,0.,4.4408920985006E-15));
#6101=DIRECTION('',(0.,1.,0.));
#6102=DIRECTION('center_axis',(0.,0.,1.));
#6103=DIRECTION('ref_axis',(1.,0.,0.));
#6104=DIRECTION('',(-1.,0.,0.));
#6105=DIRECTION('',(0.,-1.,0.));
#6106=DIRECTION('center_axis',(0.,1.,0.));
#6107=DIRECTION('ref_axis',(0.683157128775741,0.,0.730271413518896));
#6108=DIRECTION('',(0.,1.,0.));
#6109=DIRECTION('center_axis',(0.,-1.,-2.78166275459272E-16));
#6110=DIRECTION('ref_axis',(0.683157128775741,0.,0.730271413518896));
#6111=DIRECTION('center_axis',(0.,-0.70701846429581,-0.707195087047976));
#6112=DIRECTION('ref_axis',(-4.90592611185203E-17,-0.707195087047976,0.70701846429581));
#6113=DIRECTION('center_axis',(0.683157128775741,0.,0.730271413518895));
#6114=DIRECTION('ref_axis',(0.730271413518895,0.,-0.683157128775741));
#6115=DIRECTION('',(0.,1.,0.));
#6116=DIRECTION('',(-0.730271413518895,-1.90031274064998E-16,0.683157128775741));
#6117=DIRECTION('center_axis',(0.,1.,0.));
#6118=DIRECTION('ref_axis',(1.55431223447515E-14,0.,1.));
#6119=DIRECTION('center_axis',(0.,-1.,-2.78166275459272E-16));
#6120=DIRECTION('ref_axis',(1.55431223447515E-14,0.,1.));
#6121=DIRECTION('center_axis',(0.,-1.,0.));
#6122=DIRECTION('ref_axis',(0.,0.,-1.));
#6123=DIRECTION('center_axis',(0.,1.,0.));
#6124=DIRECTION('ref_axis',(0.,0.,-1.));
#6125=DIRECTION('',(0.,-1.,0.));
#6126=DIRECTION('',(0.,-1.,0.));
#6127=DIRECTION('center_axis',(0.154150826917795,0.,0.988047328097475));
#6128=DIRECTION('ref_axis',(-0.988047328097475,-5.16995552960397E-32,0.154150826917795));
#6129=DIRECTION('',(0.988047328097475,5.16995552960397E-32,-0.154150826917795));
#6130=DIRECTION('',(0.,-1.,0.));
#6131=DIRECTION('center_axis',(0.,0.,-1.));
#6132=DIRECTION('ref_axis',(1.,0.,0.));
#6133=DIRECTION('',(-1.,0.,0.));
#6134=DIRECTION('center_axis',(-0.754709580222772,0.463961722115553,-0.463845847164268));
#6135=DIRECTION('ref_axis',(0.656059028990507,0.533726907281585,-0.53359360839844));
#6136=DIRECTION('',(-0.656059026076196,-0.533660263793339,0.53366026379334));
#6137=DIRECTION('',(0.656059028990507,0.533726907281585,-0.53359360839844));
#6138=DIRECTION('',(-0.656058908336292,-0.534155599990674,0.533164612283295));
#6139=DIRECTION('center_axis',(0.,-0.707106781186548,-0.707106781186547));
#6140=DIRECTION('ref_axis',(0.,0.707106781186547,-0.707106781186548));
#6141=DIRECTION('',(1.,0.,0.));
#6142=DIRECTION('center_axis',(-1.,0.,0.));
#6143=DIRECTION('ref_axis',(0.,1.,0.));
#6144=DIRECTION('',(0.,-1.,0.));
#6145=DIRECTION('',(0.,0.,-1.));
#6146=DIRECTION('center_axis',(0.,-1.,0.));
#6147=DIRECTION('ref_axis',(-1.,0.,0.));
#6148=DIRECTION('',(-1.,0.,0.));
#6149=DIRECTION('',(0.,0.,-1.));
#6150=DIRECTION('',(1.,0.,0.));
#6151=DIRECTION('',(-1.,0.,0.));
#6152=DIRECTION('',(0.,0.,-1.));
#6153=DIRECTION('',(1.,0.,0.));
#6154=DIRECTION('',(0.,0.,-1.));
#6155=DIRECTION('center_axis',(-0.630675807431286,0.,-0.776046407066546));
#6156=DIRECTION('ref_axis',(0.776046407066546,-4.27112024325995E-32,-0.630675807431286));
#6157=DIRECTION('',(-0.776046407066546,4.27112024325995E-32,0.630675807431286));
#6158=DIRECTION('center_axis',(0.,0.70701846429581,0.707195087047976));
#6159=DIRECTION('ref_axis',(0.,-0.707195087047976,0.70701846429581));
#6160=DIRECTION('',(1.,0.,0.));
#6161=DIRECTION('',(1.,0.,0.));
#6162=DIRECTION('',(1.,0.,0.));
#6163=DIRECTION('center_axis',(0.,1.,2.78166275459272E-16));
#6164=DIRECTION('ref_axis',(0.,-2.78166275459272E-16,1.));
#6165=DIRECTION('center_axis',(0.,0.,1.));
#6166=DIRECTION('ref_axis',(0.,-1.,0.));
#6167=DIRECTION('',(0.,-1.,0.));
#6168=DIRECTION('center_axis',(0.,0.,-1.));
#6169=DIRECTION('ref_axis',(-1.,0.,0.));
#6170=DIRECTION('',(0.,-1.,0.));
#6171=DIRECTION('center_axis',(-1.,0.,0.));
#6172=DIRECTION('ref_axis',(0.,1.,0.));
#6173=DIRECTION('',(0.,1.,0.));
#6174=DIRECTION('center_axis',(-1.,0.,0.));
#6175=DIRECTION('ref_axis',(0.,1.,0.));
#6176=DIRECTION('',(0.,1.,0.));
#6177=DIRECTION('center_axis',(0.,0.,-1.));
#6178=DIRECTION('ref_axis',(-1.,0.,0.));
#6179=DIRECTION('',(0.,1.,0.));
#6180=DIRECTION('center_axis',(1.,0.,0.));
#6181=DIRECTION('ref_axis',(0.,-1.,0.));
#6182=DIRECTION('center_axis',(0.,0.,-1.));
#6183=DIRECTION('ref_axis',(-1.,0.,0.));
#6184=DIRECTION('center_axis',(0.,-1.,-1.50030138462859E-16));
#6185=DIRECTION('ref_axis',(0.,1.50030138462859E-16,-1.));
#6186=DIRECTION('',(1.,0.,0.));
#6187=DIRECTION('center_axis',(0.,0.,-1.));
#6188=DIRECTION('ref_axis',(0.,1.,0.));
#6189=DIRECTION('axis',(0.,0.,1.));
#6190=DIRECTION('refdir',(1.,0.,0.));
#6191=DIRECTION('center_axis',(-1.,0.,0.));
#6192=DIRECTION('ref_axis',(0.,1.,0.));
#6193=DIRECTION('',(0.,-1.,0.));
#6194=DIRECTION('',(0.,0.,-1.));
#6195=DIRECTION('',(0.,1.,0.));
#6196=DIRECTION('',(0.,0.,-1.));
#6197=DIRECTION('',(0.,-1.,0.));
#6198=DIRECTION('',(0.,0.,-1.));
#6199=DIRECTION('',(0.,1.,0.));
#6200=DIRECTION('',(0.,0.,1.));
#6201=DIRECTION('center_axis',(-1.,0.,0.));
#6202=DIRECTION('ref_axis',(0.,1.,0.));
#6203=DIRECTION('',(0.,-1.,0.));
#6204=DIRECTION('',(0.,0.,-1.));
#6205=DIRECTION('',(0.,1.,0.));
#6206=DIRECTION('',(0.,0.,1.));
#6207=DIRECTION('',(0.,-1.,0.));
#6208=DIRECTION('',(0.,0.,1.));
#6209=DIRECTION('',(0.,1.,0.));
#6210=DIRECTION('',(0.,0.,1.));
#6211=DIRECTION('center_axis',(0.,0.,-1.));
#6212=DIRECTION('ref_axis',(-1.,0.,0.));
#6213=DIRECTION('',(1.,0.,0.));
#6214=DIRECTION('',(0.,1.,0.));
#6215=DIRECTION('',(-1.,0.,0.));
#6216=DIRECTION('center_axis',(0.,1.,0.));
#6217=DIRECTION('ref_axis',(1.,0.,0.));
#6218=DIRECTION('',(-1.,0.,0.));
#6219=DIRECTION('',(0.,0.,-1.));
#6220=DIRECTION('center_axis',(0.,0.,-1.));
#6221=DIRECTION('ref_axis',(-1.,0.,0.));
#6222=DIRECTION('',(-1.,0.,0.));
#6223=DIRECTION('',(0.,-1.,0.));
#6224=DIRECTION('center_axis',(0.,-1.,0.));
#6225=DIRECTION('ref_axis',(-1.,0.,0.));
#6226=DIRECTION('',(1.,0.,0.));
#6227=DIRECTION('',(0.,0.,1.));
#6228=DIRECTION('center_axis',(0.,-1.,0.));
#6229=DIRECTION('ref_axis',(-1.,0.,0.));
#6230=DIRECTION('',(1.,0.,0.));
#6231=DIRECTION('',(0.,0.,-1.));
#6232=DIRECTION('',(1.,0.,0.));
#6233=DIRECTION('center_axis',(0.,1.,0.));
#6234=DIRECTION('ref_axis',(1.,0.,0.));
#6235=DIRECTION('',(-1.,0.,-1.01260764741441E-16));
#6236=DIRECTION('',(-0.707106781186547,0.,0.707106781186548));
#6237=DIRECTION('',(0.,0.,1.));
#6238=DIRECTION('',(-0.999999993310838,0.,-0.000115664707048043));
#6239=DIRECTION('',(0.,0.,1.));
#6240=DIRECTION('',(-0.707106781186548,0.,0.707106781186547));
#6241=DIRECTION('',(-1.,0.,0.));
#6242=DIRECTION('',(0.,0.,1.));
#6243=DIRECTION('',(-1.,0.,0.));
#6244=DIRECTION('center_axis',(0.,1.,0.));
#6245=DIRECTION('ref_axis',(1.,0.,0.));
#6246=DIRECTION('',(1.,0.,0.));
#6247=DIRECTION('',(0.,0.,-1.));
#6248=DIRECTION('',(1.,0.,0.));
#6249=DIRECTION('center_axis',(0.,0.,-1.));
#6250=DIRECTION('ref_axis',(-1.,0.,0.));
#6251=DIRECTION('',(1.,0.,0.));
#6252=DIRECTION('',(0.,-1.,0.));
#6253=DIRECTION('center_axis',(-1.,0.,0.));
#6254=DIRECTION('ref_axis',(0.,1.,0.));
#6255=DIRECTION('',(0.,1.,0.));
#6256=DIRECTION('',(0.,0.,-1.));
#6257=DIRECTION('',(0.,1.,0.));
#6258=DIRECTION('',(0.,-1.,0.));
#6259=DIRECTION('',(0.,0.,-1.));
#6260=DIRECTION('center_axis',(0.,-1.,0.));
#6261=DIRECTION('ref_axis',(-1.,0.,0.));
#6262=DIRECTION('',(-1.,0.,0.));
#6263=DIRECTION('center_axis',(0.,0.,-1.));
#6264=DIRECTION('ref_axis',(-1.,0.,0.));
#6265=DIRECTION('center_axis',(-1.01260764741441E-16,0.,1.));
#6266=DIRECTION('ref_axis',(1.,0.,1.01260764741441E-16));
#6267=DIRECTION('',(1.,0.,1.01260764741441E-16));
#6268=DIRECTION('',(-0.851926693856448,-0.52366106241998,-8.62667485235512E-17));
#6269=DIRECTION('',(0.,1.,0.));
#6270=DIRECTION('center_axis',(0.,1.,0.));
#6271=DIRECTION('ref_axis',(1.,0.,0.));
#6272=DIRECTION('',(-1.,0.,0.));
#6273=DIRECTION('center_axis',(0.,0.,-1.));
#6274=DIRECTION('ref_axis',(0.,1.,0.));
#6275=DIRECTION('',(0.,1.,0.));
#6276=DIRECTION('',(1.,0.,0.));
#6277=DIRECTION('',(0.,-1.,0.));
#6278=DIRECTION('',(1.,0.,0.));
#6279=DIRECTION('center_axis',(-1.,0.,0.));
#6280=DIRECTION('ref_axis',(0.,0.,1.));
#6281=DIRECTION('',(0.,-0.52366106241998,0.851926693856448));
#6282=DIRECTION('',(0.,1.,0.));
#6283=DIRECTION('',(0.,1.,0.));
#6284=DIRECTION('center_axis',(-1.,0.,0.));
#6285=DIRECTION('ref_axis',(0.,0.630675807431285,0.776046407066547));
#6286=DIRECTION('',(0.,0.776046407066546,-0.630675807431286));
#6287=DIRECTION('center_axis',(1.,0.,0.));
#6288=DIRECTION('ref_axis',(0.,-1.,-2.22044604925031E-15));
#6289=DIRECTION('center_axis',(1.,0.,0.));
#6290=DIRECTION('ref_axis',(0.,0.,-1.));
#6291=DIRECTION('',(0.,-0.730271413518895,0.683157128775741));
#6292=DIRECTION('center_axis',(1.,0.,0.));
#6293=DIRECTION('ref_axis',(0.,0.683157128775729,0.730271413518906));
#6294=DIRECTION('',(0.,-1.,0.));
#6295=DIRECTION('center_axis',(1.,0.,0.));
#6296=DIRECTION('ref_axis',(0.,-6.6613381477509E-15,1.));
#6297=DIRECTION('',(0.,-1.65704929048531E-16,-1.));
#6298=DIRECTION('center_axis',(1.,0.,0.));
#6299=DIRECTION('ref_axis',(0.,-1.,-2.22044604925031E-15));
#6300=DIRECTION('center_axis',(-1.,0.,0.));
#6301=DIRECTION('ref_axis',(0.,-1.,-2.22044604925031E-15));
#6302=DIRECTION('center_axis',(-0.707106781186548,0.,-0.707106781186547));
#6303=DIRECTION('ref_axis',(0.707106781186547,1.57009245868377E-15,-0.707106781186548));
#6304=DIRECTION('',(1.,0.,0.));
#6305=DIRECTION('center_axis',(0.,-1.,1.65704929048531E-16));
#6306=DIRECTION('ref_axis',(0.,-1.65704929048531E-16,-1.));
#6307=DIRECTION('',(0.,1.65704929048531E-16,1.));
#6308=DIRECTION('',(1.,0.,0.));
#6309=DIRECTION('center_axis',(1.,0.,0.));
#6310=DIRECTION('ref_axis',(0.,-6.6613381477509E-15,1.));
#6311=DIRECTION('center_axis',(-1.,0.,0.));
#6312=DIRECTION('ref_axis',(0.,-6.6613381477509E-15,1.));
#6313=DIRECTION('',(-1.,0.,0.));
#6314=DIRECTION('center_axis',(0.,0.,1.));
#6315=DIRECTION('ref_axis',(0.,-1.,0.));
#6316=DIRECTION('',(0.,1.,0.));
#6317=DIRECTION('',(1.,0.,0.));
#6318=DIRECTION('center_axis',(1.,0.,0.));
#6319=DIRECTION('ref_axis',(0.,0.683157128775729,0.730271413518906));
#6320=DIRECTION('center_axis',(-1.,0.,0.));
#6321=DIRECTION('ref_axis',(0.,0.683157128775729,0.730271413518906));
#6322=DIRECTION('',(1.,0.,0.));
#6323=DIRECTION('center_axis',(0.,0.683157128775741,0.730271413518895));
#6324=DIRECTION('ref_axis',(0.,-0.730271413518895,0.683157128775741));
#6325=DIRECTION('',(0.,0.730271413518895,-0.683157128775741));
#6326=DIRECTION('',(1.,0.,0.));
#6327=DIRECTION('center_axis',(1.,0.,0.));
#6328=DIRECTION('ref_axis',(0.,0.,-1.));
#6329=DIRECTION('center_axis',(-1.,0.,0.));
#6330=DIRECTION('ref_axis',(0.,0.,-1.));
#6331=DIRECTION('center_axis',(-0.707106781186548,0.,-0.707106781186547));
#6332=DIRECTION('ref_axis',(0.707106781186547,0.,-0.707106781186548));
#6333=DIRECTION('center_axis',(1.,0.,0.));
#6334=DIRECTION('ref_axis',(0.,0.,-1.));
#6335=DIRECTION('',(0.,1.,0.));
#6336=DIRECTION('',(0.,0.52366106241998,-0.851926693856448));
#6337=DIRECTION('',(0.,-0.776046407066546,0.630675807431286));
#6338=DIRECTION('center_axis',(1.,0.,0.));
#6339=DIRECTION('ref_axis',(0.,0.630675807431285,0.776046407066547));
#6340=DIRECTION('',(0.,1.,0.));
#6341=DIRECTION('',(0.,1.,0.));
#6342=DIRECTION('center_axis',(-0.707106781186547,0.,-0.707106781186548));
#6343=DIRECTION('ref_axis',(-0.707106781186548,0.,0.707106781186547));
#6344=DIRECTION('',(0.533660262001973,0.65605902899051,-0.533660262001973));
#6345=DIRECTION('',(-0.707106781186548,0.,0.707106781186547));
#6346=DIRECTION('',(0.,1.,0.));
#6347=DIRECTION('center_axis',(0.,-0.630675807431286,-0.776046407066546));
#6348=DIRECTION('ref_axis',(0.,-0.776046407066546,0.630675807431286));
#6349=DIRECTION('',(-0.534155682494257,-0.6560588678812,0.533164579406334));
#6350=DIRECTION('',(-1.,0.,0.));
#6351=DIRECTION('center_axis',(-1.,0.,0.));
#6352=DIRECTION('ref_axis',(0.,0.630675807431285,0.776046407066547));
#6353=DIRECTION('',(-0.999999968613493,0.00022224916260252,-0.000115664704191432));
#6354=DIRECTION('center_axis',(-0.000115664707048043,0.,0.999999993310838));
#6355=DIRECTION('ref_axis',(0.999999993310838,0.,0.000115664707048043));
#6356=DIRECTION('center_axis',(0.463903788257851,-0.75470958022277,-0.463903788257851));
#6357=DIRECTION('ref_axis',(0.533660262001973,0.65605902899051,-0.533660262001973));
#6358=DIRECTION('',(0.707106781186548,0.,0.707106781186547));
#6359=DIRECTION('',(-0.533660262001973,-0.65605902899051,0.533660262001973));
#6360=DIRECTION('center_axis',(0.,1.,0.));
#6361=DIRECTION('ref_axis',(0.,0.,1.));
#6362=DIRECTION('',(-1.,0.,0.));
#6363=DIRECTION('',(0.,0.,1.));
#6364=DIRECTION('',(-1.,0.,0.));
#6365=DIRECTION('center_axis',(0.707106781186548,0.,0.707106781186547));
#6366=DIRECTION('ref_axis',(0.707106781186547,0.,-0.707106781186548));
#6367=DIRECTION('center_axis',(0.,0.,-1.));
#6368=DIRECTION('ref_axis',(-1.,0.,0.));
#6369=DIRECTION('',(0.,1.,0.));
#6370=DIRECTION('center_axis',(-1.,0.,0.));
#6371=DIRECTION('ref_axis',(0.,0.,1.));
#6372=DIRECTION('',(0.,1.,0.));
#6373=DIRECTION('center_axis',(0.,0.,-1.));
#6374=DIRECTION('ref_axis',(-1.,0.,0.));
#6375=DIRECTION('center_axis',(-1.,0.,0.));
#6376=DIRECTION('ref_axis',(0.,1.,0.));
#6377=DIRECTION('center_axis',(1.,0.,0.));
#6378=DIRECTION('ref_axis',(0.,1.,0.));
#6379=DIRECTION('',(1.,0.,0.));
#6380=DIRECTION('center_axis',(-1.,0.,0.));
#6381=DIRECTION('ref_axis',(0.,1.,0.));
#6382=DIRECTION('center_axis',(0.,0.,-1.));
#6383=DIRECTION('ref_axis',(0.,-1.,0.));
#6384=DIRECTION('',(0.,-1.,0.));
#6385=DIRECTION('',(-1.,0.,0.));
#6386=DIRECTION('',(0.,-1.,0.));
#6387=DIRECTION('',(-1.,0.,0.));
#6388=DIRECTION('center_axis',(-1.,0.,0.));
#6389=DIRECTION('ref_axis',(0.,1.,-1.11022302462516E-15));
#6390=DIRECTION('center_axis',(1.,0.,0.));
#6391=DIRECTION('ref_axis',(0.,1.,-1.11022302462516E-15));
#6392=DIRECTION('center_axis',(1.,0.,0.));
#6393=DIRECTION('ref_axis',(0.,1.,-1.11022302462516E-15));
#6394=DIRECTION('',(-1.,0.,0.));
#6395=DIRECTION('center_axis',(0.,1.,0.));
#6396=DIRECTION('ref_axis',(0.,0.,-1.));
#6397=DIRECTION('',(0.,0.,-1.));
#6398=DIRECTION('',(0.,0.,-1.));
#6399=DIRECTION('',(-1.,0.,0.));
#6400=DIRECTION('center_axis',(0.,0.,-1.));
#6401=DIRECTION('ref_axis',(0.,-1.,0.));
#6402=DIRECTION('',(0.,-1.,0.));
#6403=DIRECTION('',(0.,-1.,0.));
#6404=DIRECTION('',(-1.,0.,0.));
#6405=DIRECTION('center_axis',(-1.,0.,0.));
#6406=DIRECTION('ref_axis',(0.,0.630675807431285,0.776046407066547));
#6407=DIRECTION('center_axis',(1.,0.,0.));
#6408=DIRECTION('ref_axis',(0.,0.630675807431285,0.776046407066547));
#6409=DIRECTION('center_axis',(-1.,0.,0.));
#6410=DIRECTION('ref_axis',(0.,0.630675807431285,0.776046407066547));
#6411=DIRECTION('',(-1.,0.,0.));
#6412=DIRECTION('center_axis',(0.,0.154710386299466,0.98795986576939));
#6413=DIRECTION('ref_axis',(0.,0.98795986576939,-0.154710386299466));
#6414=DIRECTION('',(0.,0.98795986576939,-0.154710386299466));
#6415=DIRECTION('',(0.,0.98795986576939,-0.154710386299466));
#6416=DIRECTION('',(-1.,0.,0.));
#6417=DIRECTION('center_axis',(-1.,0.,0.));
#6418=DIRECTION('ref_axis',(0.,-1.,-1.22464679914735E-16));
#6419=DIRECTION('center_axis',(1.,0.,0.));
#6420=DIRECTION('ref_axis',(0.,1.,0.));
#6421=DIRECTION('center_axis',(-1.,0.,0.));
#6422=DIRECTION('ref_axis',(0.,1.,0.));
#6423=DIRECTION('center_axis',(1.,0.,0.));
#6424=DIRECTION('ref_axis',(0.,1.,0.));
#6425=DIRECTION('center_axis',(1.,0.,0.));
#6426=DIRECTION('ref_axis',(0.,1.,0.));
#6427=DIRECTION('axis',(0.,0.,1.));
#6428=DIRECTION('refdir',(1.,0.,0.));
#6429=DIRECTION('center_axis',(0.,0.,-1.));
#6430=DIRECTION('ref_axis',(1.,0.,0.));
#6431=DIRECTION('center_axis',(0.,0.,1.));
#6432=DIRECTION('ref_axis',(1.,0.,0.));
#6433=DIRECTION('',(0.,0.,1.));
#6434=DIRECTION('center_axis',(0.,0.,-1.));
#6435=DIRECTION('ref_axis',(1.,0.,0.));
#6436=DIRECTION('center_axis',(0.,0.,-1.));
#6437=DIRECTION('ref_axis',(1.,0.,0.));
#6438=DIRECTION('center_axis',(0.,0.,-1.));
#6439=DIRECTION('ref_axis',(1.,0.,0.));
#6440=DIRECTION('',(0.,0.,1.));
#6441=DIRECTION('center_axis',(0.,0.,1.));
#6442=DIRECTION('ref_axis',(1.,0.,0.));
#6443=DIRECTION('center_axis',(0.,0.,1.));
#6444=DIRECTION('ref_axis',(1.,0.,0.));
#6445=DIRECTION('center_axis',(0.,0.,1.));
#6446=DIRECTION('ref_axis',(1.,0.,0.));
#6447=DIRECTION('center_axis',(0.,0.,1.));
#6448=DIRECTION('ref_axis',(1.,0.,0.));
#6449=DIRECTION('',(9.19406057211552E-17,-1.,0.));
#6450=DIRECTION('center_axis',(0.,0.,1.));
#6451=DIRECTION('ref_axis',(1.,0.,0.));
#6452=DIRECTION('',(9.19406057211552E-17,1.,0.));
#6453=DIRECTION('center_axis',(0.,0.,1.));
#6454=DIRECTION('ref_axis',(1.,0.,0.));
#6455=DIRECTION('center_axis',(-1.,-9.19406057211552E-17,0.));
#6456=DIRECTION('ref_axis',(9.19406057211552E-17,-1.,0.));
#6457=DIRECTION('',(0.,0.,-1.));
#6458=DIRECTION('',(9.19406057211552E-17,-1.,0.));
#6459=DIRECTION('',(0.,0.,1.));
#6460=DIRECTION('center_axis',(0.,0.,1.));
#6461=DIRECTION('ref_axis',(1.,0.,0.));
#6462=DIRECTION('center_axis',(0.,0.,1.));
#6463=DIRECTION('ref_axis',(1.,0.,0.));
#6464=DIRECTION('',(0.,0.,1.));
#6465=DIRECTION('center_axis',(1.,-9.19406057211552E-17,0.));
#6466=DIRECTION('ref_axis',(9.19406057211552E-17,1.,0.));
#6467=DIRECTION('',(9.19406057211552E-17,1.,0.));
#6468=DIRECTION('',(0.,0.,1.));
#6469=DIRECTION('center_axis',(0.,0.,1.));
#6470=DIRECTION('ref_axis',(1.,0.,0.));
#6471=DIRECTION('center_axis',(0.,0.,1.));
#6472=DIRECTION('ref_axis',(1.,0.,0.));
#6473=DIRECTION('center_axis',(0.,0.,1.));
#6474=DIRECTION('ref_axis',(1.,0.,0.));
#6475=DIRECTION('center_axis',(0.,0.,1.));
#6476=DIRECTION('ref_axis',(1.,0.,0.));
#6477=DIRECTION('',(0.,0.,-1.));
#6478=DIRECTION('center_axis',(0.,0.,1.));
#6479=DIRECTION('ref_axis',(1.,0.,0.));
#6480=DIRECTION('center_axis',(0.,0.,-1.));
#6481=DIRECTION('ref_axis',(1.,0.,0.));
#6482=DIRECTION('',(0.,0.,-1.));
#6483=DIRECTION('center_axis',(0.,0.,-1.));
#6484=DIRECTION('ref_axis',(1.,0.,0.));
#6485=DIRECTION('center_axis',(0.,0.,1.));
#6486=DIRECTION('ref_axis',(1.,0.,0.));
#6487=DIRECTION('center_axis',(0.,0.,-1.));
#6488=DIRECTION('ref_axis',(1.,0.,0.));
#6489=DIRECTION('center_axis',(0.,0.,1.));
#6490=DIRECTION('ref_axis',(1.,0.,0.));
#6491=DIRECTION('center_axis',(0.,0.,-1.));
#6492=DIRECTION('ref_axis',(1.,0.,0.));
#6493=DIRECTION('',(0.,0.,-1.));
#6494=DIRECTION('center_axis',(0.,0.,1.));
#6495=DIRECTION('ref_axis',(1.,0.,0.));
#6496=DIRECTION('center_axis',(0.,0.,1.));
#6497=DIRECTION('ref_axis',(1.,0.,0.));
#6498=DIRECTION('axis',(0.,0.,1.));
#6499=DIRECTION('refdir',(1.,0.,0.));
#6500=DIRECTION('center_axis',(-1.,6.12323399573678E-17,0.));
#6501=DIRECTION('ref_axis',(-6.12323399573678E-17,-1.,0.));
#6502=DIRECTION('center_axis',(-1.,-1.21133177158025E-17,1.84827295965829E-16));
#6503=DIRECTION('ref_axis',(1.21133177158024E-17,-1.,-3.46944695195362E-16));
#6504=DIRECTION('',(-1.,6.12323399573678E-17,0.));
#6505=DIRECTION('center_axis',(-1.,-1.21133177158025E-17,1.84827295965829E-16));
#6506=DIRECTION('ref_axis',(1.21133177158024E-17,-1.,-3.46944695195362E-16));
#6507=DIRECTION('center_axis',(2.77555756156289E-16,-1.,0.));
#6508=DIRECTION('ref_axis',(1.,2.77555756156289E-16,0.));
#6509=DIRECTION('',(-1.,-2.77555756156289E-16,0.));
#6510=DIRECTION('',(0.,0.,1.));
#6511=DIRECTION('',(1.,2.77555756156289E-16,0.));
#6512=DIRECTION('',(0.,0.,-1.));
#6513=DIRECTION('',(-1.,-2.77555756156289E-16,0.));
#6514=DIRECTION('',(-1.,-2.77555756156289E-16,0.));
#6515=DIRECTION('center_axis',(-1.96261557335472E-16,0.707106781186548,
0.707106781186548));
#6516=DIRECTION('ref_axis',(1.,2.77555756156289E-16,0.));
#6517=DIRECTION('',(0.,0.707106781186548,-0.707106781186548));
#6518=DIRECTION('',(-1.,-2.77555756156289E-16,0.));
#6519=DIRECTION('',(0.,-0.707106781186547,0.707106781186547));
#6520=DIRECTION('center_axis',(0.,0.,1.));
#6521=DIRECTION('ref_axis',(1.,0.,0.));
#6522=DIRECTION('',(0.,1.,0.));
#6523=DIRECTION('',(1.,0.,0.));
#6524=DIRECTION('',(0.,-1.,0.));
#6525=DIRECTION('',(-1.,-2.77555756156289E-16,0.));
#6526=DIRECTION('',(0.,1.,0.));
#6527=DIRECTION('',(1.,0.,0.));
#6528=DIRECTION('',(-6.12323399573678E-17,-1.,0.));
#6529=DIRECTION('',(-1.,0.,0.));
#6530=DIRECTION('',(-1.,0.,0.));
#6531=DIRECTION('',(-1.73472347597681E-16,1.,0.));
#6532=DIRECTION('',(1.,4.44800891276104E-16,0.));
#6533=DIRECTION('',(1.,0.,0.));
#6534=DIRECTION('',(-6.12323399573678E-17,-1.,0.));
#6535=DIRECTION('center_axis',(0.,0.,-1.));
#6536=DIRECTION('ref_axis',(1.,0.,0.));
#6537=DIRECTION('',(1.,0.,0.));
#6538=DIRECTION('center_axis',(0.,0.,-1.));
#6539=DIRECTION('ref_axis',(1.,0.,0.));
#6540=DIRECTION('',(0.,1.,0.));
#6541=DIRECTION('',(1.,0.,0.));
#6542=DIRECTION('',(-1.,4.44800891276104E-16,0.));
#6543=DIRECTION('',(0.,1.,0.));
#6544=DIRECTION('',(1.,0.,0.));
#6545=DIRECTION('',(-1.,0.,0.));
#6546=DIRECTION('',(0.,1.,0.));
#6547=DIRECTION('',(-1.,-6.30808536718839E-16,0.));
#6548=DIRECTION('',(0.,1.,0.));
#6549=DIRECTION('',(0.,1.,0.));
#6550=DIRECTION('',(1.,0.,0.));
#6551=DIRECTION('',(0.,-1.,0.));
#6552=DIRECTION('',(-1.,-1.15648231731787E-16,0.));
#6553=DIRECTION('',(1.,0.,0.));
#6554=DIRECTION('',(0.,-1.,0.));
#6555=DIRECTION('',(-1.,0.,0.));
#6556=DIRECTION('',(0.,1.,0.));
#6557=DIRECTION('center_axis',(0.,0.,1.));
#6558=DIRECTION('ref_axis',(1.,0.,0.));
#6559=DIRECTION('',(1.,0.,0.));
#6560=DIRECTION('',(0.,1.,0.));
#6561=DIRECTION('',(0.,1.,0.));
#6562=DIRECTION('',(-1.,0.,0.));
#6563=DIRECTION('',(0.,-1.,0.));
#6564=DIRECTION('',(-1.,0.,0.));
#6565=DIRECTION('',(0.,-1.,0.));
#6566=DIRECTION('',(0.,1.,0.));
#6567=DIRECTION('',(-1.,-6.30808536718839E-16,0.));
#6568=DIRECTION('',(0.,1.,0.));
#6569=DIRECTION('center_axis',(0.,0.,-1.));
#6570=DIRECTION('ref_axis',(1.,0.,0.));
#6571=DIRECTION('',(1.,0.,0.));
#6572=DIRECTION('center_axis',(0.,0.,-1.));
#6573=DIRECTION('ref_axis',(1.,0.,0.));
#6574=DIRECTION('',(-6.12323399573678E-17,-1.,0.));
#6575=DIRECTION('',(-1.,6.12323399573678E-17,0.));
#6576=DIRECTION('',(-6.97290550764496E-17,-1.,-1.45716771982052E-16));
#6577=DIRECTION('',(-1.,6.12323399573678E-17,0.));
#6578=DIRECTION('',(-6.12323399573678E-17,-1.,0.));
#6579=DIRECTION('',(1.,0.,0.));
#6580=DIRECTION('',(0.,1.,0.));
#6581=DIRECTION('',(-1.,-2.77555756156289E-16,0.));
#6582=DIRECTION('',(0.,-1.,0.));
#6583=DIRECTION('',(-1.,4.44800891276104E-16,0.));
#6584=DIRECTION('',(0.,-1.,0.));
#6585=DIRECTION('',(1.,0.,0.));
#6586=DIRECTION('',(0.,1.,0.));
#6587=DIRECTION('',(-1.,0.,0.));
#6588=DIRECTION('',(2.60208521396521E-16,-1.,0.));
#6589=DIRECTION('',(1.,4.44800891276104E-16,0.));
#6590=DIRECTION('',(-1.73472347597681E-16,1.,0.));
#6591=DIRECTION('',(-1.,2.16840434497101E-16,0.));
#6592=DIRECTION('',(0.,-1.,0.));
#6593=DIRECTION('',(1.,0.,0.));
#6594=DIRECTION('',(0.,1.,0.));
#6595=DIRECTION('center_axis',(-4.44800891276104E-16,-1.,0.));
#6596=DIRECTION('ref_axis',(1.,-4.44800891276104E-16,0.));
#6597=DIRECTION('',(0.,0.,-1.));
#6598=DIRECTION('',(0.,0.,-1.));
#6599=DIRECTION('center_axis',(-1.,0.,0.));
#6600=DIRECTION('ref_axis',(0.,0.,1.));
#6601=DIRECTION('',(0.,0.,-1.));
#6602=DIRECTION('center_axis',(0.,1.,0.));
#6603=DIRECTION('ref_axis',(0.,0.,1.));
#6604=DIRECTION('',(0.,0.,-1.));
#6605=DIRECTION('center_axis',(0.,-1.,0.));
#6606=DIRECTION('ref_axis',(0.,0.,-1.));
#6607=DIRECTION('',(0.,0.,-1.));
#6608=DIRECTION('',(0.,0.,-1.));
#6609=DIRECTION('center_axis',(-1.,-1.73472347597681E-16,0.));
#6610=DIRECTION('ref_axis',(1.73472347597681E-16,-1.,0.));
#6611=DIRECTION('',(0.,0.,-1.));
#6612=DIRECTION('center_axis',(-4.44800891276105E-16,1.,0.));
#6613=DIRECTION('ref_axis',(-1.,-4.44800891276105E-16,0.));
#6614=DIRECTION('',(0.,0.,-1.));
#6615=DIRECTION('center_axis',(0.,0.,-1.));
#6616=DIRECTION('ref_axis',(-1.,0.,0.));
#6617=DIRECTION('',(0.,0.,-1.));
#6618=DIRECTION('',(0.,0.,-1.));
#6619=DIRECTION('center_axis',(0.,1.,0.));
#6620=DIRECTION('ref_axis',(0.,0.,1.));
#6621=DIRECTION('',(0.,0.,-1.));
#6622=DIRECTION('center_axis',(0.,0.,-1.));
#6623=DIRECTION('ref_axis',(-1.,0.,0.));
#6624=DIRECTION('',(0.,0.,-1.));
#6625=DIRECTION('center_axis',(-1.,0.,0.));
#6626=DIRECTION('ref_axis',(0.,0.,1.));
#6627=DIRECTION('',(0.,0.,-1.));
#6628=DIRECTION('',(0.,1.,0.));
#6629=DIRECTION('center_axis',(6.30808536718839E-16,-1.,0.));
#6630=DIRECTION('ref_axis',(1.,6.3080853671884E-16,0.));
#6631=DIRECTION('',(0.,0.,-1.));
#6632=DIRECTION('center_axis',(-1.,0.,0.));
#6633=DIRECTION('ref_axis',(0.,0.,1.));
#6634=DIRECTION('center_axis',(2.77555756156289E-16,-1.,0.));
#6635=DIRECTION('ref_axis',(1.,2.77555756156289E-16,0.));
#6636=DIRECTION('',(1.,2.77555756156289E-16,0.));
#6637=DIRECTION('',(0.,0.,1.));
#6638=DIRECTION('',(0.,0.,-1.));
#6639=DIRECTION('center_axis',(-1.,0.,0.));
#6640=DIRECTION('ref_axis',(0.,0.,1.));
#6641=DIRECTION('',(0.,0.707106781186548,-0.707106781186548));
#6642=DIRECTION('',(0.,0.,-1.));
#6643=DIRECTION('center_axis',(0.,1.,0.));
#6644=DIRECTION('ref_axis',(0.,0.,1.));
#6645=DIRECTION('',(0.,0.,-1.));
#6646=DIRECTION('center_axis',(1.,2.60208521396521E-16,0.));
#6647=DIRECTION('ref_axis',(-2.60208521396521E-16,1.,0.));
#6648=DIRECTION('',(0.,1.,0.));
#6649=DIRECTION('',(0.,0.,-1.));
#6650=DIRECTION('',(0.,0.,-1.));
#6651=DIRECTION('center_axis',(1.,-6.12323399573678E-17,0.));
#6652=DIRECTION('ref_axis',(6.12323399573678E-17,1.,0.));
#6653=DIRECTION('',(9.97406254401377E-17,0.866025403784441,-0.499999999999996));
#6654=DIRECTION('center_axis',(-1.,-1.21133177158025E-17,1.84827295965829E-16));
#6655=DIRECTION('ref_axis',(1.21133177158024E-17,-1.,-3.85494105772624E-16));
#6656=DIRECTION('',(1.27496201055767E-16,0.866025403784441,-0.499999999999996));
#6657=DIRECTION('',(-6.12323399573678E-17,-1.,0.));
#6658=DIRECTION('center_axis',(1.,0.,0.));
#6659=DIRECTION('ref_axis',(0.,0.,-1.));
#6660=DIRECTION('',(0.,0.,-1.));
#6661=DIRECTION('',(0.,1.,0.));
#6662=DIRECTION('',(0.,0.,-1.));
#6663=DIRECTION('center_axis',(0.,1.,0.));
#6664=DIRECTION('ref_axis',(0.,0.,1.));
#6665=DIRECTION('',(0.,0.,-1.));
#6666=DIRECTION('',(1.,0.,0.));
#6667=DIRECTION('',(0.,0.,-1.));
#6668=DIRECTION('center_axis',(-1.,0.,0.));
#6669=DIRECTION('ref_axis',(0.,0.,1.));
#6670=DIRECTION('',(0.,0.,-1.));
#6671=DIRECTION('',(0.,-0.707106781186548,0.707106781186547));
#6672=DIRECTION('',(0.,1.,0.));
#6673=DIRECTION('center_axis',(1.15648231731787E-16,-1.,0.));
#6674=DIRECTION('ref_axis',(1.,1.15648231731787E-16,0.));
#6675=DIRECTION('',(0.,0.,-1.));
#6676=DIRECTION('',(1.,1.15648231731787E-16,0.));
#6677=DIRECTION('center_axis',(1.,0.,0.));
#6678=DIRECTION('ref_axis',(0.,0.,-1.));
#6679=DIRECTION('',(0.,-1.,0.));
#6680=DIRECTION('',(0.,0.707106781186548,-0.707106781186547));
#6681=DIRECTION('center_axis',(0.,0.,1.));
#6682=DIRECTION('ref_axis',(1.,0.,0.));
#6683=DIRECTION('',(-1.,-1.15648231731787E-16,0.));
#6684=DIRECTION('center_axis',(1.,0.,0.));
#6685=DIRECTION('ref_axis',(0.,0.,-1.));
#6686=DIRECTION('',(0.,0.,-1.));
#6687=DIRECTION('',(0.,0.707106781186553,0.707106781186543));
#6688=DIRECTION('',(0.,-1.,0.));
#6689=DIRECTION('',(0.,0.,-1.));
#6690=DIRECTION('center_axis',(0.,1.,0.));
#6691=DIRECTION('ref_axis',(0.,0.,1.));
#6692=DIRECTION('',(0.,0.,-1.));
#6693=DIRECTION('',(-1.,0.,0.));
#6694=DIRECTION('center_axis',(-1.,0.,0.));
#6695=DIRECTION('ref_axis',(0.,0.,1.));
#6696=DIRECTION('',(0.,1.,0.));
#6697=DIRECTION('',(0.,-0.707106781186553,-0.707106781186543));
#6698=DIRECTION('',(0.,0.,-1.));
#6699=DIRECTION('center_axis',(0.,-1.,0.));
#6700=DIRECTION('ref_axis',(0.,0.,-1.));
#6701=DIRECTION('',(-1.,0.,0.));
#6702=DIRECTION('center_axis',(0.,0.,1.));
#6703=DIRECTION('ref_axis',(1.,0.,0.));
#6704=DIRECTION('',(1.,0.,0.));
#6705=DIRECTION('center_axis',(0.,-0.707106781186543,0.707106781186552));
#6706=DIRECTION('ref_axis',(-1.,0.,0.));
#6707=DIRECTION('center_axis',(-8.17756488897799E-17,0.707106781186547,
0.707106781186548));
#6708=DIRECTION('ref_axis',(1.,1.15648231731787E-16,0.));
#6709=DIRECTION('center_axis',(2.16840434497101E-16,1.,0.));
#6710=DIRECTION('ref_axis',(-1.,2.16840434497101E-16,0.));
#6711=DIRECTION('',(0.,0.,1.));
#6712=DIRECTION('',(-1.,2.16840434497101E-16,0.));
#6713=DIRECTION('',(0.,0.,1.));
#6714=DIRECTION('center_axis',(1.,0.,0.));
#6715=DIRECTION('ref_axis',(0.,0.,-1.));
#6716=DIRECTION('',(0.,0.,1.));
#6717=DIRECTION('',(0.,1.,0.));
#6718=DIRECTION('center_axis',(0.,-1.,0.));
#6719=DIRECTION('ref_axis',(0.,0.,-1.));
#6720=DIRECTION('',(0.,0.,1.));
#6721=DIRECTION('',(1.,0.,0.));
#6722=DIRECTION('center_axis',(-1.,0.,0.));
#6723=DIRECTION('ref_axis',(0.,0.,1.));
#6724=DIRECTION('',(0.,-1.,0.));
#6725=DIRECTION('center_axis',(0.,0.,1.));
#6726=DIRECTION('ref_axis',(1.,0.,0.));
#6727=DIRECTION('center_axis',(0.,0.,1.));
#6728=DIRECTION('ref_axis',(1.,0.,0.));
#6729=DIRECTION('',(0.,-1.,0.));
#6730=DIRECTION('',(1.,0.,0.));
#6731=DIRECTION('',(0.,1.,0.));
#6732=DIRECTION('center_axis',(0.,1.,0.));
#6733=DIRECTION('ref_axis',(0.,0.,1.));
#6734=DIRECTION('',(0.636181582749287,0.,-0.771539366312965));
#6735=DIRECTION('',(0.,0.,1.));
#6736=DIRECTION('',(-1.,0.,0.));
#6737=DIRECTION('',(0.,0.,1.));
#6738=DIRECTION('center_axis',(1.,0.,0.));
#6739=DIRECTION('ref_axis',(0.,0.,-1.));
#6740=DIRECTION('',(0.,-1.,0.));
#6741=DIRECTION('',(0.,0.,1.));
#6742=DIRECTION('',(0.,0.,1.));
#6743=DIRECTION('',(0.,1.,0.));
#6744=DIRECTION('center_axis',(0.,-1.,0.));
#6745=DIRECTION('ref_axis',(0.,0.,-1.));
#6746=DIRECTION('',(0.,0.,1.));
#6747=DIRECTION('',(1.,0.,0.));
#6748=DIRECTION('center_axis',(-1.,0.,0.));
#6749=DIRECTION('ref_axis',(0.,0.,1.));
#6750=DIRECTION('',(0.,-1.,0.));
#6751=DIRECTION('center_axis',(0.,0.,1.));
#6752=DIRECTION('ref_axis',(1.,0.,0.));
#6753=DIRECTION('center_axis',(-0.771539366312965,0.,-0.636181582749287));
#6754=DIRECTION('ref_axis',(-0.636181582749287,0.,0.771539366312965));
#6755=DIRECTION('',(0.636181582749287,0.,-0.771539366312965));
#6756=DIRECTION('center_axis',(0.,-1.,0.));
#6757=DIRECTION('ref_axis',(0.,0.,-1.));
#6758=DIRECTION('center_axis',(3.06161699786837E-17,0.499999999999996,0.866025403784441));
#6759=DIRECTION('ref_axis',(1.54074395550979E-33,-0.866025403784441,0.499999999999996));
#6760=DIRECTION('',(9.97406254401377E-17,0.866025403784441,-0.499999999999996));
#6761=DIRECTION('',(-1.,6.12323399573678E-17,0.));
#6762=DIRECTION('center_axis',(3.06161699786837E-17,0.499999999999996,0.866025403784441));
#6763=DIRECTION('ref_axis',(0.,-0.866025403784441,0.499999999999996));
#6764=DIRECTION('',(-1.,6.12323399573678E-17,0.));
#6765=DIRECTION('',(1.27496201055767E-16,0.866025403784441,-0.499999999999996));
#6766=DIRECTION('center_axis',(-1.,6.12323399573678E-17,0.));
#6767=DIRECTION('ref_axis',(5.30287619362457E-17,0.866025403784442,-0.499999999999994));
#6768=DIRECTION('center_axis',(-1.,-1.21133177158025E-17,1.84827295965829E-16));
#6769=DIRECTION('ref_axis',(1.21133177158024E-17,-1.,-3.85494105772624E-16));
#6770=DIRECTION('center_axis',(-1.,6.97290550764495E-17,6.19824911452809E-17));
#6771=DIRECTION('ref_axis',(-6.97290550764496E-17,-1.,-1.45716771982052E-16));
#6772=DIRECTION('center_axis',(0.,-1.,0.));
#6773=DIRECTION('ref_axis',(0.,0.,-1.));
#6774=DIRECTION('',(0.707106781186545,0.,0.70710678118655));
#6775=DIRECTION('',(0.,0.,-1.));
#6776=DIRECTION('',(-1.,0.,0.));
#6777=DIRECTION('',(0.6,0.,-0.8));
#6778=DIRECTION('',(-1.,0.,0.));
#6779=DIRECTION('center_axis',(1.,1.15648231731787E-16,0.));
#6780=DIRECTION('ref_axis',(-1.15648231731787E-16,1.,0.));
#6781=DIRECTION('',(1.15648231731787E-16,-1.,0.));
#6782=DIRECTION('',(0.,0.,-1.));
#6783=DIRECTION('',(1.15648231731787E-16,-1.,0.));
#6784=DIRECTION('center_axis',(0.,1.,0.));
#6785=DIRECTION('ref_axis',(0.,0.,1.));
#6786=DIRECTION('',(1.,0.,0.));
#6787=DIRECTION('',(-0.6,0.,0.8));
#6788=DIRECTION('',(1.,0.,0.));
#6789=DIRECTION('',(-0.707106781186545,0.,-0.70710678118655));
#6790=DIRECTION('center_axis',(0.,0.,1.));
#6791=DIRECTION('ref_axis',(1.,0.,0.));
#6792=DIRECTION('',(-2.60208521396521E-16,1.,0.));
#6793=DIRECTION('center_axis',(0.,-1.,0.));
#6794=DIRECTION('ref_axis',(0.,0.,-1.));
#6795=DIRECTION('',(-1.,0.,0.));
#6796=DIRECTION('',(0.6,0.,0.8));
#6797=DIRECTION('',(-1.,0.,0.));
#6798=DIRECTION('',(0.,0.,-1.));
#6799=DIRECTION('',(0.707106781186545,0.,-0.70710678118655));
#6800=DIRECTION('center_axis',(0.,1.,0.));
#6801=DIRECTION('ref_axis',(0.,0.,1.));
#6802=DIRECTION('',(-0.707106781186545,0.,0.70710678118655));
#6803=DIRECTION('',(0.,0.,-1.));
#6804=DIRECTION('',(1.,0.,0.));
#6805=DIRECTION('',(-0.6,0.,-0.8));
#6806=DIRECTION('',(1.,0.,0.));
#6807=DIRECTION('center_axis',(-1.,0.,0.));
#6808=DIRECTION('ref_axis',(0.,0.,1.));
#6809=DIRECTION('',(0.,1.,0.));
#6810=DIRECTION('',(0.,1.,0.));
#6811=DIRECTION('center_axis',(0.,0.,1.));
#6812=DIRECTION('ref_axis',(1.,0.,0.));
#6813=DIRECTION('',(0.,-1.,0.));
#6814=DIRECTION('center_axis',(0.70710678118655,8.17756488897802E-17,-0.707106781186545));
#6815=DIRECTION('ref_axis',(1.15648231731787E-16,-1.,0.));
#6816=DIRECTION('center_axis',(-0.70710678118655,0.,-0.707106781186545));
#6817=DIRECTION('ref_axis',(0.,1.,0.));
#6818=DIRECTION('center_axis',(-1.96261557335472E-16,0.707106781186548,
0.707106781186548));
#6819=DIRECTION('ref_axis',(1.,2.77555756156289E-16,0.));
#6820=DIRECTION('',(0.,-0.707106781186548,0.707106781186548));
#6821=DIRECTION('center_axis',(0.,-1.,0.));
#6822=DIRECTION('ref_axis',(0.,0.,-1.));
#6823=DIRECTION('',(0.,0.,1.));
#6824=DIRECTION('',(0.,0.,1.));
#6825=DIRECTION('center_axis',(1.,0.,0.));
#6826=DIRECTION('ref_axis',(0.,0.,-1.));
#6827=DIRECTION('center_axis',(-1.,0.,0.));
#6828=DIRECTION('ref_axis',(0.,0.,1.));
#6829=DIRECTION('center_axis',(0.,0.,-1.));
#6830=DIRECTION('ref_axis',(-1.,0.,0.));
#6831=DIRECTION('',(0.,1.,0.));
#6832=DIRECTION('center_axis',(0.8,0.,0.6));
#6833=DIRECTION('ref_axis',(0.6,0.,-0.8));
#6834=DIRECTION('center_axis',(-0.8,0.,0.6));
#6835=DIRECTION('ref_axis',(0.6,0.,0.8));
#6836=DIRECTION('',(0.,1.,0.));
#6837=DIRECTION('center_axis',(0.,0.,-1.));
#6838=DIRECTION('ref_axis',(-1.,0.,0.));
#6839=DIRECTION('',(0.,0.,1.));
#6840=DIRECTION('',(1.,0.,0.));
#6841=DIRECTION('',(0.,0.,1.));
#6842=DIRECTION('',(1.,0.,0.));
#6843=DIRECTION('',(6.06474601361737E-20,-3.74237434493888E-33,1.00000000000002));
#6844=DIRECTION('',(0.00626569656330216,-0.999980370330625,-3.79998582663774E-22));
#6845=DIRECTION('',(8.76215931587939E-16,5.48983091624416E-18,1.00000000000002));
#6846=DIRECTION('',(0.00626569656330068,-0.999980370330626,1.24727117914169E-15));
#6847=DIRECTION('',(4.01195363828512E-16,1.24980521654826E-16,1.00000000000002));
#6848=DIRECTION('',(-0.999980370330625,-0.00626569656330369,6.06462696480138E-20));
#6849=DIRECTION('',(-0.999980370330626,-0.00626569656330363,6.06462633513742E-20));
#6850=DIRECTION('',(9.00590463046904E-12,-1.43730674110983E-9,-1.));
#6851=DIRECTION('',(-1.76131421915274E-11,2.81095828799925E-9,1.));
#6852=DIRECTION('',(0.999980370330626,0.00626569656330828,1.84766649709709E-16));
#6853=CARTESIAN_POINT('',(0.,0.,0.));
#6854=CARTESIAN_POINT('',(0.,0.,0.));
#6855=CARTESIAN_POINT('Origin',(0.,0.,0.));
#6856=CARTESIAN_POINT('',(-2.15,-2.63299061816681E-16,0.));
#6857=CARTESIAN_POINT('Origin',(0.,0.,0.));
#6858=CARTESIAN_POINT('',(-2.15,-2.63299061816681E-16,0.6));
#6859=CARTESIAN_POINT('',(-2.15,-2.63299061816681E-16,0.));
#6860=CARTESIAN_POINT('Origin',(0.,0.,0.6));
#6861=CARTESIAN_POINT('Origin',(0.,0.,0.6));
#6862=CARTESIAN_POINT('',(-1.,-1.22464679914735E-16,0.6));
#6863=CARTESIAN_POINT('Origin',(0.,0.,0.6));
#6864=CARTESIAN_POINT('Origin',(0.,0.,0.));
#6865=CARTESIAN_POINT('',(-1.,-1.22464679914735E-16,6.));
#6866=CARTESIAN_POINT('Origin',(0.,0.,6.));
#6867=CARTESIAN_POINT('',(-1.,-1.22464679914735E-16,0.));
#6868=CARTESIAN_POINT('Origin',(0.,0.,6.));
#6869=CARTESIAN_POINT('',(-1.5,-1.83697019872103E-16,6.));
#6870=CARTESIAN_POINT('Origin',(0.,0.,6.));
#6871=CARTESIAN_POINT('Origin',(0.,0.,0.));
#6872=CARTESIAN_POINT('',(-1.5,-1.83697019872103E-16,9.5));
#6873=CARTESIAN_POINT('Origin',(0.,0.,9.5));
#6874=CARTESIAN_POINT('',(-1.5,-1.83697019872103E-16,0.));
#6875=CARTESIAN_POINT('Origin',(0.,0.,0.));
#6876=CARTESIAN_POINT('',(-2.5,-3.06161699786838E-16,0.));
#6877=CARTESIAN_POINT('Origin',(0.,0.,0.));
#6878=CARTESIAN_POINT('',(-2.5,-3.06161699786838E-16,0.6));
#6879=CARTESIAN_POINT('',(-2.5,-3.06161699786838E-16,0.));
#6880=CARTESIAN_POINT('Origin',(0.,0.,0.6));
#6881=CARTESIAN_POINT('Origin',(0.,0.,0.));
#6882=CARTESIAN_POINT('',(-3.5,-4.28626379701574E-16,9.5));
#6883=CARTESIAN_POINT('Origin',(0.,0.,9.5));
#6884=CARTESIAN_POINT('',(-3.5,-4.28626379701574E-16,2.2));
#6885=CARTESIAN_POINT('',(-3.5,-4.28626379701574E-16,0.));
#6886=CARTESIAN_POINT('',(-2.87228132326901,-2.,2.2));
#6887=CARTESIAN_POINT('Origin',(0.,0.,2.2));
#6888=CARTESIAN_POINT('',(-2.87228132326901,-2.,0.6));
#6889=CARTESIAN_POINT('',(-2.87228132326901,-2.,0.));
#6890=CARTESIAN_POINT('',(-2.,-2.87228132326902,0.6));
#6891=CARTESIAN_POINT('Origin',(0.,0.,0.6));
#6892=CARTESIAN_POINT('',(-2.,-2.87228132326902,2.2));
#6893=CARTESIAN_POINT('',(-2.,-2.87228132326902,0.));
#6894=CARTESIAN_POINT('',(2.,-2.87228132326901,2.2));
#6895=CARTESIAN_POINT('Origin',(0.,0.,2.2));
#6896=CARTESIAN_POINT('',(2.,-2.87228132326901,0.6));
#6897=CARTESIAN_POINT('',(2.,-2.87228132326901,0.));
#6898=CARTESIAN_POINT('',(2.87228132326901,-2.,0.6));
#6899=CARTESIAN_POINT('Origin',(0.,0.,0.6));
#6900=CARTESIAN_POINT('',(2.87228132326901,-2.,2.2));
#6901=CARTESIAN_POINT('',(2.87228132326901,-2.,0.));
#6902=CARTESIAN_POINT('',(2.87228132326901,2.,2.2));
#6903=CARTESIAN_POINT('Origin',(0.,0.,2.2));
#6904=CARTESIAN_POINT('',(2.87228132326901,2.,0.6));
#6905=CARTESIAN_POINT('',(2.87228132326901,2.,0.));
#6906=CARTESIAN_POINT('',(2.,2.87228132326901,0.6));
#6907=CARTESIAN_POINT('Origin',(0.,0.,0.6));
#6908=CARTESIAN_POINT('',(2.,2.87228132326901,2.2));
#6909=CARTESIAN_POINT('',(2.,2.87228132326901,0.));
#6910=CARTESIAN_POINT('',(-2.,2.87228132326901,2.2));
#6911=CARTESIAN_POINT('Origin',(0.,0.,2.2));
#6912=CARTESIAN_POINT('',(-2.,2.87228132326901,0.6));
#6913=CARTESIAN_POINT('',(-2.,2.87228132326901,0.));
#6914=CARTESIAN_POINT('',(-2.87228132326901,2.,0.6));
#6915=CARTESIAN_POINT('Origin',(0.,0.,0.6));
#6916=CARTESIAN_POINT('',(-2.87228132326901,2.,2.2));
#6917=CARTESIAN_POINT('',(-2.87228132326901,2.,0.));
#6918=CARTESIAN_POINT('Origin',(0.,0.,2.2));
#6919=CARTESIAN_POINT('Origin',(0.,0.,9.5));
#6920=CARTESIAN_POINT('Origin',(0.,0.,0.));
#6921=CARTESIAN_POINT('Origin',(0.,5.93614066163451,0.6));
#6922=CARTESIAN_POINT('',(2.,7.,0.6));
#6923=CARTESIAN_POINT('',(2.,4.40421099245176,0.6));
#6924=CARTESIAN_POINT('',(8.95,2.,0.6));
#6925=CARTESIAN_POINT('',(7.93057033081725,2.,0.6));
#6926=CARTESIAN_POINT('',(8.95,-2.,0.6));
#6927=CARTESIAN_POINT('Origin',(8.95,0.,0.6));
#6928=CARTESIAN_POINT('',(4.89171099245176,-2.,0.6));
#6929=CARTESIAN_POINT('',(2.,-7.,0.6));
#6930=CARTESIAN_POINT('',(2.,-6.46807033081726,0.6));
#6931=CARTESIAN_POINT('',(-2.,-7.,0.6));
#6932=CARTESIAN_POINT('Origin',(0.,-7.,0.6));
#6933=CARTESIAN_POINT('',(-2.,-4.40421099245176,0.6));
#6934=CARTESIAN_POINT('',(-8.95,-2.,0.6));
#6935=CARTESIAN_POINT('',(-7.93057033081725,-2.,0.6));
#6936=CARTESIAN_POINT('',(-8.95,2.,0.6));
#6937=CARTESIAN_POINT('Origin',(-8.95,0.,0.6));
#6938=CARTESIAN_POINT('',(-4.89171099245176,2.,0.6));
#6939=CARTESIAN_POINT('',(-2.,7.,0.6));
#6940=CARTESIAN_POINT('',(-2.,6.46807033081726,0.6));
#6941=CARTESIAN_POINT('Origin',(0.,7.,0.6));
#6942=CARTESIAN_POINT('Origin',(2.,2.87228132326901,0.));
#6943=CARTESIAN_POINT('',(2.,7.,2.2));
#6944=CARTESIAN_POINT('',(2.,7.,0.));
#6945=CARTESIAN_POINT('',(2.,2.87228132326901,2.2));
#6946=CARTESIAN_POINT('Origin',(-2.,7.,0.));
#6947=CARTESIAN_POINT('',(-2.,7.,2.2));
#6948=CARTESIAN_POINT('',(-2.,7.,2.2));
#6949=CARTESIAN_POINT('',(-2.,7.,0.));
#6950=CARTESIAN_POINT('Origin',(0.,7.,0.));
#6951=CARTESIAN_POINT('Origin',(0.,7.,2.2));
#6952=CARTESIAN_POINT('Origin',(0.,5.93614066163451,2.2));
#6953=CARTESIAN_POINT('Origin',(-2.87228132326901,2.,0.));
#6954=CARTESIAN_POINT('',(-8.95,2.,2.2));
#6955=CARTESIAN_POINT('',(-8.95,2.,0.));
#6956=CARTESIAN_POINT('',(-2.87228132326901,2.,2.2));
#6957=CARTESIAN_POINT('Origin',(-8.95,-2.,0.));
#6958=CARTESIAN_POINT('',(-8.95,-2.,2.2));
#6959=CARTESIAN_POINT('',(-8.95,-2.,2.2));
#6960=CARTESIAN_POINT('',(-8.95,-2.,0.));
#6961=CARTESIAN_POINT('Origin',(-8.95,0.,0.));
#6962=CARTESIAN_POINT('Origin',(-8.95,0.,2.2));
#6963=CARTESIAN_POINT('Origin',(-6.91114066163451,5.55111512312578E-16,
2.2));
#6964=CARTESIAN_POINT('Origin',(2.87228132326901,-2.,0.));
#6965=CARTESIAN_POINT('',(8.95,-2.,2.2));
#6966=CARTESIAN_POINT('',(8.95,-2.,0.));
#6967=CARTESIAN_POINT('',(2.87228132326901,-2.,2.2));
#6968=CARTESIAN_POINT('Origin',(8.95,2.,0.));
#6969=CARTESIAN_POINT('',(8.95,2.,2.2));
#6970=CARTESIAN_POINT('',(8.95,2.,2.2));
#6971=CARTESIAN_POINT('',(8.95,2.,0.));
#6972=CARTESIAN_POINT('Origin',(8.95,0.,0.));
#6973=CARTESIAN_POINT('Origin',(8.95,0.,2.2));
#6974=CARTESIAN_POINT('Origin',(6.91114066163451,0.,2.2));
#6975=CARTESIAN_POINT('Origin',(-2.,-2.87228132326902,0.));
#6976=CARTESIAN_POINT('',(-2.,-7.,2.2));
#6977=CARTESIAN_POINT('',(-2.,-7.,0.));
#6978=CARTESIAN_POINT('',(-2.,-2.87228132326902,2.2));
#6979=CARTESIAN_POINT('Origin',(2.,-7.,0.));
#6980=CARTESIAN_POINT('',(2.,-7.,2.2));
#6981=CARTESIAN_POINT('',(2.,-7.,2.2));
#6982=CARTESIAN_POINT('',(2.,-7.,0.));
#6983=CARTESIAN_POINT('Origin',(0.,-7.,0.));
#6984=CARTESIAN_POINT('Origin',(0.,-7.,2.2));
#6985=CARTESIAN_POINT('Origin',(0.,-5.93614066163451,2.2));
#6986=CARTESIAN_POINT('',(0.,0.,0.));
#6987=CARTESIAN_POINT('Origin',(4.,4.,0.));
#6988=CARTESIAN_POINT('',(0.999999999999998,5.113552872566,0.));
#6989=CARTESIAN_POINT('',(5.11355287256601,1.,0.));
#6990=CARTESIAN_POINT('Origin',(4.,4.,0.));
#6991=CARTESIAN_POINT('',(0.999999999999996,5.113552872566,1.));
#6992=CARTESIAN_POINT('',(0.999999999999998,5.113552872566,0.));
#6993=CARTESIAN_POINT('',(5.11355287256601,1.,1.));
#6994=CARTESIAN_POINT('Origin',(4.,4.,1.));
#6995=CARTESIAN_POINT('',(5.11355287256601,1.,0.));
#6996=CARTESIAN_POINT('Origin',(0.999999999999998,32.886447127434,0.));
#6997=CARTESIAN_POINT('',(0.999999999999998,32.886447127434,0.));
#6998=CARTESIAN_POINT('',(0.999999999999999,25.943223563717,0.));
#6999=CARTESIAN_POINT('',(0.999999999999996,32.886447127434,1.));
#7000=CARTESIAN_POINT('',(0.999999999999998,32.886447127434,0.));
#7001=CARTESIAN_POINT('',(0.999999999999998,32.886447127434,1.));
#7002=CARTESIAN_POINT('Origin',(4.,34.,0.));
#7003=CARTESIAN_POINT('',(5.113552872566,37.,0.));
#7004=CARTESIAN_POINT('Origin',(4.,34.,0.));
#7005=CARTESIAN_POINT('',(5.113552872566,37.,1.));
#7006=CARTESIAN_POINT('',(5.113552872566,37.,0.));
#7007=CARTESIAN_POINT('Origin',(4.,34.,1.));
#7008=CARTESIAN_POINT('Origin',(28.586447127434,37.,0.));
#7009=CARTESIAN_POINT('',(28.586447127434,37.,0.));
#7010=CARTESIAN_POINT('',(22.718223563717,37.,0.));
#7011=CARTESIAN_POINT('',(28.586447127434,37.,1.));
#7012=CARTESIAN_POINT('',(28.586447127434,37.,0.));
#7013=CARTESIAN_POINT('',(28.586447127434,37.,1.));
#7014=CARTESIAN_POINT('Origin',(29.7,34.,0.));
#7015=CARTESIAN_POINT('',(32.7,32.886447127434,0.));
#7016=CARTESIAN_POINT('Origin',(29.7,34.,0.));
#7017=CARTESIAN_POINT('',(32.7,32.886447127434,1.));
#7018=CARTESIAN_POINT('',(32.7,32.886447127434,0.));
#7019=CARTESIAN_POINT('Origin',(29.7,34.,1.));
#7020=CARTESIAN_POINT('Origin',(32.7,5.11355287256601,0.));
#7021=CARTESIAN_POINT('',(32.7,5.11355287256601,0.));
#7022=CARTESIAN_POINT('',(32.7,12.056776436283,0.));
#7023=CARTESIAN_POINT('',(32.7,5.11355287256601,1.));
#7024=CARTESIAN_POINT('',(32.7,5.11355287256601,0.));
#7025=CARTESIAN_POINT('',(32.7,32.886447127434,1.));
#7026=CARTESIAN_POINT('Origin',(29.7,4.,0.));
#7027=CARTESIAN_POINT('',(28.586447127434,1.,0.));
#7028=CARTESIAN_POINT('Origin',(29.7,4.,0.));
#7029=CARTESIAN_POINT('',(28.586447127434,0.999999999999999,1.));
#7030=CARTESIAN_POINT('',(28.586447127434,1.,0.));
#7031=CARTESIAN_POINT('Origin',(29.7,4.,1.));
#7032=CARTESIAN_POINT('Origin',(5.11355287256601,1.,0.));
#7033=CARTESIAN_POINT('',(10.981776436283,0.999999999999999,0.));
#7034=CARTESIAN_POINT('',(28.586447127434,1.,1.));
#7035=CARTESIAN_POINT('Origin',(16.85,19.,1.));
#7036=CARTESIAN_POINT('',(23.0000002533197,14.6783325098237,1.));
#7037=CARTESIAN_POINT('Origin',(24.1000002533197,14.6783325098237,1.));
#7038=CARTESIAN_POINT('',(14.0000002533197,14.7,1.));
#7039=CARTESIAN_POINT('Origin',(17.0000002533197,14.7,1.));
#7040=CARTESIAN_POINT('',(8.80000025331974,14.7216674901763,1.));
#7041=CARTESIAN_POINT('Origin',(9.90000025331974,14.7216674901763,1.));
#7042=CARTESIAN_POINT('',(15.9216677434961,21.8,1.));
#7043=CARTESIAN_POINT('Origin',(17.0216677434961,21.8,1.));
#7044=CARTESIAN_POINT('',(15.8783327631434,7.6,1.));
#7045=CARTESIAN_POINT('Origin',(16.9783327631434,7.6,1.));
#7046=CARTESIAN_POINT('Origin',(4.,34.,0.));
#7047=CARTESIAN_POINT('',(3.,34.,1.));
#7048=CARTESIAN_POINT('Origin',(4.,34.,1.));
#7049=CARTESIAN_POINT('',(3.,34.,0.));
#7050=CARTESIAN_POINT('',(3.,34.,0.));
#7051=CARTESIAN_POINT('Origin',(4.,34.,0.));
#7052=CARTESIAN_POINT('Origin',(4.,34.,1.));
#7053=CARTESIAN_POINT('',(2.2,34.,1.));
#7054=CARTESIAN_POINT('Origin',(4.,34.,1.));
#7055=CARTESIAN_POINT('Origin',(4.,4.,0.));
#7056=CARTESIAN_POINT('',(3.,4.,1.));
#7057=CARTESIAN_POINT('Origin',(4.,4.,1.));
#7058=CARTESIAN_POINT('',(3.,4.,0.));
#7059=CARTESIAN_POINT('',(3.,4.,0.));
#7060=CARTESIAN_POINT('Origin',(4.,4.,0.));
#7061=CARTESIAN_POINT('Origin',(4.,4.,1.));
#7062=CARTESIAN_POINT('',(2.2,4.,1.));
#7063=CARTESIAN_POINT('Origin',(4.,4.,1.));
#7064=CARTESIAN_POINT('Origin',(29.7,34.,0.));
#7065=CARTESIAN_POINT('',(28.7,34.,1.));
#7066=CARTESIAN_POINT('Origin',(29.7,34.,1.));
#7067=CARTESIAN_POINT('',(28.7,34.,0.));
#7068=CARTESIAN_POINT('',(28.7,34.,0.));
#7069=CARTESIAN_POINT('Origin',(29.7,34.,0.));
#7070=CARTESIAN_POINT('Origin',(29.7,34.,1.));
#7071=CARTESIAN_POINT('',(27.9,34.,1.));
#7072=CARTESIAN_POINT('Origin',(29.7,34.,1.));
#7073=CARTESIAN_POINT('Origin',(29.7,4.,0.));
#7074=CARTESIAN_POINT('',(28.7,4.,1.));
#7075=CARTESIAN_POINT('Origin',(29.7,4.,1.));
#7076=CARTESIAN_POINT('',(28.7,4.,0.));
#7077=CARTESIAN_POINT('',(28.7,4.,0.));
#7078=CARTESIAN_POINT('Origin',(29.7,4.,0.));
#7079=CARTESIAN_POINT('Origin',(29.7,4.,1.));
#7080=CARTESIAN_POINT('',(27.9,4.,1.));
#7081=CARTESIAN_POINT('Origin',(29.7,4.,1.));
#7082=CARTESIAN_POINT('Origin',(17.0216677434961,21.8,0.));
#7083=CARTESIAN_POINT('',(15.9216677434961,21.8,3.));
#7084=CARTESIAN_POINT('Origin',(17.0216677434961,21.8,3.));
#7085=CARTESIAN_POINT('',(15.9216677434961,21.8,0.));
#7086=CARTESIAN_POINT('Origin',(9.90000025331974,14.7216674901763,0.));
#7087=CARTESIAN_POINT('',(8.80000025331974,14.7216674901763,3.));
#7088=CARTESIAN_POINT('Origin',(9.90000025331974,14.7216674901763,3.));
#7089=CARTESIAN_POINT('',(8.80000025331974,14.7216674901763,0.));
#7090=CARTESIAN_POINT('Origin',(17.0000002533197,14.7,0.));
#7091=CARTESIAN_POINT('',(14.0000002533197,14.7,3.));
#7092=CARTESIAN_POINT('Origin',(17.0000002533197,14.7,3.));
#7093=CARTESIAN_POINT('',(14.0000002533197,14.7,0.));
#7094=CARTESIAN_POINT('Origin',(24.1000002533197,14.6783325098237,0.));
#7095=CARTESIAN_POINT('',(23.0000002533197,14.6783325098237,3.));
#7096=CARTESIAN_POINT('Origin',(24.1000002533197,14.6783325098237,3.));
#7097=CARTESIAN_POINT('',(23.0000002533197,14.6783325098237,0.));
#7098=CARTESIAN_POINT('Origin',(16.9783327631434,7.6,0.));
#7099=CARTESIAN_POINT('',(15.8783327631434,7.6,3.));
#7100=CARTESIAN_POINT('Origin',(16.9783327631434,7.6,3.));
#7101=CARTESIAN_POINT('',(15.8783327631434,7.6,0.));
#7102=CARTESIAN_POINT('Origin',(17.0000002533197,14.7,3.));
#7103=CARTESIAN_POINT('',(6.00000025331974,14.7,3.));
#7104=CARTESIAN_POINT('Origin',(17.0000002533197,14.7,3.));
#7105=CARTESIAN_POINT('Origin',(17.0000002533197,14.7,0.));
#7106=CARTESIAN_POINT('',(5.00000025331974,14.7,11.));
#7107=CARTESIAN_POINT('Origin',(17.0000002533197,14.7,11.));
#7108=CARTESIAN_POINT('',(5.00000025331974,14.7,3.));
#7109=CARTESIAN_POINT('',(5.00000025331974,14.7,0.));
#7110=CARTESIAN_POINT('Origin',(17.0000002533197,14.7,3.));
#7111=CARTESIAN_POINT('Origin',(17.0000002533197,14.7,0.));
#7112=CARTESIAN_POINT('',(6.00000025331974,14.7,11.));
#7113=CARTESIAN_POINT('Origin',(17.0000002533197,14.7,11.));
#7114=CARTESIAN_POINT('',(6.00000025331974,14.7,0.));
#7115=CARTESIAN_POINT('Origin',(17.0000002533197,14.7,11.));
#7116=CARTESIAN_POINT('Origin',(29.7,34.,0.));
#7117=CARTESIAN_POINT('',(27.9,34.,3.));
#7118=CARTESIAN_POINT('Origin',(29.7,34.,3.));
#7119=CARTESIAN_POINT('',(27.9,34.,0.));
#7120=CARTESIAN_POINT('Origin',(29.7,4.,0.));
#7121=CARTESIAN_POINT('',(27.9,4.,3.));
#7122=CARTESIAN_POINT('Origin',(29.7,4.,3.));
#7123=CARTESIAN_POINT('',(27.9,4.,0.));
#7124=CARTESIAN_POINT('Origin',(4.,34.,0.));
#7125=CARTESIAN_POINT('',(2.2,34.,3.));
#7126=CARTESIAN_POINT('Origin',(4.,34.,3.));
#7127=CARTESIAN_POINT('',(2.2,34.,0.));
#7128=CARTESIAN_POINT('Origin',(4.,4.,0.));
#7129=CARTESIAN_POINT('',(2.2,4.,3.));
#7130=CARTESIAN_POINT('Origin',(4.,4.,3.));
#7131=CARTESIAN_POINT('',(2.2,4.,0.));
#7132=CARTESIAN_POINT('Origin',(-3.88578058618805E-15,34.,0.));
#7133=CARTESIAN_POINT('',(-3.88578058618805E-15,34.,0.));
#7134=CARTESIAN_POINT('',(-5.55111512312578E-16,4.,0.));
#7135=CARTESIAN_POINT('',(-3.88578058618805E-15,34.,0.));
#7136=CARTESIAN_POINT('',(-5.55111512312578E-16,4.,3.));
#7137=CARTESIAN_POINT('',(-5.55111512312578E-16,4.,0.));
#7138=CARTESIAN_POINT('',(-3.88578058618805E-15,34.,3.));
#7139=CARTESIAN_POINT('',(-3.88578058618805E-15,34.,3.));
#7140=CARTESIAN_POINT('',(-3.88578058618805E-15,34.,0.));
#7141=CARTESIAN_POINT('Origin',(4.,34.,0.));
#7142=CARTESIAN_POINT('',(3.99999999999999,38.,0.));
#7143=CARTESIAN_POINT('Origin',(4.,34.,0.));
#7144=CARTESIAN_POINT('',(3.99999999999999,38.,3.));
#7145=CARTESIAN_POINT('Origin',(4.,34.,3.));
#7146=CARTESIAN_POINT('',(3.99999999999999,38.,0.));
#7147=CARTESIAN_POINT('Origin',(29.7,38.,0.));
#7148=CARTESIAN_POINT('',(29.7,38.,0.));
#7149=CARTESIAN_POINT('',(29.7,38.,0.));
#7150=CARTESIAN_POINT('',(29.7,38.,3.));
#7151=CARTESIAN_POINT('',(29.7,38.,3.));
#7152=CARTESIAN_POINT('',(29.7,38.,0.));
#7153=CARTESIAN_POINT('Origin',(29.7,34.,0.));
#7154=CARTESIAN_POINT('',(33.7,34.,0.));
#7155=CARTESIAN_POINT('Origin',(29.7,34.,0.));
#7156=CARTESIAN_POINT('',(33.7,34.,3.));
#7157=CARTESIAN_POINT('Origin',(29.7,34.,3.));
#7158=CARTESIAN_POINT('',(33.7,34.,0.));
#7159=CARTESIAN_POINT('Origin',(33.7,4.,0.));
#7160=CARTESIAN_POINT('',(33.7,4.,0.));
#7161=CARTESIAN_POINT('',(33.7,4.,0.));
#7162=CARTESIAN_POINT('',(33.7,4.,3.));
#7163=CARTESIAN_POINT('',(33.7,4.,3.));
#7164=CARTESIAN_POINT('',(33.7,4.,0.));
#7165=CARTESIAN_POINT('Origin',(29.7,4.,0.));
#7166=CARTESIAN_POINT('',(29.7,0.,0.));
#7167=CARTESIAN_POINT('Origin',(29.7,4.,0.));
#7168=CARTESIAN_POINT('',(29.7,0.,3.));
#7169=CARTESIAN_POINT('Origin',(29.7,4.,3.));
#7170=CARTESIAN_POINT('',(29.7,0.,0.));
#7171=CARTESIAN_POINT('Origin',(4.,0.,0.));
#7172=CARTESIAN_POINT('',(4.,0.,0.));
#7173=CARTESIAN_POINT('',(4.,0.,0.));
#7174=CARTESIAN_POINT('',(4.,0.,3.));
#7175=CARTESIAN_POINT('',(4.,0.,3.));
#7176=CARTESIAN_POINT('',(4.,0.,0.));
#7177=CARTESIAN_POINT('Origin',(4.,4.,0.));
#7178=CARTESIAN_POINT('Origin',(4.,4.,0.));
#7179=CARTESIAN_POINT('Origin',(4.,4.,3.));
#7180=CARTESIAN_POINT('Origin',(16.85,19.,3.));
#7181=CARTESIAN_POINT('Origin',(16.85,19.,0.));
#7182=CARTESIAN_POINT('',(0.,0.,0.));
#7183=CARTESIAN_POINT('Origin',(0.,0.,25.0000006705523));
#7184=CARTESIAN_POINT('',(0.,0.,25.0000006705523));
#7185=CARTESIAN_POINT('',(0.,11.8,25.0000006705523));
#7186=CARTESIAN_POINT('',(0.,0.,25.0000006705523));
#7187=CARTESIAN_POINT('',(0.,0.,28.6000006705523));
#7188=CARTESIAN_POINT('',(0.,0.,30.0000006705523));
#7189=CARTESIAN_POINT('',(0.,11.8,28.6000006705523));
#7190=CARTESIAN_POINT('',(0.,11.8,28.6000006705523));
#7191=CARTESIAN_POINT('',(0.,11.8,30.0000006705523));
#7192=CARTESIAN_POINT('Origin',(-2.4,5.9,28.6000006705523));
#7193=CARTESIAN_POINT('',(-2.8,11.8,28.6000006705523));
#7194=CARTESIAN_POINT('',(-4.8,9.8,28.6000006705523));
#7195=CARTESIAN_POINT('Origin',(-2.8,9.8,28.6000006705523));
#7196=CARTESIAN_POINT('',(4.675,11.8,28.6000006705522));
#7197=CARTESIAN_POINT('',(-2.8,0.,28.6000006705523));
#7198=CARTESIAN_POINT('',(4.675,0.,28.6000006705522));
#7199=CARTESIAN_POINT('',(-4.8,2.,28.6000006705523));
#7200=CARTESIAN_POINT('Origin',(-2.8,2.,28.6000006705523));
#7201=CARTESIAN_POINT('',(-4.8,7.85,28.6000006705522));
#7202=CARTESIAN_POINT('',(-3.2,5.9,28.6000006705523));
#7203=CARTESIAN_POINT('Origin',(-2.3,5.9,28.6000006705523));
#7204=CARTESIAN_POINT('Origin',(23.5,11.8,25.0000006705523));
#7205=CARTESIAN_POINT('',(23.5,11.8,25.0000006705523));
#7206=CARTESIAN_POINT('',(23.5,5.9,25.0000006705523));
#7207=CARTESIAN_POINT('',(23.5,5.9,25.0000006705523));
#7208=CARTESIAN_POINT('',(23.5,11.8,28.6000006705523));
#7209=CARTESIAN_POINT('',(23.5,11.8,30.0000006705523));
#7210=CARTESIAN_POINT('',(23.5,0.,28.6000006705523));
#7211=CARTESIAN_POINT('',(23.5,11.8,28.6000006705523));
#7212=CARTESIAN_POINT('',(23.5,0.,25.0000006705523));
#7213=CARTESIAN_POINT('',(23.5,0.,30.0000006705523));
#7214=CARTESIAN_POINT('',(23.5,5.9,25.0000006705523));
#7215=CARTESIAN_POINT('Origin',(25.9,5.9,28.6000006705523));
#7216=CARTESIAN_POINT('',(26.3,11.8,28.6000006705523));
#7217=CARTESIAN_POINT('',(18.825,11.8,28.6000006705522));
#7218=CARTESIAN_POINT('',(28.3,9.8,28.6000006705523));
#7219=CARTESIAN_POINT('Origin',(26.3,9.8,28.6000006705523));
#7220=CARTESIAN_POINT('',(28.3,2.,28.6000006705523));
#7221=CARTESIAN_POINT('',(28.3,3.95,28.6000006705522));
#7222=CARTESIAN_POINT('',(26.3,1.11022302462516E-15,28.6000006705523));
#7223=CARTESIAN_POINT('Origin',(26.3,2.,28.6000006705523));
#7224=CARTESIAN_POINT('',(18.825,0.,28.6000006705522));
#7225=CARTESIAN_POINT('',(24.9,5.9,28.6000006705523));
#7226=CARTESIAN_POINT('Origin',(25.8,5.9,28.6000006705523));
#7227=CARTESIAN_POINT('Origin',(23.5,0.,25.0000006705523));
#7228=CARTESIAN_POINT('',(17.6,11.8,25.0000006705523));
#7229=CARTESIAN_POINT('',(23.5,11.8,25.0000006705523));
#7230=CARTESIAN_POINT('',(12.9140532012153,9.48495503444033,25.0000006705523));
#7231=CARTESIAN_POINT('Origin',(17.6,5.9,25.0000006705523));
#7232=CARTESIAN_POINT('',(12.056336711356,9.09459194374678,25.0000006705523));
#7233=CARTESIAN_POINT('Origin',(12.1198249302348,10.0925745318031,25.0000006705523));
#7234=CARTESIAN_POINT('',(12.1114149384639,2.61167909607448,25.0000006705523));
#7235=CARTESIAN_POINT('Origin',(11.85,5.85114853256372,25.0000006705523));
#7236=CARTESIAN_POINT('',(12.9756401151386,2.23594546229394,25.0000006705523));
#7237=CARTESIAN_POINT('Origin',(12.1918503041451,1.6149192694624,25.0000006705523));
#7238=CARTESIAN_POINT('',(17.6,0.,25.0000006705523));
#7239=CARTESIAN_POINT('Origin',(17.6,5.9,25.0000006705523));
#7240=CARTESIAN_POINT('',(23.5,0.,25.0000006705523));
#7241=CARTESIAN_POINT('Origin',(-2.8,9.8,25.0000006705523));
#7242=CARTESIAN_POINT('',(-4.8,9.8,30.2000006705523));
#7243=CARTESIAN_POINT('',(-4.8,9.8,25.0000006705523));
#7244=CARTESIAN_POINT('',(-2.8,11.8,30.2000006705523));
#7245=CARTESIAN_POINT('Origin',(-2.8,9.8,30.2000006705523));
#7246=CARTESIAN_POINT('',(-2.8,11.8,25.0000006705523));
#7247=CARTESIAN_POINT('Origin',(28.3,2.,25.0000006705523));
#7248=CARTESIAN_POINT('',(28.3,9.8,30.2000006705523));
#7249=CARTESIAN_POINT('',(28.3,9.8,25.0000006705523));
#7250=CARTESIAN_POINT('',(28.3,2.,30.2000006705523));
#7251=CARTESIAN_POINT('',(28.3,2.,30.2000006705523));
#7252=CARTESIAN_POINT('',(28.3,2.,25.0000006705523));
#7253=CARTESIAN_POINT('Origin',(26.3,9.8,25.0000006705523));
#7254=CARTESIAN_POINT('',(26.3,11.8,30.2000006705523));
#7255=CARTESIAN_POINT('',(26.3,11.8,25.0000006705523));
#7256=CARTESIAN_POINT('Origin',(26.3,9.8,30.2000006705523));
#7257=CARTESIAN_POINT('Origin',(11.75,11.8,35.0000006705523));
#7258=CARTESIAN_POINT('',(0.,11.8,30.2000006705523));
#7259=CARTESIAN_POINT('',(-2.8,11.8,30.2000006705523));
#7260=CARTESIAN_POINT('',(0.,11.8,45.0000006705523));
#7261=CARTESIAN_POINT('',(0.,11.8,25.0000006705523));
#7262=CARTESIAN_POINT('',(18.5000002756715,11.8,45.0000006705523));
#7263=CARTESIAN_POINT('',(0.,11.8,45.0000006705523));
#7264=CARTESIAN_POINT('',(23.5,11.8,42.5003801480099));
#7265=CARTESIAN_POINT('',(18.5000002756715,11.8,45.0000006705523));
#7266=CARTESIAN_POINT('',(23.5,11.8,30.2000006705523));
#7267=CARTESIAN_POINT('',(23.5,11.8,42.5003801480099));
#7268=CARTESIAN_POINT('',(26.3,11.8,30.2000006705523));
#7269=CARTESIAN_POINT('',(26.3,11.8,25.0000006705523));
#7270=CARTESIAN_POINT('Origin',(23.5,0.,25.0000006705523));
#7271=CARTESIAN_POINT('Origin',(17.6,5.9,25.0000006705523));
#7272=CARTESIAN_POINT('Origin',(25.8,5.9,25.0000006705523));
#7273=CARTESIAN_POINT('',(24.9,5.9,30.2000006705523));
#7274=CARTESIAN_POINT('Origin',(25.8,5.9,30.2000006705523));
#7275=CARTESIAN_POINT('',(24.9,5.9,25.0000006705523));
#7276=CARTESIAN_POINT('Origin',(26.3,2.,25.0000006705523));
#7277=CARTESIAN_POINT('',(26.3,1.11022302462516E-15,30.2000006705523));
#7278=CARTESIAN_POINT('Origin',(26.3,2.,30.2000006705523));
#7279=CARTESIAN_POINT('',(26.3,1.11022302462516E-15,25.0000006705523));
#7280=CARTESIAN_POINT('Origin',(25.9,5.9,30.2000006705523));
#7281=CARTESIAN_POINT('',(23.5,0.,30.2000006705523));
#7282=CARTESIAN_POINT('',(23.5,2.95,30.2000006705523));
#7283=CARTESIAN_POINT('',(23.5,0.,30.2000006705523));
#7284=CARTESIAN_POINT('Origin',(-2.3,5.9,25.0000006705523));
#7285=CARTESIAN_POINT('',(-3.2,5.9,30.2000006705523));
#7286=CARTESIAN_POINT('Origin',(-2.3,5.9,30.2000006705523));
#7287=CARTESIAN_POINT('',(-3.2,5.9,25.0000006705523));
#7288=CARTESIAN_POINT('Origin',(-2.8,2.,25.0000006705523));
#7289=CARTESIAN_POINT('',(-2.8,0.,30.2000006705523));
#7290=CARTESIAN_POINT('',(-2.8,2.77555756156289E-16,25.0000006705523));
#7291=CARTESIAN_POINT('',(-4.8,2.,30.2000006705523));
#7292=CARTESIAN_POINT('Origin',(-2.8,2.,30.2000006705523));
#7293=CARTESIAN_POINT('',(-4.8,2.,25.0000006705523));
#7294=CARTESIAN_POINT('Origin',(-4.8,9.8,25.0000006705523));
#7295=CARTESIAN_POINT('',(-4.8,2.,30.2000006705523));
#7296=CARTESIAN_POINT('Origin',(-2.4,5.9,30.2000006705523));
#7297=CARTESIAN_POINT('',(0.,0.,30.2000006705523));
#7298=CARTESIAN_POINT('',(0.,0.,30.2000006705523));
#7299=CARTESIAN_POINT('',(0.,2.95,30.2000006705522));
#7300=CARTESIAN_POINT('Origin',(17.6,5.9,25.0000006705523));
#7301=CARTESIAN_POINT('',(15.7,5.9,17.7000006705523));
#7302=CARTESIAN_POINT('Origin',(17.6,5.9,17.7000006705523));
#7303=CARTESIAN_POINT('',(15.7,5.9,21.3000006705523));
#7304=CARTESIAN_POINT('',(15.7,5.9,25.0000006705523));
#7305=CARTESIAN_POINT('Origin',(17.6,5.9,21.3000006705523));
#7306=CARTESIAN_POINT('Origin',(17.6,5.9,17.7000006705523));
#7307=CARTESIAN_POINT('Origin',(12.1918503041451,1.6149192694624,25.0000006705523));
#7308=CARTESIAN_POINT('',(12.1114149384639,2.61167909607448,21.3000006705523));
#7309=CARTESIAN_POINT('',(12.1114149384639,2.61167909607448,25.0000006705523));
#7310=CARTESIAN_POINT('',(12.9756401151386,2.23594546229394,21.3000006705523));
#7311=CARTESIAN_POINT('Origin',(12.1918503041451,1.6149192694624,21.3000006705523));
#7312=CARTESIAN_POINT('',(12.9756401151386,2.23594546229394,25.0000006705523));
#7313=CARTESIAN_POINT('Origin',(17.6,5.9,25.0000006705523));
#7314=CARTESIAN_POINT('Origin',(17.6,5.9,25.0000006705523));
#7315=CARTESIAN_POINT('',(12.9140532012153,9.48495503444033,21.3000006705523));
#7316=CARTESIAN_POINT('Origin',(17.6,5.9,21.3000006705523));
#7317=CARTESIAN_POINT('',(12.9140532012153,9.48495503444033,25.0000006705523));
#7318=CARTESIAN_POINT('Origin',(12.1198249302348,10.0925745318031,25.0000006705523));
#7319=CARTESIAN_POINT('',(12.056336711356,9.09459194374678,21.3000006705523));
#7320=CARTESIAN_POINT('Origin',(12.1198249302348,10.0925745318031,21.3000006705523));
#7321=CARTESIAN_POINT('',(12.056336711356,9.09459194374678,25.0000006705523));
#7322=CARTESIAN_POINT('Origin',(11.85,5.85114853256372,25.0000006705523));
#7323=CARTESIAN_POINT('Origin',(11.85,5.85114853256372,21.3000006705523));
#7324=CARTESIAN_POINT('Origin',(16.05,5.9,21.3000006705523));
#7325=CARTESIAN_POINT('Origin',(23.5,0.,25.0000006705523));
#7326=CARTESIAN_POINT('',(23.5,0.,25.0000006705523));
#7327=CARTESIAN_POINT('Origin',(0.,0.,45.0000006705523));
#7328=CARTESIAN_POINT('',(0.,0.,45.0000006705523));
#7329=CARTESIAN_POINT('',(18.5000002756715,0.,45.0000006705523));
#7330=CARTESIAN_POINT('',(0.,0.,45.0000006705523));
#7331=CARTESIAN_POINT('',(18.5000002756715,0.,45.0000006705523));
#7332=CARTESIAN_POINT('',(0.,0.,45.0000006705523));
#7333=CARTESIAN_POINT('Origin',(0.,0.,25.0000006705523));
#7334=CARTESIAN_POINT('',(0.,0.,25.0000006705523));
#7335=CARTESIAN_POINT('Origin',(23.5,0.,42.5003801480099));
#7336=CARTESIAN_POINT('',(23.5,0.,42.5003801480099));
#7337=CARTESIAN_POINT('',(23.5,0.,42.5003801480099));
#7338=CARTESIAN_POINT('',(23.5,0.,42.5003801480099));
#7339=CARTESIAN_POINT('Origin',(18.5000002756715,0.,45.0000006705523));
#7340=CARTESIAN_POINT('',(18.5000002756715,0.,45.0000006705523));
#7341=CARTESIAN_POINT('Origin',(11.75,0.,35.0000006705523));
#7342=CARTESIAN_POINT('',(0.,0.,0.));
#7343=CARTESIAN_POINT('Origin',(36.,-1.1,9.9));
#7344=CARTESIAN_POINT('',(6.25,-1.1,5.2));
#7345=CARTESIAN_POINT('',(6.25,-1.1,9.9));
#7346=CARTESIAN_POINT('',(6.25,-1.1,9.9));
#7347=CARTESIAN_POINT('',(1.85,-1.1,5.2));
#7348=CARTESIAN_POINT('',(20.025,-1.1,5.2));
#7349=CARTESIAN_POINT('',(1.85,-1.1,3.6));
#7350=CARTESIAN_POINT('',(1.85,-1.1,9.9));
#7351=CARTESIAN_POINT('',(6.25,-1.1,3.6));
#7352=CARTESIAN_POINT('',(20.025,-1.1,3.6));
#7353=CARTESIAN_POINT('',(6.25,-1.1,0.));
#7354=CARTESIAN_POINT('',(6.25,-1.1,9.9));
#7355=CARTESIAN_POINT('',(0.,-1.1,0.));
#7356=CARTESIAN_POINT('',(18.,-1.1,0.));
#7357=CARTESIAN_POINT('',(0.,-1.1,9.9));
#7358=CARTESIAN_POINT('',(0.,-1.1,7.425));
#7359=CARTESIAN_POINT('',(18.,-1.1,9.9));
#7360=CARTESIAN_POINT('Origin',(36.,-1.1,9.9));
#7361=CARTESIAN_POINT('',(29.75,-1.1,0.));
#7362=CARTESIAN_POINT('',(36.,-1.1,0.));
#7363=CARTESIAN_POINT('',(18.,-1.1,0.));
#7364=CARTESIAN_POINT('',(29.75,-1.1,3.6));
#7365=CARTESIAN_POINT('',(29.75,-1.1,9.9));
#7366=CARTESIAN_POINT('',(34.15,-1.1,3.6));
#7367=CARTESIAN_POINT('',(33.975,-1.1,3.6));
#7368=CARTESIAN_POINT('',(34.15,-1.1,5.2));
#7369=CARTESIAN_POINT('',(34.15,-1.1,9.9));
#7370=CARTESIAN_POINT('',(29.75,-1.1,5.2));
#7371=CARTESIAN_POINT('',(33.975,-1.1,5.2));
#7372=CARTESIAN_POINT('',(29.75,-1.1,9.9));
#7373=CARTESIAN_POINT('',(29.75,-1.1,9.9));
#7374=CARTESIAN_POINT('',(36.,-1.1,9.9));
#7375=CARTESIAN_POINT('',(18.,-1.1,9.9));
#7376=CARTESIAN_POINT('',(36.,-1.1,7.425));
#7377=CARTESIAN_POINT('Origin',(31.95,-3.5,3.6));
#7378=CARTESIAN_POINT('',(29.75,-7.,3.6));
#7379=CARTESIAN_POINT('',(29.75,-1.75,3.6));
#7380=CARTESIAN_POINT('',(34.15,-7.,3.6));
#7381=CARTESIAN_POINT('',(29.75,-7.,3.6));
#7382=CARTESIAN_POINT('',(34.15,-7.,3.6));
#7383=CARTESIAN_POINT('Origin',(29.75,0.,9.9));
#7384=CARTESIAN_POINT('',(29.75,-7.,0.));
#7385=CARTESIAN_POINT('',(29.75,-4.75,0.));
#7386=CARTESIAN_POINT('',(29.75,-7.,9.9));
#7387=CARTESIAN_POINT('Origin',(36.,-7.25,4.95));
#7388=CARTESIAN_POINT('',(36.,-10.964,9.9));
#7389=CARTESIAN_POINT('',(36.,-9.5,9.9));
#7390=CARTESIAN_POINT('',(36.,-12.7317791924526,8.13177919245256));
#7391=CARTESIAN_POINT('',(36.,-11.2732318842513,9.59069086545153));
#7392=CARTESIAN_POINT('',(36.,-12.,7.4));
#7393=CARTESIAN_POINT('',(36.,-14.5,9.9));
#7394=CARTESIAN_POINT('',(36.,-9.5,7.4));
#7395=CARTESIAN_POINT('',(36.,-9.5,7.4));
#7396=CARTESIAN_POINT('',(36.,-9.5,0.));
#7397=CARTESIAN_POINT('',(36.,-9.5,0.));
#7398=CARTESIAN_POINT('',(36.,0.,0.));
#7399=CARTESIAN_POINT('Origin',(6.25,0.,9.9));
#7400=CARTESIAN_POINT('',(6.25,-7.,9.9));
#7401=CARTESIAN_POINT('',(6.25,0.,9.9));
#7402=CARTESIAN_POINT('',(6.25,-7.,5.2));
#7403=CARTESIAN_POINT('',(6.25,-7.,9.9));
#7404=CARTESIAN_POINT('',(6.25,0.,5.2));
#7405=CARTESIAN_POINT('Origin',(0.,-7.25,4.95));
#7406=CARTESIAN_POINT('',(0.,-9.5,0.));
#7407=CARTESIAN_POINT('',(0.,0.,0.));
#7408=CARTESIAN_POINT('',(0.,-9.5,7.4));
#7409=CARTESIAN_POINT('',(0.,-9.5,0.));
#7410=CARTESIAN_POINT('',(0.,-12.,7.4));
#7411=CARTESIAN_POINT('',(0.,-9.5,7.4));
#7412=CARTESIAN_POINT('',(0.,-17.0003295782756,12.4003295782756));
#7413=CARTESIAN_POINT('',(0.,-14.5,9.9));
#7414=CARTESIAN_POINT('',(-1.18748792102865E-15,-17.0003295782756,21.8994463760672));
#7415=CARTESIAN_POINT('',(0.,-17.0003295782756,12.4003295782756));
#7416=CARTESIAN_POINT('',(-1.18748792102865E-15,-14.5003295782756,21.8994463760672));
#7417=CARTESIAN_POINT('',(0.,-10.8751647891378,21.8994463760672));
#7418=CARTESIAN_POINT('',(0.,-14.5003295782756,13.4354463760672));
#7419=CARTESIAN_POINT('',(0.,-14.5003295782756,29.4003295782756));
#7420=CARTESIAN_POINT('',(0.,-10.964,9.9));
#7421=CARTESIAN_POINT('',(0.,-10.964,9.9));
#7422=CARTESIAN_POINT('',(0.,-9.5,9.9));
#7423=CARTESIAN_POINT('Origin',(0.,-9.5,0.));
#7424=CARTESIAN_POINT('',(0.,-9.5,0.));
#7425=CARTESIAN_POINT('',(6.25,-7.,0.));
#7426=CARTESIAN_POINT('',(6.25,-8.25,0.));
#7427=CARTESIAN_POINT('',(14.875,-7.,0.));
#7428=CARTESIAN_POINT('Origin',(18.7732065040293,-14.5003295782756,13.2022657928051));
#7429=CARTESIAN_POINT('',(18.7732065040293,-17.0003295782756,13.2022657928051));
#7430=CARTESIAN_POINT('',(6.50596410932521,-17.0003295782756,13.2022657928051));
#7431=CARTESIAN_POINT('',(9.38660325201463,-17.0003295782756,13.2022657928051));
#7432=CARTESIAN_POINT('',(18.7732065040293,-14.2670907433575,13.2022657928051));
#7433=CARTESIAN_POINT('',(18.7732065040293,-14.5003295782756,13.2022657928051));
#7434=CARTESIAN_POINT('',(6.50596410932521,-14.2670907433575,13.2022657928051));
#7435=CARTESIAN_POINT('',(9.38660325201463,-14.2670907433575,13.2022657928051));
#7436=CARTESIAN_POINT('',(6.50596410932521,-14.5003295782756,13.2022657928051));
#7437=CARTESIAN_POINT('Origin',(0.,-17.0003295782756,29.4003295782756));
#7438=CARTESIAN_POINT('',(28.5825888724694,-17.0003295782756,15.9308082719857));
#7439=CARTESIAN_POINT('',(30.7524273421176,-17.0003295782756,12.4003295782756));
#7440=CARTESIAN_POINT('',(22.6374922207413,-17.0003295782756,25.6038956259845));
#7441=CARTESIAN_POINT('',(12.0059641093252,-17.0003295782756,29.4022657928051));
#7442=CARTESIAN_POINT('',(8.3923450973034,-17.0003295782756,32.3389743032801));
#7443=CARTESIAN_POINT('',(-4.,-17.0003295782756,31.8994463760672));
#7444=CARTESIAN_POINT('',(-4.,-17.0003295782756,31.8994463760672));
#7445=CARTESIAN_POINT('',(-4.,-17.0003295782756,21.8994463760672));
#7446=CARTESIAN_POINT('Origin',(-4.,-17.0003295782756,26.8994463760672));
#7447=CARTESIAN_POINT('',(-1.18748792102865E-15,-17.0003295782756,21.8994463760672));
#7448=CARTESIAN_POINT('',(0.,-17.0003295782756,12.4003295782756));
#7449=CARTESIAN_POINT('',(19.456363632805,-17.0003295782756,14.932537206324));
#7450=CARTESIAN_POINT('Origin',(18.7732065040293,-17.0003295782756,14.2022657928051));
#7451=CARTESIAN_POINT('',(5.50596410932521,-17.0003295782756,14.2022657928051));
#7452=CARTESIAN_POINT('Origin',(6.50596410932521,-17.0003295782756,14.2022657928051));
#7453=CARTESIAN_POINT('',(5.5059641093252,-17.0003295782756,20.9022657928051));
#7454=CARTESIAN_POINT('',(5.5059641093252,-17.0003295782756,21.8012976855404));
#7455=CARTESIAN_POINT('',(6.50596410932521,-17.0003295782756,21.9022657928051));
#7456=CARTESIAN_POINT('Origin',(6.50596410932521,-17.0003295782756,20.9022657928051));
#7457=CARTESIAN_POINT('',(11.611137538512,-17.0003295782756,21.9022657928051));
#7458=CARTESIAN_POINT('',(3.2529820546626,-17.0003295782756,21.9022657928051));
#7459=CARTESIAN_POINT('',(12.2942946672878,-17.0003295782756,21.632537206324));
#7460=CARTESIAN_POINT('Origin',(11.611137538512,-17.0003295782756,20.902265792805));
#7461=CARTESIAN_POINT('',(7.07840606638652,-17.0003295782756,26.5119168652316));
#7462=CARTESIAN_POINT('',(-6.5,-17.0003295782756,26.8994463760672));
#7463=CARTESIAN_POINT('Origin',(-4.,-17.0003295782756,26.8994463760672));
#7464=CARTESIAN_POINT('Origin',(-4.,-17.0003295782756,26.8994463760672));
#7465=CARTESIAN_POINT('',(-6.5,-19.2003295782756,26.8994463760672));
#7466=CARTESIAN_POINT('Origin',(-4.,-19.2003295782756,26.8994463760672));
#7467=CARTESIAN_POINT('',(-6.5,-17.0003295782756,26.8994463760672));
#7468=CARTESIAN_POINT('Origin',(-4.,-19.2003295782756,26.8994463760672));
#7469=CARTESIAN_POINT('Origin',(6.50596410932521,-14.5003295782756,14.2022657928051));
#7470=CARTESIAN_POINT('',(5.86410120954538,-14.5003295782756,13.4354463760672));
#7471=CARTESIAN_POINT('Origin',(6.50596410932521,-15.2673405568505,14.2022657928051));
#7472=CARTESIAN_POINT('',(5.50596410932521,-14.5003295782756,14.2022657928051));
#7473=CARTESIAN_POINT('Origin',(6.50596410932521,-14.5003295782756,14.2022657928051));
#7474=CARTESIAN_POINT('',(5.50596410932521,-14.5003295782756,14.2022657928051));
#7475=CARTESIAN_POINT('Origin',(5.50596410932521,-14.5003295782756,14.2022657928051));
#7476=CARTESIAN_POINT('',(5.5059641093252,-14.5003295782756,20.9022657928051));
#7477=CARTESIAN_POINT('',(5.50596410932521,-14.5003295782756,13.8188560844361));
#7478=CARTESIAN_POINT('',(5.5059641093252,-14.5003295782756,20.9022657928051));
#7479=CARTESIAN_POINT('Origin',(6.50596410932521,-14.5003295782756,20.9022657928051));
#7480=CARTESIAN_POINT('',(6.50596410932521,-14.5003295782756,21.9022657928051));
#7481=CARTESIAN_POINT('Origin',(6.50596410932521,-14.5003295782756,20.9022657928051));
#7482=CARTESIAN_POINT('',(6.50596410932521,-14.5003295782756,21.9022657928051));
#7483=CARTESIAN_POINT('Origin',(6.50596410932521,-14.5003295782756,21.9022657928051));
#7484=CARTESIAN_POINT('',(11.611137538512,-14.5003295782756,21.9022657928051));
#7485=CARTESIAN_POINT('',(3.2529820546626,-14.5003295782756,21.9022657928051));
#7486=CARTESIAN_POINT('',(11.611137538512,-14.5003295782756,21.9022657928051));
#7487=CARTESIAN_POINT('Origin',(18.7732065040293,-14.5003295782756,14.2022657928051));
#7488=CARTESIAN_POINT('',(19.456363632805,-14.5003295782756,14.932537206324));
#7489=CARTESIAN_POINT('',(19.456363632805,-14.5003295782756,14.932537206324));
#7490=CARTESIAN_POINT('',(19.4150694038091,-14.5003295782756,13.4354463760672));
#7491=CARTESIAN_POINT('Origin',(18.7732065040293,-14.5003295782756,14.2022657928051));
#7492=CARTESIAN_POINT('Origin',(18.7732065040293,-15.2673405568505,14.2022657928051));
#7493=CARTESIAN_POINT('Origin',(12.2942946672878,-14.5003295782756,21.632537206324));
#7494=CARTESIAN_POINT('',(12.2942946672878,-14.5003295782756,21.632537206324));
#7495=CARTESIAN_POINT('',(12.2942946672878,-14.5003295782756,21.632537206324));
#7496=CARTESIAN_POINT('',(11.0607673313103,-14.5003295782756,22.7864821335287));
#7497=CARTESIAN_POINT('Origin',(11.611137538512,-14.5003295782756,20.902265792805));
#7498=CARTESIAN_POINT('Origin',(11.611137538512,-14.5003295782756,20.902265792805));
#7499=CARTESIAN_POINT('Origin',(-4.,-14.5003295782756,26.8994463760672));
#7500=CARTESIAN_POINT('',(-4.,-14.5003295782756,21.8994463760672));
#7501=CARTESIAN_POINT('',(-4.,-14.5003295782756,31.8994463760672));
#7502=CARTESIAN_POINT('Origin',(-4.,-14.5003295782756,26.8994463760672));
#7503=CARTESIAN_POINT('',(-4.,-14.5003295782756,21.8994463760672));
#7504=CARTESIAN_POINT('',(-4.,-14.5003295782756,31.8994463760672));
#7505=CARTESIAN_POINT('Origin',(12.0059641093252,-14.5003295782756,29.4022657928051));
#7506=CARTESIAN_POINT('',(12.0059641093252,-14.5003295782756,29.4022657928051));
#7507=CARTESIAN_POINT('',(-4.,-14.5003295782756,31.8994463760672));
#7508=CARTESIAN_POINT('',(12.0059641093252,-14.5003295782756,29.4022657928051));
#7509=CARTESIAN_POINT('Origin',(-4.,-14.5003295782756,21.8994463760672));
#7510=CARTESIAN_POINT('',(-1.18748792102865E-15,-14.5003295782756,21.8994463760672));
#7511=CARTESIAN_POINT('Origin',(31.653130997029,-14.5003295782756,13.4354463760672));
#7512=CARTESIAN_POINT('',(25.4599697452692,-21.305390868479,16.705390868479));
#7513=CARTESIAN_POINT('',(31.653130997029,-14.5003295782756,13.4354463760672));
#7514=CARTESIAN_POINT('',(26.0791234071551,-19.0349792068086,17.9689634708592));
#7515=CARTESIAN_POINT('',(24.6332854064049,-20.2158069319946,19.1403201382495));
#7516=CARTESIAN_POINT('Origin',(0.,-14.5,9.9));
#7517=CARTESIAN_POINT('',(0.,-12.,7.4));
#7518=CARTESIAN_POINT('Origin',(6.25,-7.,9.9));
#7519=CARTESIAN_POINT('',(6.25,-7.,3.6));
#7520=CARTESIAN_POINT('',(6.25,-5.25,3.6));
#7521=CARTESIAN_POINT('',(6.25,-7.,9.9));
#7522=CARTESIAN_POINT('Origin',(29.75,-7.,9.9));
#7523=CARTESIAN_POINT('',(1.85,-7.,3.6));
#7524=CARTESIAN_POINT('',(6.25,-7.,3.6));
#7525=CARTESIAN_POINT('',(1.85,-7.,5.2));
#7526=CARTESIAN_POINT('',(1.85,-7.,9.9));
#7527=CARTESIAN_POINT('',(16.9,-7.,5.2));
#7528=CARTESIAN_POINT('',(29.75,-7.,9.9));
#7529=CARTESIAN_POINT('',(14.875,-7.,9.9));
#7530=CARTESIAN_POINT('',(29.75,-7.,5.2));
#7531=CARTESIAN_POINT('',(29.75,-7.,9.9));
#7532=CARTESIAN_POINT('',(34.15,-7.,5.2));
#7533=CARTESIAN_POINT('',(30.85,-7.,5.2));
#7534=CARTESIAN_POINT('',(34.15,-7.,9.9));
#7535=CARTESIAN_POINT('Origin',(12.0083466207696,-14.5003295782756,29.4003295782756));
#7536=CARTESIAN_POINT('',(31.653130997029,-14.5003295782756,13.4354463760672));
#7537=CARTESIAN_POINT('Origin',(0.,-10.964,9.9));
#7538=CARTESIAN_POINT('',(0.,-14.5003295782756,13.4354463760672));
#7539=CARTESIAN_POINT('',(0.,-10.964,9.9));
#7540=CARTESIAN_POINT('',(0.,-14.5003295782756,13.4354463760672));
#7541=CARTESIAN_POINT('Origin',(0.,-14.5003295782756,13.4354463760672));
#7542=CARTESIAN_POINT('Origin',(0.,0.,9.9));
#7543=CARTESIAN_POINT('',(29.75,0.,9.9));
#7544=CARTESIAN_POINT('Origin',(4.05,-3.5,5.2));
#7545=CARTESIAN_POINT('',(1.85,-5.25,5.2));
#7546=CARTESIAN_POINT('Origin',(1.85,-7.,9.9));
#7547=CARTESIAN_POINT('',(1.85,-7.,3.6));
#7548=CARTESIAN_POINT('Origin',(29.75,-7.,9.9));
#7549=CARTESIAN_POINT('',(29.75,0.,5.2));
#7550=CARTESIAN_POINT('Origin',(31.95,-3.5,5.2));
#7551=CARTESIAN_POINT('',(34.15,-1.75,5.2));
#7552=CARTESIAN_POINT('Origin',(34.15,0.,9.9));
#7553=CARTESIAN_POINT('Origin',(4.05,-3.5,3.6));
#7554=CARTESIAN_POINT('Origin',(0.,-9.5,7.4));
#7555=CARTESIAN_POINT('',(0.,-9.5,7.4));
#7556=CARTESIAN_POINT('Origin',(0.,-12.,7.4));
#7557=CARTESIAN_POINT('',(0.,0.,0.));
#7558=CARTESIAN_POINT('Origin',(-1.1,4.44089209850063E-15,9.9));
#7559=CARTESIAN_POINT('',(-1.1,6.25,0.));
#7560=CARTESIAN_POINT('',(-1.1,4.44089209850063E-15,0.));
#7561=CARTESIAN_POINT('',(-1.1,2.22044604925031E-15,0.));
#7562=CARTESIAN_POINT('',(-1.1,6.25,3.6));
#7563=CARTESIAN_POINT('',(-1.1,6.25,9.9));
#7564=CARTESIAN_POINT('',(-1.1,1.85,3.6));
#7565=CARTESIAN_POINT('',(-1.1,2.025,3.6));
#7566=CARTESIAN_POINT('',(-1.1,1.85,5.2));
#7567=CARTESIAN_POINT('',(-1.1,1.85,9.9));
#7568=CARTESIAN_POINT('',(-1.1,6.25,5.2));
#7569=CARTESIAN_POINT('',(-1.1,2.025,5.2));
#7570=CARTESIAN_POINT('',(-1.1,6.25,9.9));
#7571=CARTESIAN_POINT('',(-1.1,6.25,9.9));
#7572=CARTESIAN_POINT('',(-1.1,4.44089209850063E-15,9.9));
#7573=CARTESIAN_POINT('',(-1.1,2.22044604925031E-15,9.9));
#7574=CARTESIAN_POINT('',(-1.1,0.,12.1498834764832));
#7575=CARTESIAN_POINT('Origin',(-1.1,4.44089209850063E-15,9.9));
#7576=CARTESIAN_POINT('',(-1.1,36.,0.));
#7577=CARTESIAN_POINT('',(-1.1,29.75,0.));
#7578=CARTESIAN_POINT('',(-1.1,2.22044604925031E-15,0.));
#7579=CARTESIAN_POINT('',(-1.1,36.,9.9));
#7580=CARTESIAN_POINT('',(-1.1,36.,12.1498834764832));
#7581=CARTESIAN_POINT('',(-1.1,29.75,9.9));
#7582=CARTESIAN_POINT('',(-1.1,2.22044604925031E-15,9.9));
#7583=CARTESIAN_POINT('',(-1.1,29.75,5.2));
#7584=CARTESIAN_POINT('',(-1.1,29.75,9.9));
#7585=CARTESIAN_POINT('',(-1.1,34.15,5.2));
#7586=CARTESIAN_POINT('',(-1.1,15.975,5.2));
#7587=CARTESIAN_POINT('',(-1.1,34.15,3.6));
#7588=CARTESIAN_POINT('',(-1.1,34.15,9.9));
#7589=CARTESIAN_POINT('',(-1.1,29.75,3.6));
#7590=CARTESIAN_POINT('',(-1.1,15.975,3.6));
#7591=CARTESIAN_POINT('',(-1.1,29.75,9.9));
#7592=CARTESIAN_POINT('Origin',(-3.5,31.95,3.6));
#7593=CARTESIAN_POINT('',(-7.,34.15,3.6));
#7594=CARTESIAN_POINT('',(1.13110805735308E-15,34.15,3.6));
#7595=CARTESIAN_POINT('',(-7.,29.75,3.6));
#7596=CARTESIAN_POINT('',(-7.,34.15,3.6));
#7597=CARTESIAN_POINT('',(-5.25,29.75,3.6));
#7598=CARTESIAN_POINT('Origin',(-7.,34.15,9.9));
#7599=CARTESIAN_POINT('',(-7.,34.15,5.2));
#7600=CARTESIAN_POINT('',(-5.25,34.15,5.2));
#7601=CARTESIAN_POINT('',(-7.,34.15,9.9));
#7602=CARTESIAN_POINT('Origin',(-3.5,31.95,5.2));
#7603=CARTESIAN_POINT('',(-7.,29.75,5.2));
#7604=CARTESIAN_POINT('',(-7.,29.75,5.2));
#7605=CARTESIAN_POINT('',(-7.,19.1,5.2));
#7606=CARTESIAN_POINT('Origin',(1.11022302462516E-15,29.75,9.9));
#7607=CARTESIAN_POINT('',(-7.,29.75,9.9));
#7608=CARTESIAN_POINT('',(-7.,29.75,9.9));
#7609=CARTESIAN_POINT('',(-7.,29.75,9.9));
#7610=CARTESIAN_POINT('Origin',(1.11022302462516E-15,6.25,9.9));
#7611=CARTESIAN_POINT('',(-7.,6.25,0.));
#7612=CARTESIAN_POINT('',(5.55111512312578E-16,6.25,0.));
#7613=CARTESIAN_POINT('',(-7.,6.25,3.6));
#7614=CARTESIAN_POINT('',(-7.,6.25,9.9));
#7615=CARTESIAN_POINT('',(-1.75,6.25,3.6));
#7616=CARTESIAN_POINT('Origin',(-8.49962247149445,0.,14.3997669529664));
#7617=CARTESIAN_POINT('',(-10.964,0.,9.9));
#7618=CARTESIAN_POINT('',(0.,0.,9.9));
#7619=CARTESIAN_POINT('',(-14.4995339059327,0.,13.4355339059327));
#7620=CARTESIAN_POINT('',(-10.964,0.,9.9));
#7621=CARTESIAN_POINT('',(-14.4995339059327,0.,28.7995339059327));
#7622=CARTESIAN_POINT('',(-14.4995339059327,0.,13.4355339059327));
#7623=CARTESIAN_POINT('',(-16.9992449429889,0.,28.799244777586));
#7624=CARTESIAN_POINT('',(-14.4995339059327,0.,28.7995339059327));
#7625=CARTESIAN_POINT('',(-16.9992449429889,0.,12.399244777586));
#7626=CARTESIAN_POINT('',(-16.9992449429889,0.,12.399244777586));
#7627=CARTESIAN_POINT('',(-12.,0.,7.39999983459711));
#7628=CARTESIAN_POINT('',(-12.,0.,7.39999983459711));
#7629=CARTESIAN_POINT('',(-9.5,0.,7.39999983459711));
#7630=CARTESIAN_POINT('',(-9.5,0.,7.39999983459711));
#7631=CARTESIAN_POINT('',(-9.5,0.,0.));
#7632=CARTESIAN_POINT('',(-9.5,0.,0.));
#7633=CARTESIAN_POINT('',(0.,0.,0.));
#7634=CARTESIAN_POINT('Origin',(-7.,6.25,9.9));
#7635=CARTESIAN_POINT('',(-7.,6.25,5.2));
#7636=CARTESIAN_POINT('',(-7.,6.25,5.2));
#7637=CARTESIAN_POINT('',(-7.,6.25,9.9));
#7638=CARTESIAN_POINT('',(-7.,6.25,9.9));
#7639=CARTESIAN_POINT('',(-7.,6.25,9.9));
#7640=CARTESIAN_POINT('Origin',(-3.5,4.05,5.2));
#7641=CARTESIAN_POINT('',(-7.,1.85,5.2));
#7642=CARTESIAN_POINT('',(-1.75,1.85,5.2));
#7643=CARTESIAN_POINT('',(-7.,5.15,5.2));
#7644=CARTESIAN_POINT('Origin',(-7.,6.25,9.9));
#7645=CARTESIAN_POINT('',(-7.,14.875,9.9));
#7646=CARTESIAN_POINT('',(-7.,1.85,3.6));
#7647=CARTESIAN_POINT('',(-7.,1.85,9.9));
#7648=CARTESIAN_POINT('',(-7.,1.85,3.6));
#7649=CARTESIAN_POINT('',(-7.,29.75,0.));
#7650=CARTESIAN_POINT('',(-7.,3.125,0.));
#7651=CARTESIAN_POINT('',(-7.,29.75,9.9));
#7652=CARTESIAN_POINT('Origin',(2.08850327279224E-17,1.85,9.9));
#7653=CARTESIAN_POINT('',(2.08850327279224E-17,1.85,3.6));
#7654=CARTESIAN_POINT('Origin',(-3.5,4.05,3.6));
#7655=CARTESIAN_POINT('Origin',(-10.964,0.,9.9));
#7656=CARTESIAN_POINT('',(-10.9596495787536,35.9999991953373,9.9));
#7657=CARTESIAN_POINT('',(0.,36.,9.9));
#7658=CARTESIAN_POINT('',(-10.964,35.9973250847263,9.9));
#7659=CARTESIAN_POINT('',(-21.2457160851398,29.6773747797624,9.9));
#7660=CARTESIAN_POINT('',(-10.964,0.,9.9));
#7661=CARTESIAN_POINT('Origin',(-7.,29.75,9.9));
#7662=CARTESIAN_POINT('',(-3.5,29.75,0.));
#7663=CARTESIAN_POINT('Origin',(-14.4995339059327,7.1,13.1995339059327));
#7664=CARTESIAN_POINT('',(-16.9992449429889,7.1,13.1995339059327));
#7665=CARTESIAN_POINT('',(-16.9992449429889,19.3672423947041,13.1995339059327));
#7666=CARTESIAN_POINT('',(-16.9992449429889,3.55,13.1995339059327));
#7667=CARTESIAN_POINT('',(-14.2635339059327,7.1,13.1995339059327));
#7668=CARTESIAN_POINT('',(-14.4995339059327,7.1,13.1995339059327));
#7669=CARTESIAN_POINT('',(-14.2635339059327,19.3672423947041,13.1995339059327));
#7670=CARTESIAN_POINT('',(-14.2635339059327,3.55,13.1995339059327));
#7671=CARTESIAN_POINT('',(-14.4995339059327,19.3672423947041,13.1995339059327));
#7672=CARTESIAN_POINT('Origin',(-16.9992449429889,0.,12.399244777586));
#7673=CARTESIAN_POINT('',(-16.9992449429889,30.7513573429974,12.399244777586));
#7674=CARTESIAN_POINT('',(-16.9992449429889,28.5789009502036,15.9335415299686));
#7675=CARTESIAN_POINT('',(-16.9992449429889,26.4274436638388,19.4336755374043));
#7676=CARTESIAN_POINT('',(-16.9992449429889,0.,12.399244777586));
#7677=CARTESIAN_POINT('',(-16.9992449429889,12.4235528231786,28.799244777586));
#7678=CARTESIAN_POINT('',(-16.9992449429889,0.,28.799244777586));
#7679=CARTESIAN_POINT('',(-16.9992449429889,14.1135169566018,27.6892402187278));
#7680=CARTESIAN_POINT('Origin',(-16.9992449429889,7.80675888228888,19.9287761480622));
#7681=CARTESIAN_POINT('',(-16.9992449429889,22.3749084144966,20.9753894995311));
#7682=CARTESIAN_POINT('',(-16.9992449429889,6.1,14.1995339059327));
#7683=CARTESIAN_POINT('Origin',(-16.9992449429889,7.1,14.1995339059327));
#7684=CARTESIAN_POINT('',(-16.9992449429889,20.0503995234798,14.9298053194516));
#7685=CARTESIAN_POINT('Origin',(-16.9992449429889,19.3672423947041,14.1995339059327));
#7686=CARTESIAN_POINT('',(-16.9992449429889,12.8883305579626,21.6298053194516));
#7687=CARTESIAN_POINT('',(-16.9992449429889,15.335233037651,19.3407675158721));
#7688=CARTESIAN_POINT('',(-16.9992449429889,12.2051734291868,21.8995339059327));
#7689=CARTESIAN_POINT('Origin',(-16.9992449429889,12.2051734291868,20.8995339059327));
#7690=CARTESIAN_POINT('',(-16.9992449429889,7.1,21.8995339059327));
#7691=CARTESIAN_POINT('',(-16.9992449429889,6.10258671459341,21.8995339059327));
#7692=CARTESIAN_POINT('',(-16.9992449429889,6.1,20.8995339059327));
#7693=CARTESIAN_POINT('Origin',(-16.9992449429889,7.10000000000001,20.8995339059327));
#7694=CARTESIAN_POINT('',(-16.9992449429889,6.1,16.6493893417594));
#7695=CARTESIAN_POINT('Origin',(-14.4995339059327,7.1,14.1995339059327));
#7696=CARTESIAN_POINT('',(-14.4995339059327,6.45478375717904,13.4355339059327));
#7697=CARTESIAN_POINT('',(-14.4995339059327,6.1,14.1995339059327));
#7698=CARTESIAN_POINT('Origin',(-14.4995339059327,7.1,14.1995339059327));
#7699=CARTESIAN_POINT('Origin',(-15.2635339059327,7.1,14.1995339059327));
#7700=CARTESIAN_POINT('',(-14.4995339059327,6.1,14.1995339059327));
#7701=CARTESIAN_POINT('Origin',(-14.4995339059327,6.1,20.8995339059327));
#7702=CARTESIAN_POINT('',(-14.4995339059327,6.1,20.8995339059327));
#7703=CARTESIAN_POINT('',(-14.4995339059327,6.1,24.8495339059327));
#7704=CARTESIAN_POINT('',(-14.4995339059327,6.1,20.8995339059327));
#7705=CARTESIAN_POINT('Origin',(-14.4995339059327,7.10000000000001,20.8995339059327));
#7706=CARTESIAN_POINT('',(-14.4995339059327,7.1,21.8995339059327));
#7707=CARTESIAN_POINT('Origin',(-14.4995339059327,7.10000000000001,20.8995339059327));
#7708=CARTESIAN_POINT('',(-14.4995339059327,7.1,21.8995339059327));
#7709=CARTESIAN_POINT('Origin',(-14.4995339059327,12.2051734291868,21.8995339059327));
#7710=CARTESIAN_POINT('',(-14.4995339059327,12.2051734291868,21.8995339059327));
#7711=CARTESIAN_POINT('',(-14.4995339059327,6.10258671459341,21.8995339059327));
#7712=CARTESIAN_POINT('',(-14.4995339059327,12.2051734291868,21.8995339059327));
#7713=CARTESIAN_POINT('Origin',(-14.4995339059327,12.2051734291868,20.8995339059327));
#7714=CARTESIAN_POINT('',(-14.4995339059327,12.8883305579626,21.6298053194516));
#7715=CARTESIAN_POINT('Origin',(-14.4995339059327,12.2051734291868,20.8995339059327));
#7716=CARTESIAN_POINT('',(-14.4995339059327,12.8883305579626,21.6298053194516));
#7717=CARTESIAN_POINT('Origin',(-14.4995339059327,20.0503995234798,14.9298053194516));
#7718=CARTESIAN_POINT('',(-14.4995339059327,20.0503995234798,14.9298053194516));
#7719=CARTESIAN_POINT('',(-14.4995339059327,11.2442619149031,23.1678050177976));
#7720=CARTESIAN_POINT('',(-14.4995339059327,20.0503995234798,14.9298053194516));
#7721=CARTESIAN_POINT('Origin',(-14.4995339059327,19.3672423947041,14.1995339059327));
#7722=CARTESIAN_POINT('',(-14.4995339059327,20.012458637525,13.4355339059327));
#7723=CARTESIAN_POINT('Origin',(-14.4995339059327,19.3672423947041,14.1995339059327));
#7724=CARTESIAN_POINT('Origin',(-15.2635339059327,19.3672423947041,14.1995339059327));
#7725=CARTESIAN_POINT('Origin',(-14.4995339059327,0.,28.7995339059327));
#7726=CARTESIAN_POINT('',(-14.4995339059327,31.6508913956451,13.4355339059327));
#7727=CARTESIAN_POINT('',(-14.4995339059327,0.,13.4355339059327));
#7728=CARTESIAN_POINT('',(-14.4995339059327,31.649087502078,13.4384686001328));
#7729=CARTESIAN_POINT('',(-14.4995339059327,23.884361483988,26.0706420420973));
#7730=CARTESIAN_POINT('',(-14.4995339059327,14.1135169566018,27.6892402187278));
#7731=CARTESIAN_POINT('',(-14.4995339059327,18.3614813659962,24.2370131876651));
#7732=CARTESIAN_POINT('',(-14.4995339059327,12.4229972644764,28.7995339059327));
#7733=CARTESIAN_POINT('Origin',(-14.4995339059327,7.80675888228888,19.9287761480622));
#7734=CARTESIAN_POINT('',(-14.4995339059327,0.,28.7995339059327));
#7735=CARTESIAN_POINT('',(-14.4995339059327,0.,13.4355339059327));
#7736=CARTESIAN_POINT('Origin',(-12.,0.,7.39999983459711));
#7737=CARTESIAN_POINT('',(-12.7298248720783,35.9999991953373,8.12982470667538));
#7738=CARTESIAN_POINT('',(-20.5925530232178,26.3338985628831,15.9925528578149));
#7739=CARTESIAN_POINT('',(-12.,36.,7.39999983459711));
#7740=CARTESIAN_POINT('',(-12.,36.,7.39999983459711));
#7741=CARTESIAN_POINT('',(-12.,0.,7.39999983459711));
#7742=CARTESIAN_POINT('Origin',(-14.4995339059327,31.6526986424816,13.4355339059327));
#7743=CARTESIAN_POINT('',(-14.4974445776484,31.651653649727,13.436383148508));
#7744=CARTESIAN_POINT('',(-14.4995339059327,14.1135169566018,27.6892402187278));
#7745=CARTESIAN_POINT('Origin',(-14.4995339059327,7.80675888228888,19.9287761480622));
#7746=CARTESIAN_POINT('',(-15.7493894244608,12.4232750438275,28.7993893417594));
#7747=CARTESIAN_POINT('Origin',(-16.9992449429889,0.,28.799244777586));
#7748=CARTESIAN_POINT('Origin',(-14.4989250059259,31.6516399511882,13.4349250059259));
#7749=CARTESIAN_POINT('',(-9.2207880144694,36.,11.6388602552054));
#7750=CARTESIAN_POINT('',(-20.0399179223375,24.8397810004259,18.9759179223375));
#7751=CARTESIAN_POINT('Origin',(-8.49962247149445,36.,14.3997669529664));
#7752=CARTESIAN_POINT('',(-9.5,36.,0.));
#7753=CARTESIAN_POINT('',(0.,36.,0.));
#7754=CARTESIAN_POINT('',(-9.5,36.,7.39999983459711));
#7755=CARTESIAN_POINT('',(-9.5,36.,0.));
#7756=CARTESIAN_POINT('',(-9.5,36.,7.39999983459711));
#7757=CARTESIAN_POINT('Origin',(-14.4995339059327,0.,13.4355339059327));
#7758=CARTESIAN_POINT('Origin',(-9.5,0.,7.39999983459711));
#7759=CARTESIAN_POINT('',(-9.5,0.,7.39999983459711));
#7760=CARTESIAN_POINT('Origin',(-9.5,0.,0.));
#7761=CARTESIAN_POINT('',(-9.5,0.,0.));
#7762=CARTESIAN_POINT('Origin',(0.,0.,0.));
#7763=CARTESIAN_POINT('Origin',(-14.4995339059327,-4.,26.8995339059327));
#7764=CARTESIAN_POINT('',(-16.9995339059327,-7.75,26.8995339059327));
#7765=CARTESIAN_POINT('Origin',(-16.9995339059327,-4.,26.8995339059327));
#7766=CARTESIAN_POINT('',(-14.4995339059327,-7.75,26.8995339059327));
#7767=CARTESIAN_POINT('',(-14.4995339059327,-7.75,26.8995339059327));
#7768=CARTESIAN_POINT('Origin',(-14.4995339059327,-4.,26.8995339059327));
#7769=CARTESIAN_POINT('Origin',(-14.4995339059327,-2.,21.8995339059327));
#7770=CARTESIAN_POINT('',(-14.4995339059327,-2.,21.8995339059327));
#7771=CARTESIAN_POINT('',(-14.4995339059327,-4.,21.8995339059327));
#7772=CARTESIAN_POINT('',(-14.4995339059327,-2.,21.8995339059327));
#7773=CARTESIAN_POINT('',(-16.9995339059327,-4.,21.8995339059327));
#7774=CARTESIAN_POINT('',(-14.4995339059327,-4.,21.8995339059327));
#7775=CARTESIAN_POINT('',(-16.9995339059327,-2.,21.8995339059327));
#7776=CARTESIAN_POINT('',(-16.9995339059327,-2.,21.8995339059327));
#7777=CARTESIAN_POINT('',(-14.4995339059327,-2.,21.8995339059327));
#7778=CARTESIAN_POINT('Origin',(-14.4995339059327,-2.,19.8995339059327));
#7779=CARTESIAN_POINT('',(-14.4995339059327,0.,19.8995339059327));
#7780=CARTESIAN_POINT('Origin',(-14.4995339059327,-2.,19.8995339059327));
#7781=CARTESIAN_POINT('',(-16.9995339059327,0.,19.8995339059327));
#7782=CARTESIAN_POINT('Origin',(-16.9995339059327,-2.,19.8995339059327));
#7783=CARTESIAN_POINT('',(-14.4995339059327,0.,19.8995339059327));
#7784=CARTESIAN_POINT('Origin',(-14.4995339059327,0.,28.7995339059327));
#7785=CARTESIAN_POINT('',(-14.4995339059327,0.,28.7995339059327));
#7786=CARTESIAN_POINT('',(-14.4995339059327,0.,28.7995339059327));
#7787=CARTESIAN_POINT('',(-16.9995339059327,0.,28.7995339059327));
#7788=CARTESIAN_POINT('',(-16.9995339059327,0.,28.7995339059327));
#7789=CARTESIAN_POINT('',(-14.4995339059327,0.,28.7995339059327));
#7790=CARTESIAN_POINT('Origin',(-14.4995339059327,12.4229972644764,28.7995339059327));
#7791=CARTESIAN_POINT('',(-14.4995339059327,12.4229972644764,28.7995339059327));
#7792=CARTESIAN_POINT('',(-14.4995339059327,32.9374168244357,28.7995339059327));
#7793=CARTESIAN_POINT('',(-16.9995339059327,12.4229972644764,28.7995339059327));
#7794=CARTESIAN_POINT('',(-16.9995339059327,32.9374168244357,28.7995339059327));
#7795=CARTESIAN_POINT('',(-14.4995339059327,12.4229972644764,28.7995339059327));
#7796=CARTESIAN_POINT('Origin',(-14.4995339059327,7.80675888228888,19.9287761480622));
#7797=CARTESIAN_POINT('',(-14.4995339059327,9.35386274528357,29.8083748057562));
#7798=CARTESIAN_POINT('Origin',(-14.4995339059327,7.80675888228888,19.9287761480622));
#7799=CARTESIAN_POINT('',(-16.9995339059327,9.35386274528357,29.8083748057562));
#7800=CARTESIAN_POINT('Origin',(-16.9995339059327,7.80675888228888,19.9287761480622));
#7801=CARTESIAN_POINT('',(-14.4995339059327,9.35386274528357,29.8083748057562));
#7802=CARTESIAN_POINT('Origin',(-14.4995339059327,-4.,31.8995339059327));
#7803=CARTESIAN_POINT('',(-14.4995339059327,-4.,31.8995339059327));
#7804=CARTESIAN_POINT('',(-14.4995339059327,-4.,31.8995339059327));
#7805=CARTESIAN_POINT('',(-16.9995339059327,-4.,31.8995339059327));
#7806=CARTESIAN_POINT('',(-16.9995339059327,-4.,31.8995339059327));
#7807=CARTESIAN_POINT('',(-14.4995339059327,-4.,31.8995339059327));
#7808=CARTESIAN_POINT('Origin',(-14.4995339059327,-4.,26.8995339059327));
#7809=CARTESIAN_POINT('Origin',(-14.4995339059327,-4.,26.8995339059327));
#7810=CARTESIAN_POINT('Origin',(-16.9995339059327,-4.,26.8995339059327));
#7811=CARTESIAN_POINT('Origin',(-14.4995339059327,1.71149863223822,25.8995339059327));
#7812=CARTESIAN_POINT('Origin',(-16.9995339059327,1.71149863223822,25.8995339059327));
#7813=CARTESIAN_POINT('',(0.,0.,0.));
#7814=CARTESIAN_POINT('Origin',(0.,0.,0.));
#7815=CARTESIAN_POINT('',(-1.9,-2.32682891837997E-16,-0.6));
#7816=CARTESIAN_POINT('Origin',(0.,0.,-0.6));
#7817=CARTESIAN_POINT('',(-1.9,-2.32682891837997E-16,0.));
#7818=CARTESIAN_POINT('',(-1.9,2.32682891837997E-16,0.));
#7819=CARTESIAN_POINT('Origin',(0.,0.,0.));
#7820=CARTESIAN_POINT('Origin',(0.,0.,0.));
#7821=CARTESIAN_POINT('',(-2.75,-3.36777869765522E-16,-0.6));
#7822=CARTESIAN_POINT('Origin',(0.,0.,-0.6));
#7823=CARTESIAN_POINT('',(-2.75,-3.36777869765522E-16,0.));
#7824=CARTESIAN_POINT('',(-2.75,3.36777869765522E-16,0.));
#7825=CARTESIAN_POINT('Origin',(0.,0.,0.));
#7826=CARTESIAN_POINT('Origin',(0.,0.,-0.6));
#7827=CARTESIAN_POINT('Origin',(0.,0.,0.));
#7828=CARTESIAN_POINT('',(-2.,2.87228132326901,0.));
#7829=CARTESIAN_POINT('',(-3.5,-4.28626379701574E-16,0.));
#7830=CARTESIAN_POINT('Origin',(0.,0.,0.));
#7831=CARTESIAN_POINT('',(-2.,8.91,0.));
#7832=CARTESIAN_POINT('',(-2.,8.91,0.));
#7833=CARTESIAN_POINT('',(2.,8.91,0.));
#7834=CARTESIAN_POINT('Origin',(0.,8.91,0.));
#7835=CARTESIAN_POINT('',(2.,2.87228132326901,0.));
#7836=CARTESIAN_POINT('',(2.,2.87228132326901,0.));
#7837=CARTESIAN_POINT('Origin',(0.,0.,0.));
#7838=CARTESIAN_POINT('Origin',(-2.,8.91,0.));
#7839=CARTESIAN_POINT('',(-2.,2.87228132326901,1.6));
#7840=CARTESIAN_POINT('',(-2.,2.87228132326902,0.));
#7841=CARTESIAN_POINT('',(-2.,8.91,1.6));
#7842=CARTESIAN_POINT('',(-2.,8.91,1.6));
#7843=CARTESIAN_POINT('',(-2.,8.91,0.));
#7844=CARTESIAN_POINT('Origin',(0.,8.91,0.));
#7845=CARTESIAN_POINT('',(2.,8.91,1.6));
#7846=CARTESIAN_POINT('Origin',(0.,8.91,1.6));
#7847=CARTESIAN_POINT('',(2.,8.91,0.));
#7848=CARTESIAN_POINT('Origin',(2.,2.87228132326901,0.));
#7849=CARTESIAN_POINT('',(2.,2.87228132326901,1.6));
#7850=CARTESIAN_POINT('',(2.,2.87228132326901,1.6));
#7851=CARTESIAN_POINT('',(2.,2.87228132326901,0.));
#7852=CARTESIAN_POINT('Origin',(0.,6.89114066163451,1.6));
#7853=CARTESIAN_POINT('Origin',(0.,0.,1.6));
#7854=CARTESIAN_POINT('Origin',(0.,0.,0.));
#7855=CARTESIAN_POINT('',(-3.5,-4.28626379701574E-16,8.9));
#7856=CARTESIAN_POINT('Origin',(0.,0.,8.9));
#7857=CARTESIAN_POINT('',(-3.5,-4.28626379701574E-16,0.));
#7858=CARTESIAN_POINT('Origin',(0.,0.,0.));
#7859=CARTESIAN_POINT('',(-1.,-1.22464679914735E-16,5.4));
#7860=CARTESIAN_POINT('Origin',(0.,0.,5.4));
#7861=CARTESIAN_POINT('',(-1.,-1.22464679914735E-16,0.));
#7862=CARTESIAN_POINT('',(-1.,-1.22464679914735E-16,0.));
#7863=CARTESIAN_POINT('Origin',(0.,0.,0.));
#7864=CARTESIAN_POINT('Origin',(0.,0.,5.4));
#7865=CARTESIAN_POINT('',(-1.9,-2.32682891837997E-16,5.4));
#7866=CARTESIAN_POINT('Origin',(0.,0.,5.4));
#7867=CARTESIAN_POINT('Origin',(0.,0.,0.));
#7868=CARTESIAN_POINT('',(-1.9,-2.32682891837997E-16,8.9));
#7869=CARTESIAN_POINT('Origin',(0.,0.,8.9));
#7870=CARTESIAN_POINT('',(-1.9,-2.32682891837997E-16,0.));
#7871=CARTESIAN_POINT('Origin',(0.,0.,8.9));
#7872=CARTESIAN_POINT('Origin',(0.,0.,0.));
#7873=CARTESIAN_POINT('',(0.,0.,0.));
#7874=CARTESIAN_POINT('Origin',(2.00000000000008,29.5999999999995,-5.90000000000014));
#7875=CARTESIAN_POINT('',(2.00000000000008,32.0999999999995,-5.90000000000014));
#7876=CARTESIAN_POINT('Origin',(2.00000000000008,29.5999999999995,-5.90000000000014));
#7877=CARTESIAN_POINT('',(8.29891710907305E-14,32.0999999999995,-5.90000000000014));
#7878=CARTESIAN_POINT('',(2.00000000000008,32.0999999999995,-5.90000000000014));
#7879=CARTESIAN_POINT('Origin',(8.32667268468867E-14,29.5999999999995,-5.90000000000014));
#7880=CARTESIAN_POINT('Origin',(-1.06858966120171E-14,38.5,1.9));
#7881=CARTESIAN_POINT('',(19.,38.5,0.));
#7882=CARTESIAN_POINT('',(11.8,38.5,0.));
#7883=CARTESIAN_POINT('',(-1.06858966120171E-14,38.5,0.));
#7884=CARTESIAN_POINT('',(11.8,38.5,0.399999999999986));
#7885=CARTESIAN_POINT('',(11.8,38.5,-10.1));
#7886=CARTESIAN_POINT('',(30.5,38.5,0.39999999999999));
#7887=CARTESIAN_POINT('',(30.5,38.5,0.399999999999985));
#7888=CARTESIAN_POINT('',(30.5,38.5,0.));
#7889=CARTESIAN_POINT('',(30.5,38.5,1.9));
#7890=CARTESIAN_POINT('',(21.,38.5,0.));
#7891=CARTESIAN_POINT('',(-1.06858966120171E-14,38.5,0.));
#7892=CARTESIAN_POINT('',(-1.06858966120171E-14,38.5,0.));
#7893=CARTESIAN_POINT('Origin',(-1.02695629777827E-14,37.,1.9));
#7894=CARTESIAN_POINT('',(11.8,37.,1.9));
#7895=CARTESIAN_POINT('',(11.8,37.,1.9));
#7896=CARTESIAN_POINT('',(30.5,37.,1.9));
#7897=CARTESIAN_POINT('',(5.5,37.,1.9));
#7898=CARTESIAN_POINT('',(30.5,37.,1.9));
#7899=CARTESIAN_POINT('Origin',(0.,0.,1.9));
#7900=CARTESIAN_POINT('',(11.8,35.,1.9));
#7901=CARTESIAN_POINT('',(11.8,38.5,1.9));
#7902=CARTESIAN_POINT('',(7.3,35.,1.9));
#7903=CARTESIAN_POINT('',(11.8,35.,1.9));
#7904=CARTESIAN_POINT('',(7.3,37.,1.9));
#7905=CARTESIAN_POINT('',(7.3,35.,1.9));
#7906=CARTESIAN_POINT('',(5.5,37.,1.9));
#7907=CARTESIAN_POINT('',(5.5,37.,1.9));
#7908=CARTESIAN_POINT('',(5.5,28.5,1.9));
#7909=CARTESIAN_POINT('',(5.5,0.,1.9));
#7910=CARTESIAN_POINT('',(1.22464679914735E-15,28.5,1.9));
#7911=CARTESIAN_POINT('',(0.,28.5,1.9));
#7912=CARTESIAN_POINT('',(9.98087141305092E-16,24.8,1.9));
#7913=CARTESIAN_POINT('',(-5.2047488963763E-16,3.18698953815649E-32,1.9));
#7914=CARTESIAN_POINT('',(2.5,24.8,1.9));
#7915=CARTESIAN_POINT('',(2.5,24.8,1.9));
#7916=CARTESIAN_POINT('',(6.4,24.8,1.9));
#7917=CARTESIAN_POINT('',(0.,24.8,1.9));
#7918=CARTESIAN_POINT('',(6.4,9.8,1.9));
#7919=CARTESIAN_POINT('',(6.40000000000001,1.11022302462516E-15,1.9));
#7920=CARTESIAN_POINT('',(2.5,9.8,1.9));
#7921=CARTESIAN_POINT('',(-4.35904873450582E-15,9.8,1.9));
#7922=CARTESIAN_POINT('',(7.96020419445743E-17,9.8,1.9));
#7923=CARTESIAN_POINT('',(1.,9.8,1.9));
#7924=CARTESIAN_POINT('',(-9.62964972193618E-32,8.50000000000006,1.9));
#7925=CARTESIAN_POINT('',(-5.2047488963763E-16,3.18698953815649E-32,1.9));
#7926=CARTESIAN_POINT('',(8.50000000000006,0.,1.9));
#7927=CARTESIAN_POINT('Origin',(8.5,8.5,1.9));
#7928=CARTESIAN_POINT('',(27.4999999999999,0.,1.9));
#7929=CARTESIAN_POINT('',(0.,0.,1.9));
#7930=CARTESIAN_POINT('',(36.,8.50000000000006,1.9));
#7931=CARTESIAN_POINT('Origin',(27.5,8.5,1.9));
#7932=CARTESIAN_POINT('',(36.,9.8,1.9));
#7933=CARTESIAN_POINT('',(36.,0.,1.9));
#7934=CARTESIAN_POINT('',(33.5,9.8,1.9));
#7935=CARTESIAN_POINT('',(33.5,9.8,1.9));
#7936=CARTESIAN_POINT('',(29.6,9.8,1.9));
#7937=CARTESIAN_POINT('',(4.35904873450583E-15,9.80000000000001,1.9));
#7938=CARTESIAN_POINT('',(29.6,24.8,1.9));
#7939=CARTESIAN_POINT('',(29.6,0.,1.9));
#7940=CARTESIAN_POINT('',(33.5,24.8,1.9));
#7941=CARTESIAN_POINT('',(0.,24.8,1.9));
#7942=CARTESIAN_POINT('',(36.,24.8,1.9));
#7943=CARTESIAN_POINT('',(35.,24.8,1.9));
#7944=CARTESIAN_POINT('',(36.,28.5,1.9));
#7945=CARTESIAN_POINT('',(36.,0.,1.9));
#7946=CARTESIAN_POINT('',(30.5,28.5,1.9));
#7947=CARTESIAN_POINT('',(-1.79780432964869E-14,28.5,1.9));
#7948=CARTESIAN_POINT('',(30.5,0.,1.9));
#7949=CARTESIAN_POINT('',(25.5,0.8,1.9));
#7950=CARTESIAN_POINT('',(25.5,2.3,1.9));
#7951=CARTESIAN_POINT('',(25.5,0.8,1.9));
#7952=CARTESIAN_POINT('',(10.5,0.8,1.9));
#7953=CARTESIAN_POINT('',(18.,0.8,1.9));
#7954=CARTESIAN_POINT('',(10.5,2.3,1.9));
#7955=CARTESIAN_POINT('',(10.5,2.3,1.9));
#7956=CARTESIAN_POINT('',(25.5,2.3,1.9));
#7957=CARTESIAN_POINT('',(16.8,32.6,1.9));
#7958=CARTESIAN_POINT('',(23.4,32.6,1.9));
#7959=CARTESIAN_POINT('',(16.8,32.6,1.9));
#7960=CARTESIAN_POINT('',(16.8,34.1,1.9));
#7961=CARTESIAN_POINT('',(16.8,34.1,1.9));
#7962=CARTESIAN_POINT('',(23.4,34.1,1.9));
#7963=CARTESIAN_POINT('',(23.4,34.1,1.9));
#7964=CARTESIAN_POINT('',(23.4,32.6,1.9));
#7965=CARTESIAN_POINT('Origin',(0.,0.,0.));
#7966=CARTESIAN_POINT('',(7.3,35.,0.));
#7967=CARTESIAN_POINT('',(11.8,35.,0.));
#7968=CARTESIAN_POINT('',(0.,35.,0.));
#7969=CARTESIAN_POINT('',(11.8,0.,0.));
#7970=CARTESIAN_POINT('',(19.,37.,0.));
#7971=CARTESIAN_POINT('',(19.,40.6,0.));
#7972=CARTESIAN_POINT('',(14.3,37.,0.));
#7973=CARTESIAN_POINT('',(14.3,37.,0.));
#7974=CARTESIAN_POINT('',(14.3,35.8,0.));
#7975=CARTESIAN_POINT('',(14.3,37.,0.));
#7976=CARTESIAN_POINT('',(21.,35.8,0.));
#7977=CARTESIAN_POINT('',(19.,35.8,0.));
#7978=CARTESIAN_POINT('',(21.,35.8,0.));
#7979=CARTESIAN_POINT('',(30.5,28.5,0.));
#7980=CARTESIAN_POINT('',(30.5,0.,0.));
#7981=CARTESIAN_POINT('',(36.,28.5,0.));
#7982=CARTESIAN_POINT('',(-1.79780432964869E-14,28.5,0.));
#7983=CARTESIAN_POINT('',(36.,8.50000000000006,0.));
#7984=CARTESIAN_POINT('',(36.,0.,0.));
#7985=CARTESIAN_POINT('',(27.4999999999999,0.,0.));
#7986=CARTESIAN_POINT('Origin',(27.5,8.5,0.));
#7987=CARTESIAN_POINT('',(8.50000000000006,0.,0.));
#7988=CARTESIAN_POINT('',(0.,0.,0.));
#7989=CARTESIAN_POINT('',(-9.62964972193618E-32,8.50000000000006,0.));
#7990=CARTESIAN_POINT('Origin',(8.5,8.5,0.));
#7991=CARTESIAN_POINT('',(1.15171922636396E-16,10.3809002353427,0.));
#7992=CARTESIAN_POINT('',(-5.2047488963763E-16,3.18698953815649E-32,0.));
#7993=CARTESIAN_POINT('',(2.00000000000005,10.3809002353427,-8.32667268468867E-14));
#7994=CARTESIAN_POINT('',(2.00000000000005,10.3809002353427,-8.32667268468867E-14));
#7995=CARTESIAN_POINT('',(2.00000000000005,28.3809002353429,-8.32667268468867E-14));
#7996=CARTESIAN_POINT('',(2.,-1.22464679914736E-16,0.));
#7997=CARTESIAN_POINT('',(4.85722573273506E-14,28.3809002353429,-8.32667268468867E-14));
#7998=CARTESIAN_POINT('',(2.00000000000005,28.3809002353429,-8.32667268468867E-14));
#7999=CARTESIAN_POINT('',(1.22464679914735E-15,28.5,0.));
#8000=CARTESIAN_POINT('',(-5.2047488963763E-16,3.18698953815649E-32,0.));
#8001=CARTESIAN_POINT('',(5.5,28.5,0.));
#8002=CARTESIAN_POINT('',(0.,28.5,0.));
#8003=CARTESIAN_POINT('',(5.5,38.5,0.));
#8004=CARTESIAN_POINT('',(5.5,0.,0.));
#8005=CARTESIAN_POINT('',(7.3,38.5,0.));
#8006=CARTESIAN_POINT('',(-1.06858966120171E-14,38.5,0.));
#8007=CARTESIAN_POINT('',(7.3,0.,0.));
#8008=CARTESIAN_POINT('',(33.5,9.8,0.));
#8009=CARTESIAN_POINT('',(29.6,9.8,0.));
#8010=CARTESIAN_POINT('',(4.35904873450583E-15,9.80000000000001,0.));
#8011=CARTESIAN_POINT('',(33.5,24.8,0.));
#8012=CARTESIAN_POINT('',(33.5,0.,0.));
#8013=CARTESIAN_POINT('',(29.6,24.8,0.));
#8014=CARTESIAN_POINT('',(0.,24.8,0.));
#8015=CARTESIAN_POINT('',(29.6,0.,0.));
#8016=CARTESIAN_POINT('',(6.4,24.8,0.));
#8017=CARTESIAN_POINT('',(2.5,24.8,0.));
#8018=CARTESIAN_POINT('',(0.,24.8,0.));
#8019=CARTESIAN_POINT('',(2.5,9.8,0.));
#8020=CARTESIAN_POINT('',(2.50000000000001,6.50521303491304E-16,0.));
#8021=CARTESIAN_POINT('',(6.4,9.8,0.));
#8022=CARTESIAN_POINT('',(-4.35904873450582E-15,9.8,0.));
#8023=CARTESIAN_POINT('',(6.40000000000001,1.11022302462516E-15,0.));
#8024=CARTESIAN_POINT('',(21.,3.,0.));
#8025=CARTESIAN_POINT('',(19.,3.,0.));
#8026=CARTESIAN_POINT('',(19.,3.,0.));
#8027=CARTESIAN_POINT('',(21.,12.,0.));
#8028=CARTESIAN_POINT('',(21.,3.,0.));
#8029=CARTESIAN_POINT('',(19.,12.,0.));
#8030=CARTESIAN_POINT('',(21.,12.,0.));
#8031=CARTESIAN_POINT('',(19.,12.,0.));
#8032=CARTESIAN_POINT('Origin',(4.35904873450583E-15,9.80000000000001,1.9));
#8033=CARTESIAN_POINT('',(29.6,9.8,1.9));
#8034=CARTESIAN_POINT('',(33.5,9.8,1.9));
#8035=CARTESIAN_POINT('Origin',(29.6,0.,1.9));
#8036=CARTESIAN_POINT('',(29.6,24.8,1.9));
#8037=CARTESIAN_POINT('Origin',(0.,24.8,1.9));
#8038=CARTESIAN_POINT('',(33.5,24.8,1.9));
#8039=CARTESIAN_POINT('Origin',(0.,24.8,1.9));
#8040=CARTESIAN_POINT('',(6.4,24.8,1.9));
#8041=CARTESIAN_POINT('',(2.5,24.8,1.9));
#8042=CARTESIAN_POINT('Origin',(6.40000000000001,1.11022302462516E-15,1.9));
#8043=CARTESIAN_POINT('',(6.4,9.8,1.9));
#8044=CARTESIAN_POINT('Origin',(-4.35904873450582E-15,9.8,1.9));
#8045=CARTESIAN_POINT('',(2.5,9.8,1.9));
#8046=CARTESIAN_POINT('Origin',(8.5,8.5,1.9));
#8047=CARTESIAN_POINT('',(8.50000000000006,0.,1.9));
#8048=CARTESIAN_POINT('',(-9.62964972193618E-32,8.50000000000006,1.9));
#8049=CARTESIAN_POINT('Origin',(0.,0.,1.9));
#8050=CARTESIAN_POINT('',(27.4999999999999,0.,1.9));
#8051=CARTESIAN_POINT('Origin',(27.5,8.5,1.9));
#8052=CARTESIAN_POINT('',(36.,8.50000000000006,1.9));
#8053=CARTESIAN_POINT('Origin',(36.,0.,1.9));
#8054=CARTESIAN_POINT('',(36.,28.5,1.9));
#8055=CARTESIAN_POINT('',(36.,0.,1.9));
#8056=CARTESIAN_POINT('Origin',(-1.79780432964869E-14,28.5,1.9));
#8057=CARTESIAN_POINT('',(30.5,28.5,1.9));
#8058=CARTESIAN_POINT('Origin',(30.5,0.,1.9));
#8059=CARTESIAN_POINT('Origin',(-1.06858966120171E-14,38.5,1.9));
#8060=CARTESIAN_POINT('',(5.5,38.5,0.399999999999985));
#8061=CARTESIAN_POINT('',(7.3,38.5,0.399999999999985));
#8062=CARTESIAN_POINT('',(30.5,38.5,0.399999999999985));
#8063=CARTESIAN_POINT('',(7.3,38.5,-10.1));
#8064=CARTESIAN_POINT('',(5.5,38.5,1.9));
#8065=CARTESIAN_POINT('Origin',(5.5,0.,1.9));
#8066=CARTESIAN_POINT('',(5.5,18.5,20.4));
#8067=CARTESIAN_POINT('',(5.5,28.5,1.9));
#8068=CARTESIAN_POINT('Origin',(0.,28.5,1.9));
#8069=CARTESIAN_POINT('',(1.22464679914735E-15,28.5,1.9));
#8070=CARTESIAN_POINT('Origin',(2.50000000000001,6.50521303491304E-16,1.9));
#8071=CARTESIAN_POINT('',(2.5,9.8,11.9));
#8072=CARTESIAN_POINT('',(2.5,24.8,11.9));
#8073=CARTESIAN_POINT('',(2.5,7.3,11.9));
#8074=CARTESIAN_POINT('',(2.5,9.8,13.9));
#8075=CARTESIAN_POINT('',(2.5,24.8,13.9));
#8076=CARTESIAN_POINT('Origin',(-5.2047488963763E-16,3.18698953815649E-32,
1.9));
#8077=CARTESIAN_POINT('',(4.37146059676331E-14,31.8499999999994,-2.00288568297009));
#8078=CARTESIAN_POINT('',(3.46944695195361E-14,7.0952250588356,12.2892902930393));
#8079=CARTESIAN_POINT('',(5.34299086870681E-14,27.3499999999994,-9.79711431703006));
#8080=CARTESIAN_POINT('Origin',(8.32667268468867E-14,29.5999999999995,-5.90000000000014));
#8081=CARTESIAN_POINT('',(0.,2.59522505883564,4.4950616589793));
#8082=CARTESIAN_POINT('',(-5.2047488963763E-16,3.18698953815649E-32,1.9));
#8083=CARTESIAN_POINT('Origin',(33.5,0.,1.9));
#8084=CARTESIAN_POINT('',(33.5,9.8,11.9));
#8085=CARTESIAN_POINT('',(33.5,9.8,13.9));
#8086=CARTESIAN_POINT('',(33.5,24.8,11.9));
#8087=CARTESIAN_POINT('',(33.5,7.3,11.9));
#8088=CARTESIAN_POINT('',(33.5,24.8,13.9));
#8089=CARTESIAN_POINT('Origin',(18.,0.8,4.9));
#8090=CARTESIAN_POINT('',(25.5,0.8,4.9));
#8091=CARTESIAN_POINT('',(25.5,0.8,4.9));
#8092=CARTESIAN_POINT('',(10.5,0.8,4.9));
#8093=CARTESIAN_POINT('',(10.5,0.8,4.9));
#8094=CARTESIAN_POINT('',(10.5,0.8,4.9));
#8095=CARTESIAN_POINT('Origin',(25.5,0.8,4.9));
#8096=CARTESIAN_POINT('',(25.5,2.3,4.4));
#8097=CARTESIAN_POINT('',(25.5,2.3,4.9));
#8098=CARTESIAN_POINT('',(25.5,1.8,4.9));
#8099=CARTESIAN_POINT('',(25.5,1.8,4.9));
#8100=CARTESIAN_POINT('',(25.5,0.8,4.9));
#8101=CARTESIAN_POINT('Origin',(25.5,2.3,4.9));
#8102=CARTESIAN_POINT('',(10.5,2.3,4.4));
#8103=CARTESIAN_POINT('',(10.5,2.3,4.9));
#8104=CARTESIAN_POINT('',(25.5,2.3,4.4));
#8105=CARTESIAN_POINT('Origin',(10.5,2.3,4.9));
#8106=CARTESIAN_POINT('',(10.5,1.8,4.9));
#8107=CARTESIAN_POINT('',(10.5,2.3,4.9));
#8108=CARTESIAN_POINT('',(10.5,1.8,4.9));
#8109=CARTESIAN_POINT('Origin',(0.,0.,4.9));
#8110=CARTESIAN_POINT('',(10.5,1.8,4.9));
#8111=CARTESIAN_POINT('Origin',(16.8,34.1,4.9));
#8112=CARTESIAN_POINT('',(16.8,32.6,4.4));
#8113=CARTESIAN_POINT('',(16.8,32.6,4.9));
#8114=CARTESIAN_POINT('',(16.8,33.1,4.9));
#8115=CARTESIAN_POINT('',(16.8,33.1,4.9));
#8116=CARTESIAN_POINT('',(16.8,34.1,4.9));
#8117=CARTESIAN_POINT('',(16.8,34.1,4.9));
#8118=CARTESIAN_POINT('',(16.8,34.1,4.9));
#8119=CARTESIAN_POINT('Origin',(16.8,32.6,4.9));
#8120=CARTESIAN_POINT('',(23.4,32.6,4.4));
#8121=CARTESIAN_POINT('',(23.4,32.6,4.9));
#8122=CARTESIAN_POINT('',(16.8,32.6,4.4));
#8123=CARTESIAN_POINT('Origin',(23.4,32.6,4.9));
#8124=CARTESIAN_POINT('',(23.4,33.1,4.9));
#8125=CARTESIAN_POINT('',(23.4,34.1,4.9));
#8126=CARTESIAN_POINT('',(23.4,32.6,4.9));
#8127=CARTESIAN_POINT('',(23.4,33.1,4.9));
#8128=CARTESIAN_POINT('',(23.4,34.1,4.9));
#8129=CARTESIAN_POINT('Origin',(23.4,34.1,4.9));
#8130=CARTESIAN_POINT('',(23.4,34.1,4.9));
#8131=CARTESIAN_POINT('Origin',(0.,0.,4.9));
#8132=CARTESIAN_POINT('',(23.4,33.1,4.9));
#8133=CARTESIAN_POINT('Origin',(0.,33.1,4.9));
#8134=CARTESIAN_POINT('Origin',(-2.08166817117217E-16,1.8,4.9));
#8135=CARTESIAN_POINT('Origin',(19.,3.,-8.6));
#8136=CARTESIAN_POINT('',(19.,3.,-8.6));
#8137=CARTESIAN_POINT('',(19.,3.,-8.6));
#8138=CARTESIAN_POINT('',(21.,3.,-8.6));
#8139=CARTESIAN_POINT('',(19.,3.,-8.6));
#8140=CARTESIAN_POINT('',(21.,3.,-8.6));
#8141=CARTESIAN_POINT('Origin',(19.,12.,-8.6));
#8142=CARTESIAN_POINT('',(19.,12.,-8.6));
#8143=CARTESIAN_POINT('',(19.,12.,-8.6));
#8144=CARTESIAN_POINT('',(19.,12.,-8.6));
#8145=CARTESIAN_POINT('Origin',(21.,12.,-8.6));
#8146=CARTESIAN_POINT('',(21.,12.,-8.6));
#8147=CARTESIAN_POINT('',(21.,12.,-8.6));
#8148=CARTESIAN_POINT('',(21.,12.,-8.6));
#8149=CARTESIAN_POINT('Origin',(21.,3.,-8.6));
#8150=CARTESIAN_POINT('',(21.,3.,-8.6));
#8151=CARTESIAN_POINT('Origin',(0.,0.,-8.6));
#8152=CARTESIAN_POINT('Origin',(0.,0.,0.));
#8153=CARTESIAN_POINT('',(21.,40.6,0.));
#8154=CARTESIAN_POINT('',(21.,35.8,0.));
#8155=CARTESIAN_POINT('',(19.,40.6,0.));
#8156=CARTESIAN_POINT('',(21.,40.6,0.));
#8157=CARTESIAN_POINT('',(19.,40.6,0.));
#8158=CARTESIAN_POINT('Origin',(19.,35.8,-8.6));
#8159=CARTESIAN_POINT('',(19.,35.8,-5.7));
#8160=CARTESIAN_POINT('',(19.,35.8,-5.7));
#8161=CARTESIAN_POINT('',(19.,35.8,-8.6));
#8162=CARTESIAN_POINT('',(19.,35.8,-8.6));
#8163=CARTESIAN_POINT('',(21.,35.8,-8.6));
#8164=CARTESIAN_POINT('',(19.,35.8,-8.6));
#8165=CARTESIAN_POINT('',(21.,35.8,-8.6));
#8166=CARTESIAN_POINT('Origin',(19.,40.6,-8.6));
#8167=CARTESIAN_POINT('',(19.,37.,-5.7));
#8168=CARTESIAN_POINT('',(19.,37.,-5.7));
#8169=CARTESIAN_POINT('',(19.,37.,0.));
#8170=CARTESIAN_POINT('',(19.,40.6,-8.6));
#8171=CARTESIAN_POINT('',(19.,40.6,-8.6));
#8172=CARTESIAN_POINT('',(19.,40.6,-8.6));
#8173=CARTESIAN_POINT('Origin',(21.,40.6,-8.6));
#8174=CARTESIAN_POINT('',(21.,40.6,-8.6));
#8175=CARTESIAN_POINT('',(21.,40.6,-8.6));
#8176=CARTESIAN_POINT('',(21.,40.6,-8.6));
#8177=CARTESIAN_POINT('Origin',(21.,35.8,-8.6));
#8178=CARTESIAN_POINT('',(21.,35.8,-8.6));
#8179=CARTESIAN_POINT('Origin',(0.,0.,-8.6));
#8180=CARTESIAN_POINT('Origin',(19.,37.,-5.7));
#8181=CARTESIAN_POINT('',(19.,37.,-5.7));
#8182=CARTESIAN_POINT('Origin',(0.,37.,0.));
#8183=CARTESIAN_POINT('Origin',(2.00000000000003,7.0952250588356,12.2892902930393));
#8184=CARTESIAN_POINT('',(2.00000000000004,31.8499999999994,-2.00288568297009));
#8185=CARTESIAN_POINT('',(2.00000000000003,7.0952250588356,12.2892902930393));
#8186=CARTESIAN_POINT('',(2.00000000000004,31.8499999999994,-2.00288568297009));
#8187=CARTESIAN_POINT('Origin',(2.,2.59522505883564,4.4950616589793));
#8188=CARTESIAN_POINT('',(2.00000000000005,27.3499999999994,-9.79711431703006));
#8189=CARTESIAN_POINT('',(2.00000000000005,27.3499999999994,-9.79711431703006));
#8190=CARTESIAN_POINT('',(2.,2.59522505883564,4.4950616589793));
#8191=CARTESIAN_POINT('Origin',(2.00000000000008,29.5999999999995,-5.90000000000014));
#8192=CARTESIAN_POINT('Origin',(2.00000000000008,29.5999999999995,-5.90000000000014));
#8193=CARTESIAN_POINT('Origin',(2.,-1.22464679914736E-16,0.));
#8194=CARTESIAN_POINT('Origin',(2.5,24.8,13.9));
#8195=CARTESIAN_POINT('',(1.,24.8,2.90000000000001));
#8196=CARTESIAN_POINT('',(7.24999999999999,24.8,9.15000000000005));
#8197=CARTESIAN_POINT('',(1.,24.8,13.9));
#8198=CARTESIAN_POINT('',(1.,24.8,13.9));
#8199=CARTESIAN_POINT('',(2.5,24.8,13.9));
#8200=CARTESIAN_POINT('',(2.5,24.8,13.9));
#8201=CARTESIAN_POINT('',(4.,24.8,11.9));
#8202=CARTESIAN_POINT('',(4.,24.8,11.9));
#8203=CARTESIAN_POINT('',(2.5,24.8,11.9));
#8204=CARTESIAN_POINT('Origin',(1.,24.8,13.9));
#8205=CARTESIAN_POINT('',(1.,9.8,2.90000000000001));
#8206=CARTESIAN_POINT('',(1.,24.8,2.90000000000001));
#8207=CARTESIAN_POINT('',(1.,9.8,13.9));
#8208=CARTESIAN_POINT('',(1.,9.8,13.9));
#8209=CARTESIAN_POINT('',(1.,24.8,13.9));
#8210=CARTESIAN_POINT('Origin',(1.,9.8,13.9));
#8211=CARTESIAN_POINT('',(4.,9.8,11.9));
#8212=CARTESIAN_POINT('',(2.5,9.8,11.9));
#8213=CARTESIAN_POINT('',(2.5,9.8,13.9));
#8214=CARTESIAN_POINT('',(4.,9.8,11.9));
#8215=CARTESIAN_POINT('',(1.,9.8,13.9));
#8216=CARTESIAN_POINT('',(6.5,9.8,8.40000000000005));
#8217=CARTESIAN_POINT('Origin',(0.,0.,13.9));
#8218=CARTESIAN_POINT('',(2.5,9.8,13.9));
#8219=CARTESIAN_POINT('Origin',(35.,24.8,13.9));
#8220=CARTESIAN_POINT('',(32.,24.8,11.9));
#8221=CARTESIAN_POINT('',(33.5,24.8,11.9));
#8222=CARTESIAN_POINT('',(33.5,24.8,13.9));
#8223=CARTESIAN_POINT('',(32.,24.8,11.9));
#8224=CARTESIAN_POINT('',(35.,24.8,13.9));
#8225=CARTESIAN_POINT('',(35.,24.8,13.9));
#8226=CARTESIAN_POINT('',(35.,24.8,2.90000000000002));
#8227=CARTESIAN_POINT('',(35.,24.8,13.9));
#8228=CARTESIAN_POINT('',(29.5,24.8,8.40000000000005));
#8229=CARTESIAN_POINT('Origin',(33.5,9.8,13.9));
#8230=CARTESIAN_POINT('',(35.,9.8,2.90000000000002));
#8231=CARTESIAN_POINT('',(28.75,9.8,9.15000000000005));
#8232=CARTESIAN_POINT('',(35.,9.8,13.9));
#8233=CARTESIAN_POINT('',(35.,9.8,13.9));
#8234=CARTESIAN_POINT('',(33.5,9.8,13.9));
#8235=CARTESIAN_POINT('',(33.5,9.8,13.9));
#8236=CARTESIAN_POINT('',(32.,9.8,11.9));
#8237=CARTESIAN_POINT('',(32.,9.8,11.9));
#8238=CARTESIAN_POINT('',(33.5,9.8,11.9));
#8239=CARTESIAN_POINT('Origin',(35.,9.8,13.9));
#8240=CARTESIAN_POINT('',(35.,9.8,2.90000000000002));
#8241=CARTESIAN_POINT('',(35.,9.8,13.9));
#8242=CARTESIAN_POINT('Origin',(0.,0.,13.9));
#8243=CARTESIAN_POINT('',(33.5,24.8,13.9));
#8244=CARTESIAN_POINT('Origin',(1.,24.8,2.90000000000001));
#8245=CARTESIAN_POINT('Origin',(35.,9.8,2.90000000000002));
#8246=CARTESIAN_POINT('Origin',(-1.02695629777827E-14,37.,1.9));
#8247=CARTESIAN_POINT('',(7.3,37.,1.9));
#8248=CARTESIAN_POINT('Origin',(11.8,35.,-10.1));
#8249=CARTESIAN_POINT('',(7.3,35.,-10.1));
#8250=CARTESIAN_POINT('',(11.8,35.,-10.1));
#8251=CARTESIAN_POINT('Origin',(11.8,38.5,-10.1));
#8252=CARTESIAN_POINT('Origin',(7.3,35.,-10.1));
#8253=CARTESIAN_POINT('Origin',(2.5,7.3,11.9));
#8254=CARTESIAN_POINT('',(4.,7.3,11.9));
#8255=CARTESIAN_POINT('Origin',(4.,7.3,11.9));
#8256=CARTESIAN_POINT('Origin',(32.,7.3,11.9));
#8257=CARTESIAN_POINT('',(32.,7.3,11.9));
#8258=CARTESIAN_POINT('Origin',(33.5,7.3,11.9));
#8259=CARTESIAN_POINT('',(17.0000002533197,14.7,3.));
#8260=CARTESIAN_POINT('',(0.,0.,0.));
#8261=CARTESIAN_POINT('',(10.9898398088549,32.2626869080958,-8.70000067055255));
#8262=CARTESIAN_POINT('',(17.9505417976488,38.5564240986056,16.3000000000002));
#8263=CARTESIAN_POINT('',(15.7505849829213,38.5426395661661,16.3000000000002));
#8264=CARTESIAN_POINT('',(34.3246909999,42.6591000831622,43.3182232213382));
#8265=CARTESIAN_POINT('',(-0.889012978522761,12.8378763349865,49.0994464592739));
#8266=UNCERTAINTY_MEASURE_WITH_UNIT(LENGTH_MEASURE(0.01),#8284,
'DISTANCE_ACCURACY_VALUE',
'Maximum model space distance between geometric entities at asserted c
onnectivities');
#8267=UNCERTAINTY_MEASURE_WITH_UNIT(LENGTH_MEASURE(0.01),#8284,
'DISTANCE_ACCURACY_VALUE',
'Maximum model space distance between geometric entities at asserted c
onnectivities');
#8268=UNCERTAINTY_MEASURE_WITH_UNIT(LENGTH_MEASURE(0.01),#8284,
'DISTANCE_ACCURACY_VALUE',
'Maximum model space distance between geometric entities at asserted c
onnectivities');
#8269=UNCERTAINTY_MEASURE_WITH_UNIT(LENGTH_MEASURE(0.01),#8284,
'DISTANCE_ACCURACY_VALUE',
'Maximum model space distance between geometric entities at asserted c
onnectivities');
#8270=UNCERTAINTY_MEASURE_WITH_UNIT(LENGTH_MEASURE(0.01),#8284,
'DISTANCE_ACCURACY_VALUE',
'Maximum model space distance between geometric entities at asserted c
onnectivities');
#8271=UNCERTAINTY_MEASURE_WITH_UNIT(LENGTH_MEASURE(0.01),#8284,
'DISTANCE_ACCURACY_VALUE',
'Maximum model space distance between geometric entities at asserted c
onnectivities');
#8272=UNCERTAINTY_MEASURE_WITH_UNIT(LENGTH_MEASURE(0.01),#8284,
'DISTANCE_ACCURACY_VALUE',
'Maximum model space distance between geometric entities at asserted c
onnectivities');
#8273=UNCERTAINTY_MEASURE_WITH_UNIT(LENGTH_MEASURE(0.01),#8284,
'DISTANCE_ACCURACY_VALUE',
'Maximum model space distance between geometric entities at asserted c
onnectivities');
#8274=UNCERTAINTY_MEASURE_WITH_UNIT(LENGTH_MEASURE(0.01),#8284,
'DISTANCE_ACCURACY_VALUE',
'Maximum model space distance between geometric entities at asserted c
onnectivities');
#8275=(
GEOMETRIC_REPRESENTATION_CONTEXT(3)
GLOBAL_UNCERTAINTY_ASSIGNED_CONTEXT((#8266))
GLOBAL_UNIT_ASSIGNED_CONTEXT((#8284,#8286,#8287))
REPRESENTATION_CONTEXT('','3D')
);
#8276=(
GEOMETRIC_REPRESENTATION_CONTEXT(3)
GLOBAL_UNCERTAINTY_ASSIGNED_CONTEXT((#8267))
GLOBAL_UNIT_ASSIGNED_CONTEXT((#8284,#8286,#8287))
REPRESENTATION_CONTEXT('','3D')
);
#8277=(
GEOMETRIC_REPRESENTATION_CONTEXT(3)
GLOBAL_UNCERTAINTY_ASSIGNED_CONTEXT((#8268))
GLOBAL_UNIT_ASSIGNED_CONTEXT((#8284,#8286,#8287))
REPRESENTATION_CONTEXT('','3D')
);
#8278=(
GEOMETRIC_REPRESENTATION_CONTEXT(3)
GLOBAL_UNCERTAINTY_ASSIGNED_CONTEXT((#8269))
GLOBAL_UNIT_ASSIGNED_CONTEXT((#8284,#8286,#8287))
REPRESENTATION_CONTEXT('','3D')
);
#8279=(
GEOMETRIC_REPRESENTATION_CONTEXT(3)
GLOBAL_UNCERTAINTY_ASSIGNED_CONTEXT((#8270))
GLOBAL_UNIT_ASSIGNED_CONTEXT((#8284,#8286,#8287))
REPRESENTATION_CONTEXT('','3D')
);
#8280=(
GEOMETRIC_REPRESENTATION_CONTEXT(3)
GLOBAL_UNCERTAINTY_ASSIGNED_CONTEXT((#8271))
GLOBAL_UNIT_ASSIGNED_CONTEXT((#8284,#8286,#8287))
REPRESENTATION_CONTEXT('','3D')
);
#8281=(
GEOMETRIC_REPRESENTATION_CONTEXT(3)
GLOBAL_UNCERTAINTY_ASSIGNED_CONTEXT((#8272))
GLOBAL_UNIT_ASSIGNED_CONTEXT((#8284,#8286,#8287))
REPRESENTATION_CONTEXT('','3D')
);
#8282=(
GEOMETRIC_REPRESENTATION_CONTEXT(3)
GLOBAL_UNCERTAINTY_ASSIGNED_CONTEXT((#8273))
GLOBAL_UNIT_ASSIGNED_CONTEXT((#8284,#8286,#8287))
REPRESENTATION_CONTEXT('','3D')
);
#8283=(
GEOMETRIC_REPRESENTATION_CONTEXT(3)
GLOBAL_UNCERTAINTY_ASSIGNED_CONTEXT((#8274))
GLOBAL_UNIT_ASSIGNED_CONTEXT((#8284,#8286,#8287))
REPRESENTATION_CONTEXT('','3D')
);
#8284=(
LENGTH_UNIT()
NAMED_UNIT(*)
SI_UNIT(.MILLI.,.METRE.)
);
#8285=(
LENGTH_UNIT()
NAMED_UNIT(*)
SI_UNIT($,.METRE.)
);
#8286=(
NAMED_UNIT(*)
PLANE_ANGLE_UNIT()
SI_UNIT($,.RADIAN.)
);
#8287=(
NAMED_UNIT(*)
SI_UNIT($,.STERADIAN.)
SOLID_ANGLE_UNIT()
);
#8288=SHAPE_DEFINITION_REPRESENTATION(#8296,#8311);
#8289=SHAPE_DEFINITION_REPRESENTATION(#8297,#8312);
#8290=SHAPE_DEFINITION_REPRESENTATION(#8298,#8313);
#8291=SHAPE_DEFINITION_REPRESENTATION(#8299,#8314);
#8292=SHAPE_DEFINITION_REPRESENTATION(#8300,#8315);
#8293=SHAPE_DEFINITION_REPRESENTATION(#8301,#8316);
#8294=SHAPE_DEFINITION_REPRESENTATION(#8302,#8317);
#8295=SHAPE_DEFINITION_REPRESENTATION(#8303,#8318);
#8296=PRODUCT_DEFINITION_SHAPE('',$,#8320);
#8297=PRODUCT_DEFINITION_SHAPE('',$,#8321);
#8298=PRODUCT_DEFINITION_SHAPE('',$,#8322);
#8299=PRODUCT_DEFINITION_SHAPE('',$,#8323);
#8300=PRODUCT_DEFINITION_SHAPE('',$,#8324);
#8301=PRODUCT_DEFINITION_SHAPE('',$,#8325);
#8302=PRODUCT_DEFINITION_SHAPE('',$,#8326);
#8303=PRODUCT_DEFINITION_SHAPE('',$,#8327);
#8304=PRODUCT_DEFINITION_SHAPE($,$,#32);
#8305=PRODUCT_DEFINITION_SHAPE($,$,#33);
#8306=PRODUCT_DEFINITION_SHAPE($,$,#34);
#8307=PRODUCT_DEFINITION_SHAPE($,$,#35);
#8308=PRODUCT_DEFINITION_SHAPE($,$,#36);
#8309=PRODUCT_DEFINITION_SHAPE($,$,#37);
#8310=PRODUCT_DEFINITION_SHAPE($,$,#38);
#8311=SHAPE_REPRESENTATION('',(#5029,#5453,#5454,#5455,#5456,#5457,#5458,
#5459),#8275);
#8312=SHAPE_REPRESENTATION('',(#5030),#8276);
#8313=SHAPE_REPRESENTATION('',(#5083),#8277);
#8314=SHAPE_REPRESENTATION('',(#5170),#8278);
#8315=SHAPE_REPRESENTATION('',(#5226),#8279);
#8316=SHAPE_REPRESENTATION('',(#5279),#8280);
#8317=SHAPE_REPRESENTATION('',(#5345),#8281);
#8318=SHAPE_REPRESENTATION('',(#5374),#8282);
#8319=PRODUCT_DEFINITION_CONTEXT('part definition',#8345,'design');
#8320=PRODUCT_DEFINITION('2026-09-01-13-39-46-550','Pan-Tilt',#8328,#8319);
#8321=PRODUCT_DEFINITION('2026-08-26-16-07-07-120',
'Pan-Tilt base-connector',#8329,#8319);
#8322=PRODUCT_DEFINITION('2026-08-26-15-50-39-888','Pan-Tilt Base',#8330,
#8319);
#8323=PRODUCT_DEFINITION('2026-08-27-13-44-28-463','Pan-Tilt Main Body',
#8331,#8319);
#8324=PRODUCT_DEFINITION('2026-08-27-14-04-08-856',
'Pan-Tilt Left Domsdlay',#8332,#8319);
#8325=PRODUCT_DEFINITION('2026-08-29-11-22-44-059',
'Pan-Tilt Right Domsdlay',#8333,#8319);
#8326=PRODUCT_DEFINITION('2026-08-27-14-23-05-554','Pan-Tilt Horn',#8334,
#8319);
#8327=PRODUCT_DEFINITION('2026-09-01-16-31-33-289','pantilt_3_Domyslna',
#8335,#8319);
#8328=PRODUCT_DEFINITION_FORMATION('',$,#8347);
#8329=PRODUCT_DEFINITION_FORMATION('',$,#8348);
#8330=PRODUCT_DEFINITION_FORMATION('',$,#8349);
#8331=PRODUCT_DEFINITION_FORMATION('',$,#8350);
#8332=PRODUCT_DEFINITION_FORMATION('',$,#8351);
#8333=PRODUCT_DEFINITION_FORMATION('',$,#8352);
#8334=PRODUCT_DEFINITION_FORMATION('',$,#8353);
#8335=PRODUCT_DEFINITION_FORMATION('',$,#8354);
#8336=PRODUCT_RELATED_PRODUCT_CATEGORY('Pan-Tilt','Pan-Tilt',(#8347));
#8337=PRODUCT_RELATED_PRODUCT_CATEGORY('Pan-Tilt base-connector',
'Pan-Tilt base-connector',(#8348));
#8338=PRODUCT_RELATED_PRODUCT_CATEGORY('Pan-Tilt Base','Pan-Tilt Base',
(#8349));
#8339=PRODUCT_RELATED_PRODUCT_CATEGORY('Pan-Tilt Main Body',
'Pan-Tilt Main Body',(#8350));
#8340=PRODUCT_RELATED_PRODUCT_CATEGORY('Pan-Tilt Left Domsdlay',
'Pan-Tilt Left Domsdlay',(#8351));
#8341=PRODUCT_RELATED_PRODUCT_CATEGORY('Pan-Tilt Right Domsdlay',
'Pan-Tilt Right Domsdlay',(#8352));
#8342=PRODUCT_RELATED_PRODUCT_CATEGORY('Pan-Tilt Horn','Pan-Tilt Horn',
(#8353));
#8343=PRODUCT_RELATED_PRODUCT_CATEGORY('pantilt_3_Domyslna',
'pantilt_3_Domyslna',(#8354));
#8344=APPLICATION_PROTOCOL_DEFINITION('international standard',
'automotive_design',2009,#8345);
#8345=APPLICATION_CONTEXT(
'Core Data for Automotive Mechanical Design Process');
#8346=PRODUCT_CONTEXT('part definition',#8345,'mechanical');
#8347=PRODUCT('2026-09-01-13-39-46-550','Pan-Tilt',$,(#8346));
#8348=PRODUCT('2026-08-26-16-07-07-120','Pan-Tilt base-connector',$,(#8346));
#8349=PRODUCT('2026-08-26-15-50-39-888','Pan-Tilt Base',$,(#8346));
#8350=PRODUCT('2026-08-27-13-44-28-463','Pan-Tilt Main Body',$,(#8346));
#8351=PRODUCT('2026-08-27-14-04-08-856','Pan-Tilt Left Domsdlay',$,(#8346));
#8352=PRODUCT('2026-08-29-11-22-44-059','Pan-Tilt Right Domsdlay',$,(#8346));
#8353=PRODUCT('2026-08-27-14-23-05-554','Pan-Tilt Horn',$,(#8346));
#8354=PRODUCT('2026-09-01-16-31-33-289','pantilt_3_Domyslna',$,(#8346));
#8355=PRESENTATION_STYLE_ASSIGNMENT((#8357));
#8356=PRESENTATION_STYLE_ASSIGNMENT((#8358));
#8357=SURFACE_STYLE_USAGE(.BOTH.,#8359);
#8358=SURFACE_STYLE_USAGE(.BOTH.,#8360);
#8359=SURFACE_SIDE_STYLE('',(#8361));
#8360=SURFACE_SIDE_STYLE('',(#8362));
#8361=SURFACE_STYLE_FILL_AREA(#8363);
#8362=SURFACE_STYLE_FILL_AREA(#8364);
#8363=FILL_AREA_STYLE('Steel - Satin',(#8365));
#8364=FILL_AREA_STYLE('Opaque(26,26,26)',(#8366));
#8365=FILL_AREA_STYLE_COLOUR('Steel - Satin',#8367);
#8366=FILL_AREA_STYLE_COLOUR('Opaque(26,26,26)',#8368);
#8367=COLOUR_RGB('Steel - Satin',0.627450980392157,0.627450980392157,0.627450980392157);
#8368=COLOUR_RGB('Opaque(26,26,26)',0.101960784313725,0.101960784313725,
0.101960784313725);
ENDSEC;
END-ISO-10303-21;
